institute,program,paper,category,round,openScore,closeScore
IIT Hyderabad,Additive Manufacturing,,GEN,1,657,697
IIT Hyderabad,Additive Manufacturing,,GEN-PwD,1,248,248
IIT Hyderabad,Additive Manufacturing,,OBC,1,623,642
IIT Hyderabad,Additive Manufacturing,,EWS,1,640,640
IIT Hyderabad,Additive Manufacturing,,SC,1,447,480
IIT Hyderabad,Aerospace Engineering,,GEN,1,715,788
IIT Hyderabad,Aerospace Engineering,,OBC,1,661,698
IIT Hyderabad,Aerospace Engineering,,EWS,1,667,687
IIT Hyderabad,Aerospace Engineering,,SC,1,518,532
IIT Hyderabad,Artificial Intelligence,,GEN,1,905,948
IIT Hyderabad,Artificial Intelligence,,OBC,1,897,897
IIT Hyderabad,Artificial Intelligence,,OBC-PwD,1,537,537
IIT Hyderabad,Artificial Intelligence,,EWS,1,880,880
IIT Hyderabad,Artificial Intelligence,,SC,1,842,842
IIT Hyderabad,Artificial Intelligence,,ST,1,629,629
IIT Hyderabad,Chemical Engineering,,GEN,1,535,695
IIT Hyderabad,Chemical Engineering,,OBC,1,506,532
IIT Hyderabad,Chemical Engineering,,EWS,1,486,511
IIT Hyderabad,Chemical Engineering,,SC,1,389,487
IIT Hyderabad,Chemical Engineering,,ST,1,403,477
IIT Hyderabad,Climate Change,,GEN,1,649,703
IIT Hyderabad,Climate Change,,OBC,1,625,633
IIT Hyderabad,Climate Change,,EWS,1,493,493
IIT Hyderabad,Climate Change,,SC,1,489,489
IIT Hyderabad,Climate Change,,ST,1,279,279
IIT Hyderabad,"Communications,Signal Processing and Learning",,GEN,1,788,917
IIT Hyderabad,"Communications,Signal Processing and Learning",,OBC,1,729,788
IIT Hyderabad,"Communications,Signal Processing and Learning",,EWS,1,749,752
IIT Hyderabad,"Communications,Signal Processing and Learning",,EWS-PwD,1,291,370
IIT Hyderabad,"Communications,Signal Processing and Learning",,SC,1,557,776
IIT Hyderabad,"Communications,Signal Processing and Learning",,ST,1,534,667
IIT Hyderabad,Computer Science and Engineering,,GEN,1,876,918
IIT Hyderabad,Computer Science and Engineering,,OBC,1,813,840
IIT Hyderabad,Computer Science and Engineering,,OBC-PwD,1,506,506
IIT Hyderabad,Computer Science and Engineering,,EWS,1,827,856
IIT Hyderabad,Computer Science and Engineering,,SC,1,724,820
IIT Hyderabad,Computer Science and Engineering,,ST,1,622,737
IIT Hyderabad,Energy Science and Technology,,GEN,1,629,695
IIT Hyderabad,Energy Science and Technology,,OBC,1,608,608
IIT Hyderabad,Energy Science and Technology,,EWS,1,611,611
IIT Hyderabad,Energy Science and Technology,,SC,1,448,459
IIT Hyderabad,Energy Science and Technology,,ST,1,424,424
IIT Hyderabad,Environmental Engineering,,GEN,1,663,670
IIT Hyderabad,Environmental Engineering,,OBC,1,628,640
IIT Hyderabad,Environmental Engineering,,EWS,1,580,580
IIT Hyderabad,Environmental Engineering,,SC,1,457,457
IIT Hyderabad,E-waste Resource Engineering and Management,,GEN,1,525,595
IIT Hyderabad,E-waste Resource Engineering and Management,,OBC,1,391,471
IIT Hyderabad,E-waste Resource Engineering and Management,,EWS,1,438,438
IIT Hyderabad,E-waste Resource Engineering and Management,,SC,1,424,480
IIT Hyderabad,Geotechnical Engineering,,GEN,1,663,734
IIT Hyderabad,Geotechnical Engineering,,OBC,1,678,678
IIT Hyderabad,Geotechnical Engineering,,OBC-PwD,1,513,513
IIT Hyderabad,Geotechnical Engineering,,EWS,1,605,605
IIT Hyderabad,Geotechnical Engineering,,SC,1,624,624
IIT Hyderabad,Hydraulics and Water Resources Engineering,,GEN,1,573,610
IIT Hyderabad,Hydraulics and Water Resources Engineering,,OBC,1,513,549
IIT Hyderabad,Hydraulics and Water Resources Engineering,,EWS,1,495,495
IIT Hyderabad,Hydraulics and Water Resources Engineering,,SC,1,419,419
IIT Hyderabad,Hydraulics and Water Resources Engineering,,ST,1,374,374
IIT Hyderabad,Integrated Circuits and Microsystems Packaging,,GEN,1,629,799
IIT Hyderabad,Integrated Circuits and Microsystems Packaging,,GEN-PwD,1,721,721
IIT Hyderabad,Integrated Circuits and Microsystems Packaging,,OBC,1,642,776
IIT Hyderabad,Integrated Circuits and Microsystems Packaging,,EWS,1,443,443
IIT Hyderabad,Integrated Circuits and Microsystems Packaging,,ST,1,567,567
IIT Hyderabad,Integrated Design & Manufacturing,,GEN,1,715,746
IIT Hyderabad,Integrated Design & Manufacturing,,OBC,1,660,712
IIT Hyderabad,Integrated Design & Manufacturing,,EWS,1,694,694
IIT Hyderabad,Integrated Design & Manufacturing,,SC,1,610,625
IIT Hyderabad,Lightweighting Engineering,,GEN,1,452,560
IIT Hyderabad,Lightweighting Engineering,,OBC,1,316,330
IIT Hyderabad,Lightweighting Engineering,,SC,1,397,397
IIT Hyderabad,Materials Science and Metallurgical Engineering,,GEN,1,601,826
IIT Hyderabad,Materials Science and Metallurgical Engineering,,OBC,1,549,600
IIT Hyderabad,Materials Science and Metallurgical Engineering,,EWS,1,543,544
IIT Hyderabad,Materials Science and Metallurgical Engineering,,SC,1,425,517
IIT Hyderabad,Materials Science and Metallurgical Engineering,,ST,1,323,437
IIT Hyderabad,Mechanics & Design,,GEN,1,805,898
IIT Hyderabad,Mechanics & Design,,OBC,1,770,781
IIT Hyderabad,Mechanics & Design,,SC,1,542,653
IIT Hyderabad,Mechanics & Design,,ST,1,411,511
IIT Hyderabad,Medical Biotechnology,,GEN,1,832,897
IIT Hyderabad,Medical Biotechnology,,OBC,1,650,712
IIT Hyderabad,Medical Biotechnology,,EWS,1,696,708
IIT Hyderabad,Medical Biotechnology,,SC,1,591,597
IIT Hyderabad,Medical Biotechnology,,ST,1,519,519
IIT Hyderabad,Medical Device Innovation,,GEN,1,771,778
IIT Hyderabad,Medical Device Innovation,,OBC,1,555,712
IIT Hyderabad,Medical Device Innovation,,OBC-PwD,1,204,204
IIT Hyderabad,Medical Device Innovation,,EWS,1,575,575
IIT Hyderabad,Medical Device Innovation,,SC,1,343,413
IIT Hyderabad,"Medical Sensing, Analytics & Simulation (MedSAS)",,GEN,1,714,829
IIT Hyderabad,"Medical Sensing, Analytics & Simulation (MedSAS)",,OBC,1,611,748
IIT Hyderabad,"Medical Sensing, Analytics & Simulation (MedSAS)",,EWS,1,406,575
IIT Hyderabad,"Medical Sensing, Analytics & Simulation (MedSAS)",,SC,1,393,468
IIT Hyderabad,Microelectronics & VLSI,,GEN,1,850,928
IIT Hyderabad,Microelectronics & VLSI,,OBC,1,764,795
IIT Hyderabad,Microelectronics & VLSI,,SC,1,708,776
IIT Hyderabad,Microelectronics & VLSI,,ST,1,653,667
IIT Hyderabad,Nanomedicine & Biomaterials (NBM),,GEN,1,813,895
IIT Hyderabad,Nanomedicine & Biomaterials (NBM),,OBC,1,689,749
IIT Hyderabad,Nanomedicine & Biomaterials (NBM),,EWS,1,597,634
IIT Hyderabad,Nanomedicine & Biomaterials (NBM),,SC,1,545,597
IIT Hyderabad,Nanomedicine & Biomaterials (NBM),,ST,1,441,466
IIT Hyderabad,Network and Information Security,,GEN,1,806,881
IIT Hyderabad,Network and Information Security,,OBC,1,756,787
IIT Hyderabad,Network and Information Security,,EWS,1,761,761
IIT Hyderabad,Network and Information Security,,SC,1,731,772
IIT Hyderabad,Network and Information Security,,ST,1,459,536
IIT Hyderabad,Ophthalmic Engineering,,GEN,1,514,778
IIT Hyderabad,Ophthalmic Engineering,,OBC,1,471,485
IIT Hyderabad,Ophthalmic Engineering,,SC,1,319,350
IIT Hyderabad,Power Electronics and Power Systems,,GEN,1,799,894
IIT Hyderabad,Power Electronics and Power Systems,,OBC,1,732,760
IIT Hyderabad,Power Electronics and Power Systems,,EWS,1,712,732
IIT Hyderabad,Power Electronics and Power Systems,,SC,1,708,744
IIT Hyderabad,Power Electronics and Power Systems,,ST,1,567,653
IIT Hyderabad,Quantum and Solid State Devices,,GEN,1,757,778
IIT Hyderabad,Quantum and Solid State Devices,,OBC,1,606,689
IIT Hyderabad,Quantum and Solid State Devices,,EWS,1,603,603
IIT Hyderabad,Quantum and Solid State Devices,,SC,1,526,526
IIT Hyderabad,Quantum and Solid State Devices,,ST,1,424,424
IIT Hyderabad,Robotics and Intelligent System Engineering,,GEN,1,763,801
IIT Hyderabad,Robotics and Intelligent System Engineering,,OBC,1,674,708
IIT Hyderabad,Robotics and Intelligent System Engineering,,EWS,1,705,705
IIT Hyderabad,Robotics and Intelligent System Engineering,,SC,1,573,622
IIT Hyderabad,Semiconductor Materials and Devices,,GEN,1,743,826
IIT Hyderabad,Semiconductor Materials and Devices,,OBC,1,571,689
IIT Hyderabad,Semiconductor Materials and Devices,,EWS,1,611,616
IIT Hyderabad,Semiconductor Materials and Devices,,SC,1,445,526
IIT Hyderabad,Semiconductor Materials and Devices,,ST,1,420,423
IIT Hyderabad,Smart Mobility,,GEN,1,649,812
IIT Hyderabad,Smart Mobility,,OBC,1,718,770
IIT Hyderabad,Smart Mobility,,EWS,1,704,704
IIT Hyderabad,Smart Mobility,,SC,1,452,625
IIT Hyderabad,Smart Mobility,,ST,1,444,444
IIT Hyderabad,Structural Engineering,,GEN,1,708,905
IIT Hyderabad,Structural Engineering,,GEN-PwD,1,298,298
IIT Hyderabad,Structural Engineering,,OBC,1,696,704
IIT Hyderabad,Structural Engineering,,EWS,1,700,700
IIT Hyderabad,Structural Engineering,,SC,1,577,667
IIT Hyderabad,Structural Engineering,,ST,1,677,677
IIT Hyderabad,Sustainable Engineering,,GEN,1,637,773
IIT Hyderabad,Sustainable Engineering,,OBC,1,592,626
IIT Hyderabad,Sustainable Engineering,,EWS,1,578,578
IIT Hyderabad,Sustainable Engineering,,SC,1,546,546
IIT Hyderabad,Sustainable Engineering,,ST,1,279,279
IIT Hyderabad,Systems and Control,,GEN,1,894,917
IIT Hyderabad,Systems and Control,,OBC,1,862,881
IIT Hyderabad,Systems and Control,,EWS,1,749,752
IIT Hyderabad,Techno-Entrepreneurship,,GEN,1,658,712
IIT Hyderabad,Techno-Entrepreneurship,,OBC,1,564,635
IIT Hyderabad,Techno-Entrepreneurship,,EWS,1,596,628
IIT Hyderabad,Techno-Entrepreneurship,,SC,1,436,552
IIT Hyderabad,Techno-Entrepreneurship,,ST,1,338,436
IIT Hyderabad,Thermo-fluid Engineering,,GEN,1,729,850
IIT Hyderabad,Thermo-fluid Engineering,,OBC,1,663,729
IIT Hyderabad,Thermo-fluid Engineering,,EWS,1,708,715
IIT Hyderabad,Thermo-fluid Engineering,,SC,1,539,671
IIT Hyderabad,Thermo-fluid Engineering,,ST,1,390,437
IIT Hyderabad,Transportation Engineering,,GEN,1,712,712
IIT Hyderabad,Transportation Engineering,,OBC,1,682,682
IIT Hyderabad,Transportation Engineering,,ST,1,567,567
IIT Hyderabad,Additive Manufacturing,,GEN,2,617,677
IIT Hyderabad,Additive Manufacturing,,OBC,2,560,566
IIT Hyderabad,Additive Manufacturing,,EWS,2,584,584
IIT Hyderabad,Additive Manufacturing,,SC,2,442,447
IIT Hyderabad,Aerospace Engineering,,GEN,2,677,715
IIT Hyderabad,Aerospace Engineering,,OBC,2,642,642
IIT Hyderabad,Aerospace Engineering,,EWS,2,658,667
IIT Hyderabad,Aerospace Engineering,,SC,2,483,507
IIT Hyderabad,Artificial Intelligence,,GEN,2,856,893
IIT Hyderabad,Artificial Intelligence,,OBC,2,819,839
IIT Hyderabad,Artificial Intelligence,,OBC-PwD,2,323,323
IIT Hyderabad,Artificial Intelligence,,EWS,2,827,847
IIT Hyderabad,Artificial Intelligence,,ST,2,553,622
IIT Hyderabad,Chemical Engineering,,GEN,2,521,663
IIT Hyderabad,Chemical Engineering,,OBC,2,452,462
IIT Hyderabad,Chemical Engineering,,EWS,2,486,511
IIT Hyderabad,Chemical Engineering,,SC,2,354,487
IIT Hyderabad,Chemical Engineering,,ST,2,330,364
IIT Hyderabad,Climate Change,,GEN,2,625,703
IIT Hyderabad,Climate Change,,OBC,2,602,625
IIT Hyderabad,Climate Change,,EWS,2,493,493
IIT Hyderabad,Climate Change,,SC,2,480,480
IIT Hyderabad,Climate Change,,ST,2,237,237
IIT Hyderabad,"Communications,Signal Processing and Learning",,GEN,2,741,788
IIT Hyderabad,"Communications,Signal Processing and Learning",,OBC,2,713,729
IIT Hyderabad,"Communications,Signal Processing and Learning",,EWS,2,733,737
IIT Hyderabad,"Communications,Signal Processing and Learning",,EWS-PwD,2,291,291
IIT Hyderabad,"Communications,Signal Processing and Learning",,SC,2,526,549
IIT Hyderabad,"Communications,Signal Processing and Learning",,ST,2,491,514
IIT Hyderabad,Computer Science and Engineering,,GEN,2,856,881
IIT Hyderabad,Computer Science and Engineering,,OBC,2,802,813
IIT Hyderabad,Computer Science and Engineering,,OBC-PwD,2,370,370
IIT Hyderabad,Computer Science and Engineering,,EWS,2,810,827
IIT Hyderabad,Computer Science and Engineering,,SC,2,675,724
IIT Hyderabad,Computer Science and Engineering,,ST,2,585,615
IIT Hyderabad,Energy Science and Technology,,GEN,2,590,629
IIT Hyderabad,Energy Science and Technology,,OBC,2,560,566
IIT Hyderabad,Energy Science and Technology,,EWS,2,584,584
IIT Hyderabad,Energy Science and Technology,,SC,2,341,342
IIT Hyderabad,Energy Science and Technology,,ST,2,366,366
IIT Hyderabad,Environmental Engineering,,GEN,2,605,670
IIT Hyderabad,Environmental Engineering,,OBC,2,588,628
IIT Hyderabad,Environmental Engineering,,EWS,2,580,580
IIT Hyderabad,Environmental Engineering,,SC,2,454,454
IIT Hyderabad,E-waste Resource Engineering and Management,,GEN,2,438,472
IIT Hyderabad,E-waste Resource Engineering and Management,,OBC,2,342,383
IIT Hyderabad,E-waste Resource Engineering and Management,,EWS,2,389,389
IIT Hyderabad,E-waste Resource Engineering and Management,,SC,2,337,362
IIT Hyderabad,Geotechnical Engineering,,GEN,2,632,647
IIT Hyderabad,Geotechnical Engineering,,OBC,2,577,603
IIT Hyderabad,Geotechnical Engineering,,EWS,2,605,605
IIT Hyderabad,Geotechnical Engineering,,SC,2,588,588
IIT Hyderabad,Hydraulics and Water Resources Engineering,,GEN,2,513,573
IIT Hyderabad,Hydraulics and Water Resources Engineering,,OBC,2,495,513
IIT Hyderabad,Hydraulics and Water Resources Engineering,,EWS,2,495,495
IIT Hyderabad,Hydraulics and Water Resources Engineering,,SC,2,419,419
IIT Hyderabad,Hydraulics and Water Resources Engineering,,ST,2,374,374
IIT Hyderabad,Integrated Circuits and Microsystems Packaging,,GEN,2,591,737
IIT Hyderabad,Integrated Circuits and Microsystems Packaging,,GEN-PwD,2,270,270
IIT Hyderabad,Integrated Circuits and Microsystems Packaging,,OBC,2,553,743
IIT Hyderabad,Integrated Circuits and Microsystems Packaging,,EWS,2,398,443
IIT Hyderabad,Integrated Circuits and Microsystems Packaging,,ST,2,448,448
IIT Hyderabad,Integrated Design & Manufacturing,,GEN,2,687,715
IIT Hyderabad,Integrated Design & Manufacturing,,OBC,2,642,680
IIT Hyderabad,Integrated Design & Manufacturing,,EWS,2,663,663
IIT Hyderabad,Integrated Design & Manufacturing,,SC,2,518,518
IIT Hyderabad,Lightweighting Engineering,,GEN,2,428,452
IIT Hyderabad,Lightweighting Engineering,,OBC,2,316,316
IIT Hyderabad,Lightweighting Engineering,,SC,2,397,397
IIT Hyderabad,Materials Science and Metallurgical Engineering,,GEN,2,525,644
IIT Hyderabad,Materials Science and Metallurgical Engineering,,OBC,2,501,525
IIT Hyderabad,Materials Science and Metallurgical Engineering,,EWS,2,518,525
IIT Hyderabad,Materials Science and Metallurgical Engineering,,SC,2,323,443
IIT Hyderabad,Materials Science and Metallurgical Engineering,,ST,2,294,323
IIT Hyderabad,Mechanics & Design,,GEN,2,739,793
IIT Hyderabad,Mechanics & Design,,OBC,2,736,739
IIT Hyderabad,Mechanics & Design,,EWS,2,708,715
IIT Hyderabad,Mechanics & Design,,SC,2,511,565
IIT Hyderabad,Mechanics & Design,,ST,2,380,411
IIT Hyderabad,Medical Biotechnology,,GEN,2,780,875
IIT Hyderabad,Medical Biotechnology,,OBC,2,624,670
IIT Hyderabad,Medical Biotechnology,,EWS,2,656,676
IIT Hyderabad,Medical Biotechnology,,SC,2,545,597
IIT Hyderabad,Medical Biotechnology,,ST,2,441,441
IIT Hyderabad,Medical Device Innovation,,GEN,2,618,656
IIT Hyderabad,Medical Device Innovation,,OBC,2,536,546
IIT Hyderabad,Medical Device Innovation,,OBC-PwD,2,204,204
IIT Hyderabad,Medical Device Innovation,,EWS,2,530,530
IIT Hyderabad,Medical Device Innovation,,SC,2,337,343
IIT Hyderabad,Microelectronics & VLSI,,GEN,2,807,882
IIT Hyderabad,Microelectronics & VLSI,,OBC,2,756,788
IIT Hyderabad,Microelectronics & VLSI,,SC,2,596,665
IIT Hyderabad,Network and Information Security,,GEN,2,806,815
IIT Hyderabad,Network and Information Security,,OBC,2,756,787
IIT Hyderabad,Network and Information Security,,EWS,2,761,761
IIT Hyderabad,Network and Information Security,,SC,2,635,635
IIT Hyderabad,Network and Information Security,,ST,2,459,459
IIT Hyderabad,Ophthalmic Engineering,,GEN,2,461,526
IIT Hyderabad,Ophthalmic Engineering,,OBC,2,342,354
IIT Hyderabad,Ophthalmic Engineering,,SC,2,350,350
IIT Hyderabad,Power Electronics and Power Systems,,GEN,2,765,799
IIT Hyderabad,Power Electronics and Power Systems,,OBC,2,689,724
IIT Hyderabad,Power Electronics and Power Systems,,EWS,2,685,693
IIT Hyderabad,Power Electronics and Power Systems,,SC,2,649,665
IIT Hyderabad,Power Electronics and Power Systems,,ST,2,500,527
IIT Hyderabad,Quantum and Solid State Devices,,GEN,2,653,728
IIT Hyderabad,Quantum and Solid State Devices,,OBC,2,590,647
IIT Hyderabad,Quantum and Solid State Devices,,EWS,2,573,573
IIT Hyderabad,Quantum and Solid State Devices,,SC,2,467,467
IIT Hyderabad,Quantum and Solid State Devices,,ST,2,354,354
IIT Hyderabad,Robotics and Intelligent System Engineering,,GEN,2,705,732
IIT Hyderabad,Robotics and Intelligent System Engineering,,OBC,2,661,674
IIT Hyderabad,Robotics and Intelligent System Engineering,,EWS,2,662,675
IIT Hyderabad,Robotics and Intelligent System Engineering,,SC,2,487,539
IIT Hyderabad,Semiconductor Materials and Devices,,GEN,2,659,767
IIT Hyderabad,Semiconductor Materials and Devices,,OBC,2,571,610
IIT Hyderabad,Semiconductor Materials and Devices,,SC,2,423,467
IIT Hyderabad,Semiconductor Materials and Devices,,ST,2,354,420
IIT Hyderabad,Smart Mobility,,GEN,2,604,808
IIT Hyderabad,Smart Mobility,,OBC,2,642,718
IIT Hyderabad,Smart Mobility,,EWS,2,704,704
IIT Hyderabad,Smart Mobility,,SC,2,452,480
IIT Hyderabad,Smart Mobility,,ST,2,444,444
IIT Hyderabad,Structural Engineering,,GEN,2,700,905
IIT Hyderabad,Structural Engineering,,GEN-PwD,2,250,250
IIT Hyderabad,Structural Engineering,,OBC,2,682,696
IIT Hyderabad,Structural Engineering,,EWS,2,659,659
IIT Hyderabad,Structural Engineering,,SC,2,548,565
IIT Hyderabad,Structural Engineering,,ST,2,592,592
IIT Hyderabad,Sustainable Engineering,,GEN,2,632,744
IIT Hyderabad,Sustainable Engineering,,OBC,2,564,570
IIT Hyderabad,Sustainable Engineering,,EWS,2,518,518
IIT Hyderabad,Sustainable Engineering,,SC,2,489,489
IIT Hyderabad,Sustainable Engineering,,ST,2,279,279
IIT Hyderabad,Systems and Control,,GEN,2,811,842
IIT Hyderabad,Systems and Control,,OBC,2,729,737
IIT Hyderabad,Systems and Control,,EWS,2,733,737
IIT Hyderabad,Systems and Control,,SC,2,649,665
IIT Hyderabad,Systems and Control,,ST,2,527,580
IIT Hyderabad,Techno-Entrepreneurship,,GEN,2,664,704
IIT Hyderabad,Techno-Entrepreneurship,,OBC,2,605,635
IIT Hyderabad,Techno-Entrepreneurship,,EWS,2,628,628
IIT Hyderabad,Techno-Entrepreneurship,,SC,2,552,552
IIT Hyderabad,Techno-Entrepreneurship,,ST,2,338,338
IIT Hyderabad,Thermo-fluid Engineering,,GEN,2,691,763
IIT Hyderabad,Thermo-fluid Engineering,,OBC,2,645,680
IIT Hyderabad,Thermo-fluid Engineering,,EWS,2,680,687
IIT Hyderabad,Thermo-fluid Engineering,,SC,2,497,508
IIT Hyderabad,Thermo-fluid Engineering,,ST,2,352,437
IIT Hyderabad,Transportation Engineering,,GEN,2,712,712
IIT Hyderabad,Transportation Engineering,,OBC,2,681,681
IIT Hyderabad,Transportation Engineering,,ST,2,518,518
IIT Hyderabad,Additive Manufacturing,,GEN,3,578,623
IIT Hyderabad,Additive Manufacturing,,OBC,3,542,556
IIT Hyderabad,Additive Manufacturing,,EWS,3,573,573
IIT Hyderabad,Additive Manufacturing,,SC,3,406,447
IIT Hyderabad,Aerospace Engineering,,GEN,3,656,677
IIT Hyderabad,Aerospace Engineering,,OBC,3,625,639
IIT Hyderabad,Aerospace Engineering,,EWS,3,631,631
IIT Hyderabad,Aerospace Engineering,,SC,3,463,483
IIT Hyderabad,Artificial Intelligence,,GEN,3,847,856
IIT Hyderabad,Artificial Intelligence,,OBC,3,806,806
IIT Hyderabad,Artificial Intelligence,,OBC-PwD,3,323,323
IIT Hyderabad,Artificial Intelligence,,EWS,3,826,826
IIT Hyderabad,Artificial Intelligence,,ST,3,546,546
IIT Hyderabad,Chemical Engineering,,GEN,3,526,663
IIT Hyderabad,Chemical Engineering,,OBC,3,447,457
IIT Hyderabad,Chemical Engineering,,EWS,3,457,486
IIT Hyderabad,Chemical Engineering,,SC,3,354,487
IIT Hyderabad,Chemical Engineering,,ST,3,330,364
IIT Hyderabad,Climate Change,,GEN,3,610,696
IIT Hyderabad,Climate Change,,OBC,3,564,570
IIT Hyderabad,Climate Change,,EWS,3,493,493
IIT Hyderabad,Climate Change,,SC,3,457,457
IIT Hyderabad,Climate Change,,ST,3,216,216
IIT Hyderabad,"Communications,Signal Processing and Learning",,GEN,3,713,745
IIT Hyderabad,"Communications,Signal Processing and Learning",,OBC,3,698,710
IIT Hyderabad,"Communications,Signal Processing and Learning",,EWS,3,698,710
IIT Hyderabad,"Communications,Signal Processing and Learning",,SC,3,510,526
IIT Hyderabad,"Communications,Signal Processing and Learning",,ST,3,448,459
IIT Hyderabad,Computer Science and Engineering,,GEN,3,837,881
IIT Hyderabad,Computer Science and Engineering,,OBC,3,794,807
IIT Hyderabad,Computer Science and Engineering,,OBC-PwD,3,370,370
IIT Hyderabad,Computer Science and Engineering,,EWS,3,797,800
IIT Hyderabad,Computer Science and Engineering,,SC,3,658,671
IIT Hyderabad,Computer Science and Engineering,,ST,3,562,579
IIT Hyderabad,Energy Science and Technology,,GEN,3,581,629
IIT Hyderabad,Energy Science and Technology,,OBC,3,555,566
IIT Hyderabad,Energy Science and Technology,,EWS,3,578,578
IIT Hyderabad,Energy Science and Technology,,SC,3,341,342
IIT Hyderabad,Energy Science and Technology,,ST,3,366,366
IIT Hyderabad,Environmental Engineering,,GEN,3,599,670
IIT Hyderabad,Environmental Engineering,,OBC,3,514,529
IIT Hyderabad,Environmental Engineering,,EWS,3,580,580
IIT Hyderabad,Environmental Engineering,,SC,3,438,438
IIT Hyderabad,E-waste Resource Engineering and Management,,GEN,3,414,472
IIT Hyderabad,E-waste Resource Engineering and Management,,OBC,3,342,383
IIT Hyderabad,E-waste Resource Engineering and Management,,EWS,3,389,389
IIT Hyderabad,E-waste Resource Engineering and Management,,SC,3,337,362
IIT Hyderabad,Geotechnical Engineering,,GEN,3,610,633
IIT Hyderabad,Geotechnical Engineering,,OBC,3,575,577
IIT Hyderabad,Geotechnical Engineering,,EWS,3,605,605
IIT Hyderabad,Geotechnical Engineering,,SC,3,588,588
IIT Hyderabad,Hydraulics and Water Resources Engineering,,GEN,3,502,573
IIT Hyderabad,Hydraulics and Water Resources Engineering,,OBC,3,490,495
IIT Hyderabad,Hydraulics and Water Resources Engineering,,EWS,3,495,495
IIT Hyderabad,Hydraulics and Water Resources Engineering,,SC,3,419,419
IIT Hyderabad,Hydraulics and Water Resources Engineering,,ST,3,374,374
IIT Hyderabad,Integrated Circuits and Microsystems Packaging,,GEN,3,613,737
IIT Hyderabad,Integrated Circuits and Microsystems Packaging,,GEN-PwD,3,248,248
IIT Hyderabad,Integrated Circuits and Microsystems Packaging,,OBC,3,553,704
IIT Hyderabad,Integrated Circuits and Microsystems Packaging,,EWS,3,443,443
IIT Hyderabad,Integrated Circuits and Microsystems Packaging,,ST,3,448,448
IIT Hyderabad,Integrated Design & Manufacturing,,GEN,3,670,687
IIT Hyderabad,Integrated Design & Manufacturing,,OBC,3,629,635
IIT Hyderabad,Integrated Design & Manufacturing,,EWS,3,629,629
IIT Hyderabad,Integrated Design & Manufacturing,,SC,3,477,481
IIT Hyderabad,Lightweighting Engineering,,GEN,3,380,428
IIT Hyderabad,Lightweighting Engineering,,OBC,3,316,316
IIT Hyderabad,Lightweighting Engineering,,SC,3,273,273
IIT Hyderabad,Materials Science and Metallurgical Engineering,,GEN,3,504,644
IIT Hyderabad,Materials Science and Metallurgical Engineering,,GEN-PwD,3,238,238
IIT Hyderabad,Materials Science and Metallurgical Engineering,,OBC,3,485,501
IIT Hyderabad,Materials Science and Metallurgical Engineering,,EWS,3,443,463
IIT Hyderabad,Materials Science and Metallurgical Engineering,,SC,3,321,443
IIT Hyderabad,Materials Science and Metallurgical Engineering,,ST,3,257,294
IIT Hyderabad,Mechanics & Design,,GEN,3,715,801
IIT Hyderabad,Mechanics & Design,,OBC,3,712,715
IIT Hyderabad,Mechanics & Design,,EWS,3,705,705
IIT Hyderabad,Mechanics & Design,,SC,3,483,508
IIT Hyderabad,Mechanics & Design,,ST,3,362,390
IIT Hyderabad,Medical Biotechnology,,GEN,3,780,875
IIT Hyderabad,Medical Biotechnology,,OBC,3,618,670
IIT Hyderabad,Medical Biotechnology,,EWS,3,634,634
IIT Hyderabad,Medical Biotechnology,,SC,3,526,597
IIT Hyderabad,Medical Biotechnology,,ST,3,422,422
IIT Hyderabad,Medical Device Innovation,,GEN,3,565,600
IIT Hyderabad,Medical Device Innovation,,OBC,3,516,532
IIT Hyderabad,Medical Device Innovation,,OBC-PwD,3,204,204
IIT Hyderabad,Medical Device Innovation,,EWS,3,526,526
IIT Hyderabad,Medical Device Innovation,,SC,3,337,343
IIT Hyderabad,"Medical Sensing, Analytics & Simulation (MedSAS)",,GEN,3,651,703
IIT Hyderabad,"Medical Sensing, Analytics & Simulation (MedSAS)",,OBC,3,564,611
IIT Hyderabad,"Medical Sensing, Analytics & Simulation (MedSAS)",,EWS,3,406,406
IIT Hyderabad,"Medical Sensing, Analytics & Simulation (MedSAS)",,SC,3,314,373
IIT Hyderabad,Microelectronics & VLSI,,GEN,3,799,831
IIT Hyderabad,Microelectronics & VLSI,,OBC,3,756,788
IIT Hyderabad,Microelectronics & VLSI,,EWS,3,775,775
IIT Hyderabad,Microelectronics & VLSI,,SC,3,649,649
IIT Hyderabad,Microelectronics & VLSI,,ST,3,580,580
IIT Hyderabad,Nanomedicine & Biomaterials (NBM),,GEN,3,787,793
IIT Hyderabad,Nanomedicine & Biomaterials (NBM),,OBC,3,613,662
IIT Hyderabad,Nanomedicine & Biomaterials (NBM),,EWS,3,597,597
IIT Hyderabad,Nanomedicine & Biomaterials (NBM),,SC,3,526,526
IIT Hyderabad,Nanomedicine & Biomaterials (NBM),,ST,3,422,422
IIT Hyderabad,Network and Information Security,,GEN,3,806,815
IIT Hyderabad,Network and Information Security,,OBC,3,756,787
IIT Hyderabad,Network and Information Security,,EWS,3,761,761
IIT Hyderabad,Network and Information Security,,SC,3,598,598
IIT Hyderabad,Network and Information Security,,ST,3,459,459
IIT Hyderabad,Ophthalmic Engineering,,GEN,3,449,526
IIT Hyderabad,Ophthalmic Engineering,,OBC,3,319,329
IIT Hyderabad,Ophthalmic Engineering,,SC,3,350,350
IIT Hyderabad,Power Electronics and Power Systems,,GEN,3,701,736
IIT Hyderabad,Power Electronics and Power Systems,,OBC,3,673,689
IIT Hyderabad,Power Electronics and Power Systems,,EWS,3,673,674
IIT Hyderabad,Power Electronics and Power Systems,,SC,3,539,543
IIT Hyderabad,Power Electronics and Power Systems,,ST,3,448,527
IIT Hyderabad,Quantum and Solid State Devices,,GEN,3,635,647
IIT Hyderabad,Quantum and Solid State Devices,,OBC,3,565,590
IIT Hyderabad,Quantum and Solid State Devices,,EWS,3,573,573
IIT Hyderabad,Quantum and Solid State Devices,,SC,3,467,467
IIT Hyderabad,Quantum and Solid State Devices,,ST,3,346,346
IIT Hyderabad,Robotics and Intelligent System Engineering,,GEN,3,670,708
IIT Hyderabad,Robotics and Intelligent System Engineering,,EWS,3,640,644
IIT Hyderabad,Robotics and Intelligent System Engineering,,SC,3,466,477
IIT Hyderabad,Semiconductor Materials and Devices,,GEN,3,653,767
IIT Hyderabad,Semiconductor Materials and Devices,,OBC,3,571,610
IIT Hyderabad,Semiconductor Materials and Devices,,SC,3,412,421
IIT Hyderabad,Semiconductor Materials and Devices,,ST,3,354,354
IIT Hyderabad,Smart Mobility,,GEN,3,592,744
IIT Hyderabad,Smart Mobility,,OBC,3,642,718
IIT Hyderabad,Smart Mobility,,EWS,3,688,688
IIT Hyderabad,Smart Mobility,,SC,3,383,452
IIT Hyderabad,Smart Mobility,,ST,3,444,444
IIT Hyderabad,Structural Engineering,,GEN,3,700,905
IIT Hyderabad,Structural Engineering,,GEN-PwD,3,250,250
IIT Hyderabad,Structural Engineering,,OBC,3,678,696
IIT Hyderabad,Structural Engineering,,EWS,3,659,659
IIT Hyderabad,Structural Engineering,,SC,3,528,548
IIT Hyderabad,Structural Engineering,,ST,3,586,586
IIT Hyderabad,Sustainable Engineering,,GEN,3,622,744
IIT Hyderabad,Sustainable Engineering,,OBC,3,560,570
IIT Hyderabad,Sustainable Engineering,,EWS,3,499,499
IIT Hyderabad,Sustainable Engineering,,SC,3,457,457
IIT Hyderabad,Sustainable Engineering,,ST,3,279,279
IIT Hyderabad,Systems and Control,,GEN,3,765,799
IIT Hyderabad,Systems and Control,,OBC,3,713,748
IIT Hyderabad,Systems and Control,,EWS,3,712,732
IIT Hyderabad,Systems and Control,,SC,3,539,543
IIT Hyderabad,Systems and Control,,ST,3,500,514
IIT Hyderabad,Techno-Entrepreneurship,,GEN,3,664,704
IIT Hyderabad,Techno-Entrepreneurship,,OBC,3,635,635
IIT Hyderabad,Techno-Entrepreneurship,,EWS,3,628,628
IIT Hyderabad,Techno-Entrepreneurship,,SC,3,413,552
IIT Hyderabad,Techno-Entrepreneurship,,ST,3,338,338
IIT Hyderabad,Thermo-fluid Engineering,,GEN,3,675,763
IIT Hyderabad,Thermo-fluid Engineering,,OBC,3,635,663
IIT Hyderabad,Thermo-fluid Engineering,,EWS,3,663,667
IIT Hyderabad,Thermo-fluid Engineering,,SC,3,497,497
IIT Hyderabad,Thermo-fluid Engineering,,ST,3,330,352
IIT Hyderabad,Transportation Engineering,,GEN,3,712,712
IIT Hyderabad,Transportation Engineering,,OBC,3,678,678
IIT Hyderabad,Transportation Engineering,,ST,3,499,499
IIT Hyderabad,Additive Manufacturing,,GEN,4,556,563
IIT Hyderabad,Additive Manufacturing,,OBC,4,528,549
IIT Hyderabad,Additive Manufacturing,,EWS,4,499,499
IIT Hyderabad,Additive Manufacturing,,SC,4,400,406
IIT Hyderabad,Aerospace Engineering,,GEN,4,632,656
IIT Hyderabad,Aerospace Engineering,,OBC,4,611,622
IIT Hyderabad,Aerospace Engineering,,EWS,4,631,631
IIT Hyderabad,Aerospace Engineering,,SC,4,445,445
IIT Hyderabad,Artificial Intelligence,,GEN,4,839,847
IIT Hyderabad,Artificial Intelligence,,OBC,4,797,797
IIT Hyderabad,Artificial Intelligence,,OBC-PwD,4,323,323
IIT Hyderabad,Artificial Intelligence,,EWS,4,794,794
IIT Hyderabad,Artificial Intelligence,,ST,4,546,546
IIT Hyderabad,Chemical Engineering,,GEN,4,482,598
IIT Hyderabad,Chemical Engineering,,OBC,4,438,532
IIT Hyderabad,Chemical Engineering,,EWS,4,442,442
IIT Hyderabad,Chemical Engineering,,SC,4,315,354
IIT Hyderabad,Chemical Engineering,,ST,4,267,364
IIT Hyderabad,Climate Change,,GEN,4,590,610
IIT Hyderabad,Climate Change,,OBC,4,542,564
IIT Hyderabad,Climate Change,,EWS,4,463,463
IIT Hyderabad,Climate Change,,SC,4,424,424
IIT Hyderabad,"Communications,Signal Processing and Learning",,GEN,4,698,745
IIT Hyderabad,"Communications,Signal Processing and Learning",,OBC,4,667,698
IIT Hyderabad,"Communications,Signal Processing and Learning",,EWS,4,686,698
IIT Hyderabad,"Communications,Signal Processing and Learning",,SC,4,506,510
IIT Hyderabad,"Communications,Signal Processing and Learning",,ST,4,424,432
IIT Hyderabad,Computer Science and Engineering,,GEN,4,831,868
IIT Hyderabad,Computer Science and Engineering,,OBC,4,784,807
IIT Hyderabad,Computer Science and Engineering,,OBC-PwD,4,343,343
IIT Hyderabad,Computer Science and Engineering,,EWS,4,794,797
IIT Hyderabad,Computer Science and Engineering,,SC,4,643,668
IIT Hyderabad,Computer Science and Engineering,,ST,4,546,560
IIT Hyderabad,Energy Science and Technology,,GEN,4,560,577
IIT Hyderabad,Energy Science and Technology,,OBC,4,542,543
IIT Hyderabad,Energy Science and Technology,,EWS,4,525,525
IIT Hyderabad,Energy Science and Technology,,SC,4,341,342
IIT Hyderabad,Environmental Engineering,,GEN,4,599,605
IIT Hyderabad,Environmental Engineering,,OBC,4,514,529
IIT Hyderabad,Environmental Engineering,,SC,4,434,434
IIT Hyderabad,E-waste Resource Engineering and Management,,GEN,4,389,452
IIT Hyderabad,E-waste Resource Engineering and Management,,OBC,4,342,383
IIT Hyderabad,E-waste Resource Engineering and Management,,EWS,4,367,367
IIT Hyderabad,E-waste Resource Engineering and Management,,SC,4,314,337
IIT Hyderabad,Geotechnical Engineering,,GEN,4,605,633
IIT Hyderabad,Geotechnical Engineering,,OBC,4,565,577
IIT Hyderabad,Geotechnical Engineering,,EWS,4,573,573
IIT Hyderabad,Geotechnical Engineering,,SC,4,588,588
IIT Hyderabad,Hydraulics and Water Resources Engineering,,GEN,4,498,502
IIT Hyderabad,Hydraulics and Water Resources Engineering,,OBC,4,490,495
IIT Hyderabad,Hydraulics and Water Resources Engineering,,EWS,4,472,472
IIT Hyderabad,Integrated Design & Manufacturing,,GEN,4,656,687
IIT Hyderabad,Integrated Design & Manufacturing,,OBC,4,625,629
IIT Hyderabad,Integrated Design & Manufacturing,,EWS,4,629,629
IIT Hyderabad,Integrated Design & Manufacturing,,SC,4,447,481
IIT Hyderabad,Lightweighting Engineering,,GEN,4,367,399
IIT Hyderabad,Materials Science and Metallurgical Engineering,,GEN,4,499,525
IIT Hyderabad,Materials Science and Metallurgical Engineering,,OBC,4,463,487
IIT Hyderabad,Materials Science and Metallurgical Engineering,,EWS,4,394,402
IIT Hyderabad,Materials Science and Metallurgical Engineering,,SC,4,321,402
IIT Hyderabad,Materials Science and Metallurgical Engineering,,ST,4,257,294
IIT Hyderabad,Mechanics & Design,,GEN,4,694,729
IIT Hyderabad,Mechanics & Design,,OBC,4,680,694
IIT Hyderabad,Mechanics & Design,,EWS,4,675,694
IIT Hyderabad,Mechanics & Design,,SC,4,463,497
IIT Hyderabad,Mechanics & Design,,ST,4,314,396
IIT Hyderabad,Medical Biotechnology,,GEN,4,747,826
IIT Hyderabad,Medical Biotechnology,,OBC,4,604,643
IIT Hyderabad,Medical Biotechnology,,EWS,4,618,634
IIT Hyderabad,Medical Biotechnology,,SC,4,487,487
IIT Hyderabad,Medical Biotechnology,,ST,4,337,337
IIT Hyderabad,Medical Device Innovation,,GEN,4,556,565
IIT Hyderabad,Medical Device Innovation,,OBC,4,502,516
IIT Hyderabad,Medical Device Innovation,,EWS,4,526,526
IIT Hyderabad,Medical Device Innovation,,SC,4,337,337
IIT Hyderabad,"Medical Sensing, Analytics & Simulation (MedSAS)",,GEN,4,618,651
IIT Hyderabad,"Medical Sensing, Analytics & Simulation (MedSAS)",,OBC,4,536,611
IIT Hyderabad,"Medical Sensing, Analytics & Simulation (MedSAS)",,EWS,4,406,406
IIT Hyderabad,"Medical Sensing, Analytics & Simulation (MedSAS)",,SC,4,312,314
IIT Hyderabad,Microelectronics & VLSI,,GEN,4,792,811
IIT Hyderabad,Microelectronics & VLSI,,OBC,4,749,764
IIT Hyderabad,Microelectronics & VLSI,,EWS,4,775,775
IIT Hyderabad,Microelectronics & VLSI,,SC,4,649,649
IIT Hyderabad,Microelectronics & VLSI,,ST,4,580,580
IIT Hyderabad,Nanomedicine & Biomaterials (NBM),,GEN,4,759,761
IIT Hyderabad,Nanomedicine & Biomaterials (NBM),,OBC,4,597,611
IIT Hyderabad,Nanomedicine & Biomaterials (NBM),,EWS,4,576,576
IIT Hyderabad,Nanomedicine & Biomaterials (NBM),,SC,4,487,487
IIT Hyderabad,Nanomedicine & Biomaterials (NBM),,ST,4,345,345
IIT Hyderabad,Network and Information Security,,GEN,4,780,804
IIT Hyderabad,Network and Information Security,,EWS,4,757,760
IIT Hyderabad,Network and Information Security,,SC,4,598,598
IIT Hyderabad,Ophthalmic Engineering,,GEN,4,367,442
IIT Hyderabad,Ophthalmic Engineering,,OBC,4,329,329
IIT Hyderabad,Power Electronics and Power Systems,,GEN,4,673,704
IIT Hyderabad,Power Electronics and Power Systems,,OBC,4,653,669
IIT Hyderabad,Power Electronics and Power Systems,,EWS,4,649,673
IIT Hyderabad,Power Electronics and Power Systems,,SC,4,539,539
IIT Hyderabad,Power Electronics and Power Systems,,ST,4,527,527
IIT Hyderabad,Quantum and Solid State Devices,,GEN,4,612,635
IIT Hyderabad,Quantum and Solid State Devices,,OBC,4,565,590
IIT Hyderabad,Quantum and Solid State Devices,,SC,4,467,467
IIT Hyderabad,Quantum and Solid State Devices,,ST,4,299,299
IIT Hyderabad,Robotics and Intelligent System Engineering,,GEN,4,670,670
IIT Hyderabad,Robotics and Intelligent System Engineering,,EWS,4,640,644
IIT Hyderabad,Robotics and Intelligent System Engineering,,SC,4,456,477
IIT Hyderabad,Semiconductor Materials and Devices,,GEN,4,641,686
IIT Hyderabad,Semiconductor Materials and Devices,,OBC,4,565,571
IIT Hyderabad,Semiconductor Materials and Devices,,SC,4,402,412
IIT Hyderabad,Smart Mobility,,GEN,4,586,717
IIT Hyderabad,Smart Mobility,,OBC,4,642,704
IIT Hyderabad,Smart Mobility,,EWS,4,688,688
IIT Hyderabad,Smart Mobility,,SC,4,440,440
IIT Hyderabad,Smart Mobility,,ST,4,423,423
IIT Hyderabad,Structural Engineering,,OBC,4,670,674
IIT Hyderabad,Structural Engineering,,EWS,4,659,659
IIT Hyderabad,Structural Engineering,,SC,4,548,548
IIT Hyderabad,Structural Engineering,,ST,4,518,518
IIT Hyderabad,Sustainable Engineering,,GEN,4,622,622
IIT Hyderabad,Sustainable Engineering,,OBC,4,553,570
IIT Hyderabad,Sustainable Engineering,,EWS,4,499,499
IIT Hyderabad,Sustainable Engineering,,SC,4,445,445
IIT Hyderabad,Systems and Control,,GEN,4,732,745
IIT Hyderabad,Systems and Control,,OBC,4,690,706
IIT Hyderabad,Systems and Control,,EWS,4,698,698
IIT Hyderabad,Systems and Control,,SC,4,526,531
IIT Hyderabad,Systems and Control,,ST,4,432,448
IIT Hyderabad,Techno-Entrepreneurship,,GEN,4,647,647
IIT Hyderabad,Techno-Entrepreneurship,,EWS,4,493,493
IIT Hyderabad,Techno-Entrepreneurship,,SC,4,381,381
IIT Hyderabad,Thermo-fluid Engineering,,GEN,4,667,680
IIT Hyderabad,Thermo-fluid Engineering,,OBC,4,625,645
IIT Hyderabad,Thermo-fluid Engineering,,EWS,4,604,608
IIT Hyderabad,Thermo-fluid Engineering,,SC,4,483,483
IIT Hyderabad,Thermo-fluid Engineering,,ST,4,323,352
IIT Hyderabad,Transportation Engineering,,OBC,4,663,663
IIT Hyderabad,Additive Manufacturing,,GEN,5,556,563
IIT Hyderabad,Additive Manufacturing,,OBC,5,528,549
IIT Hyderabad,Additive Manufacturing,,EWS,5,499,499
IIT Hyderabad,Additive Manufacturing,,SC,5,397,406
IIT Hyderabad,Aerospace Engineering,,GEN,5,625,632
IIT Hyderabad,Aerospace Engineering,,OBC,5,608,611
IIT Hyderabad,Aerospace Engineering,,EWS,5,597,597
IIT Hyderabad,Aerospace Engineering,,SC,5,421,428
IIT Hyderabad,Artificial Intelligence,,GEN,5,837,846
IIT Hyderabad,Artificial Intelligence,,OBC,5,790,790
IIT Hyderabad,Artificial Intelligence,,EWS,5,784,784
IIT Hyderabad,Artificial Intelligence,,ST,5,546,546
IIT Hyderabad,Chemical Engineering,,GEN,5,467,526
IIT Hyderabad,Chemical Engineering,,OBC,5,438,526
IIT Hyderabad,Chemical Engineering,,SC,5,286,340
IIT Hyderabad,Chemical Engineering,,ST,5,257,257
IIT Hyderabad,Climate Change,,GEN,5,568,591
IIT Hyderabad,Climate Change,,OBC,5,527,564
IIT Hyderabad,Climate Change,,EWS,5,438,438
IIT Hyderabad,Climate Change,,SC,5,378,378
IIT Hyderabad,"Communications,Signal Processing and Learning",,GEN,5,692,707
IIT Hyderabad,"Communications,Signal Processing and Learning",,OBC,5,659,682
IIT Hyderabad,"Communications,Signal Processing and Learning",,EWS,5,651,678
IIT Hyderabad,"Communications,Signal Processing and Learning",,SC,5,495,506
IIT Hyderabad,"Communications,Signal Processing and Learning",,ST,5,409,416
IIT Hyderabad,Computer Science and Engineering,,GEN,5,826,837
IIT Hyderabad,Computer Science and Engineering,,OBC,5,772,781
IIT Hyderabad,Computer Science and Engineering,,OBC-PwD,5,343,343
IIT Hyderabad,Computer Science and Engineering,,EWS,5,789,797
IIT Hyderabad,Computer Science and Engineering,,SC,5,632,668
IIT Hyderabad,Computer Science and Engineering,,ST,5,546,560
IIT Hyderabad,Energy Science and Technology,,GEN,5,559,577
IIT Hyderabad,Energy Science and Technology,,OBC,5,508,539
IIT Hyderabad,Energy Science and Technology,,EWS,5,499,499
IIT Hyderabad,Energy Science and Technology,,SC,5,337,337
IIT Hyderabad,Environmental Engineering,,GEN,5,541,597
IIT Hyderabad,Environmental Engineering,,OBC,5,514,529
IIT Hyderabad,Environmental Engineering,,SC,5,412,412
IIT Hyderabad,E-waste Resource Engineering and Management,,GEN,5,364,414
IIT Hyderabad,E-waste Resource Engineering and Management,,OBC,5,338,338
IIT Hyderabad,E-waste Resource Engineering and Management,,SC,5,310,314
IIT Hyderabad,Geotechnical Engineering,,GEN,5,579,595
IIT Hyderabad,Geotechnical Engineering,,OBC,5,558,560
IIT Hyderabad,Geotechnical Engineering,,EWS,5,573,573
IIT Hyderabad,Hydraulics and Water Resources Engineering,,GEN,5,488,490
IIT Hyderabad,Hydraulics and Water Resources Engineering,,OBC,5,466,466
IIT Hyderabad,Hydraulics and Water Resources Engineering,,EWS,5,378,378
IIT Hyderabad,Hydraulics and Water Resources Engineering,,SC,5,363,363
IIT Hyderabad,Integrated Circuits and Microsystems Packaging,,OBC,5,425,689
IIT Hyderabad,Integrated Circuits and Microsystems Packaging,,ST,5,424,424
IIT Hyderabad,Integrated Design & Manufacturing,,GEN,5,644,663
IIT Hyderabad,Integrated Design & Manufacturing,,OBC,5,610,615
IIT Hyderabad,Integrated Design & Manufacturing,,EWS,5,584,584
IIT Hyderabad,Integrated Design & Manufacturing,,SC,5,442,481
IIT Hyderabad,Lightweighting Engineering,,GEN,5,367,399
IIT Hyderabad,Materials Science and Metallurgical Engineering,,GEN,5,499,504
IIT Hyderabad,Materials Science and Metallurgical Engineering,,OBC,5,465,487
IIT Hyderabad,Materials Science and Metallurgical Engineering,,EWS,5,380,380
IIT Hyderabad,Materials Science and Metallurgical Engineering,,SC,5,321,321
IIT Hyderabad,Materials Science and Metallurgical Engineering,,ST,5,257,257
IIT Hyderabad,Mechanics & Design,,GEN,5,677,694
IIT Hyderabad,Mechanics & Design,,OBC,5,656,667
IIT Hyderabad,Mechanics & Design,,EWS,5,631,663
IIT Hyderabad,Mechanics & Design,,SC,5,432,483
IIT Hyderabad,Mechanics & Design,,ST,5,314,352
IIT Hyderabad,Medical Biotechnology,,GEN,5,735,754
IIT Hyderabad,Medical Biotechnology,,OBC,5,598,617
IIT Hyderabad,Medical Biotechnology,,EWS,5,576,634
IIT Hyderabad,Medical Biotechnology,,SC,5,450,450
IIT Hyderabad,Medical Biotechnology,,ST,5,337,337
IIT Hyderabad,Medical Device Innovation,,GEN,5,556,565
IIT Hyderabad,Medical Device Innovation,,OBC,5,485,516
IIT Hyderabad,Medical Device Innovation,,EWS,5,526,526
IIT Hyderabad,Medical Device Innovation,,SC,5,310,310
IIT Hyderabad,"Medical Sensing, Analytics & Simulation (MedSAS)",,GEN,5,565,651
IIT Hyderabad,"Medical Sensing, Analytics & Simulation (MedSAS)",,OBC,5,490,502
IIT Hyderabad,"Medical Sensing, Analytics & Simulation (MedSAS)",,SC,5,284,310
IIT Hyderabad,Microelectronics & VLSI,,GEN,5,792,795
IIT Hyderabad,Microelectronics & VLSI,,OBC,5,749,749
IIT Hyderabad,Microelectronics & VLSI,,EWS,5,775,775
IIT Hyderabad,Microelectronics & VLSI,,ST,5,527,527
IIT Hyderabad,Nanomedicine & Biomaterials (NBM),,GEN,5,754,761
IIT Hyderabad,Nanomedicine & Biomaterials (NBM),,OBC,5,597,611
IIT Hyderabad,Nanomedicine & Biomaterials (NBM),,EWS,5,576,576
IIT Hyderabad,Nanomedicine & Biomaterials (NBM),,SC,5,450,450
IIT Hyderabad,Nanomedicine & Biomaterials (NBM),,ST,5,246,246
IIT Hyderabad,Network and Information Security,,GEN,5,784,804
IIT Hyderabad,Network and Information Security,,EWS,5,752,757
IIT Hyderabad,Network and Information Security,,SC,5,598,598
IIT Hyderabad,Ophthalmic Engineering,,GEN,5,329,442
IIT Hyderabad,Ophthalmic Engineering,,OBC,5,317,317
IIT Hyderabad,Power Electronics and Power Systems,,GEN,5,681,704
IIT Hyderabad,Power Electronics and Power Systems,,OBC,5,661,669
IIT Hyderabad,Power Electronics and Power Systems,,EWS,5,649,649
IIT Hyderabad,Power Electronics and Power Systems,,SC,5,539,539
IIT Hyderabad,Power Electronics and Power Systems,,ST,5,413,421
IIT Hyderabad,Quantum and Solid State Devices,,GEN,5,604,635
IIT Hyderabad,Quantum and Solid State Devices,,OBC,5,531,561
IIT Hyderabad,Quantum and Solid State Devices,,SC,5,412,412
IIT Hyderabad,Robotics and Intelligent System Engineering,,GEN,5,644,644
IIT Hyderabad,Robotics and Intelligent System Engineering,,EWS,5,640,640
IIT Hyderabad,Semiconductor Materials and Devices,,GEN,5,635,641
IIT Hyderabad,Semiconductor Materials and Devices,,OBC,5,565,571
IIT Hyderabad,Semiconductor Materials and Devices,,SC,5,412,412
IIT Hyderabad,Smart Mobility,,GEN,5,561,689
IIT Hyderabad,Smart Mobility,,OBC,5,685,685
IIT Hyderabad,Smart Mobility,,EWS,5,688,688
IIT Hyderabad,Smart Mobility,,SC,5,436,436
IIT Hyderabad,Smart Mobility,,ST,5,423,423
IIT Hyderabad,Structural Engineering,,GEN,5,678,678
IIT Hyderabad,Structural Engineering,,OBC,5,674,674
IIT Hyderabad,Structural Engineering,,EWS,5,605,605
IIT Hyderabad,Structural Engineering,,SC,5,520,520
IIT Hyderabad,Structural Engineering,,ST,5,518,518
IIT Hyderabad,Sustainable Engineering,,GEN,5,587,622
IIT Hyderabad,Sustainable Engineering,,OBC,5,501,543
IIT Hyderabad,Sustainable Engineering,,EWS,5,477,485
IIT Hyderabad,Sustainable Engineering,,SC,5,355,424
IIT Hyderabad,Sustainable Engineering,,ST,5,237,237
IIT Hyderabad,Systems and Control,,GEN,5,706,729
IIT Hyderabad,Systems and Control,,OBC,5,665,683
IIT Hyderabad,Systems and Control,,EWS,5,678,685
IIT Hyderabad,Systems and Control,,SC,5,500,523
IIT Hyderabad,Systems and Control,,ST,5,409,413
IIT Hyderabad,Techno-Entrepreneurship,,GEN,5,600,600
IIT Hyderabad,Techno-Entrepreneurship,,EWS,5,493,493
IIT Hyderabad,Techno-Entrepreneurship,,SC,5,381,381
IIT Hyderabad,Thermo-fluid Engineering,,GEN,5,656,680
IIT Hyderabad,Thermo-fluid Engineering,,OBC,5,612,629
IIT Hyderabad,Thermo-fluid Engineering,,EWS,5,604,608
IIT Hyderabad,Thermo-fluid Engineering,,SC,5,477,477
IIT Hyderabad,Thermo-fluid Engineering,,ST,5,279,330
IIT Hyderabad,Transportation Engineering,,OBC,5,647,647
IIT Hyderabad,Additive Manufacturing,,GEN,6,525,556
IIT Hyderabad,Additive Manufacturing,,OBC,6,501,504
IIT Hyderabad,Additive Manufacturing,,SC,6,335,335
IIT Hyderabad,Aerospace Engineering,,GEN,6,611,618
IIT Hyderabad,Aerospace Engineering,,OBC,6,587,594
IIT Hyderabad,Aerospace Engineering,,EWS,6,566,570
IIT Hyderabad,Aerospace Engineering,,SC,6,407,414
IIT Hyderabad,Artificial Intelligence,,GEN,6,826,830
IIT Hyderabad,Artificial Intelligence,,OBC,6,748,748
IIT Hyderabad,Artificial Intelligence,,EWS,6,777,777
IIT Hyderabad,Chemical Engineering,,GEN,6,462,513
IIT Hyderabad,Chemical Engineering,,OBC,6,408,413
IIT Hyderabad,Chemical Engineering,,SC,6,271,286
IIT Hyderabad,Climate Change,,GEN,6,510,549
IIT Hyderabad,Climate Change,,OBC,6,477,493
IIT Hyderabad,Climate Change,,EWS,6,389,389
IIT Hyderabad,"Communications,Signal Processing and Learning",,GEN,6,667,690
IIT Hyderabad,"Communications,Signal Processing and Learning",,OBC,6,631,659
IIT Hyderabad,"Communications,Signal Processing and Learning",,EWS,6,635,647
IIT Hyderabad,"Communications,Signal Processing and Learning",,SC,6,479,491
IIT Hyderabad,"Communications,Signal Processing and Learning",,ST,6,401,401
IIT Hyderabad,Computer Science and Engineering,,GEN,6,800,810
IIT Hyderabad,Computer Science and Engineering,,OBC,6,744,772
IIT Hyderabad,Computer Science and Engineering,,OBC-PwD,6,281,281
IIT Hyderabad,Computer Science and Engineering,,EWS,6,780,780
IIT Hyderabad,Computer Science and Engineering,,SC,6,598,602
IIT Hyderabad,Energy Science and Technology,,GEN,6,553,557
IIT Hyderabad,Energy Science and Technology,,OBC,6,487,492
IIT Hyderabad,Energy Science and Technology,,EWS,6,467,467
IIT Hyderabad,Energy Science and Technology,,SC,6,335,335
IIT Hyderabad,Environmental Engineering,,GEN,6,532,537
IIT Hyderabad,Environmental Engineering,,OBC,6,505,505
IIT Hyderabad,E-waste Resource Engineering and Management,,GEN,6,358,358
IIT Hyderabad,E-waste Resource Engineering and Management,,SC,6,276,279
IIT Hyderabad,Geotechnical Engineering,,GEN,6,552,558
IIT Hyderabad,Geotechnical Engineering,,OBC,6,529,537
IIT Hyderabad,Geotechnical Engineering,,EWS,6,473,473
IIT Hyderabad,Hydraulics and Water Resources Engineering,,GEN,6,427,434
IIT Hyderabad,Hydraulics and Water Resources Engineering,,EWS,6,340,340
IIT Hyderabad,Hydraulics and Water Resources Engineering,,SC,6,322,322
IIT Hyderabad,Integrated Circuits and Microsystems Packaging,,OBC,6,649,653
IIT Hyderabad,Integrated Circuits and Microsystems Packaging,,SC,6,495,495
IIT Hyderabad,Integrated Circuits and Microsystems Packaging,,ST,6,345,345
IIT Hyderabad,Integrated Design & Manufacturing,,GEN,6,622,639
IIT Hyderabad,Integrated Design & Manufacturing,,OBC,6,591,604
IIT Hyderabad,Integrated Design & Manufacturing,,EWS,6,566,566
IIT Hyderabad,Integrated Design & Manufacturing,,SC,6,404,411
IIT Hyderabad,Materials Science and Metallurgical Engineering,,GEN,6,489,497
IIT Hyderabad,Materials Science and Metallurgical Engineering,,EWS,6,368,368
IIT Hyderabad,Mechanics & Design,,GEN,6,642,663
IIT Hyderabad,Mechanics & Design,,OBC,6,639,639
IIT Hyderabad,Mechanics & Design,,EWS,6,608,629
IIT Hyderabad,Medical Biotechnology,,GEN,6,665,695
IIT Hyderabad,Medical Biotechnology,,OBC,6,576,597
IIT Hyderabad,Medical Biotechnology,,EWS,6,560,560
IIT Hyderabad,Medical Biotechnology,,SC,6,377,377
IIT Hyderabad,Medical Biotechnology,,ST,6,285,285
IIT Hyderabad,Medical Device Innovation,,GEN,6,549,552
IIT Hyderabad,Medical Device Innovation,,OBC,6,475,479
IIT Hyderabad,Medical Device Innovation,,EWS,6,500,500
IIT Hyderabad,Medical Device Innovation,,SC,6,283,283
IIT Hyderabad,"Medical Sensing, Analytics & Simulation (MedSAS)",,GEN,6,549,549
IIT Hyderabad,"Medical Sensing, Analytics & Simulation (MedSAS)",,SC,6,284,284
IIT Hyderabad,Microelectronics & VLSI,,GEN,6,760,788
IIT Hyderabad,Microelectronics & VLSI,,EWS,6,663,673
IIT Hyderabad,Nanomedicine & Biomaterials (NBM),,GEN,6,735,735
IIT Hyderabad,Nanomedicine & Biomaterials (NBM),,OBC,6,576,576
IIT Hyderabad,Nanomedicine & Biomaterials (NBM),,EWS,6,500,500
IIT Hyderabad,Nanomedicine & Biomaterials (NBM),,SC,6,377,377
IIT Hyderabad,Network and Information Security,,GEN,6,772,777
IIT Hyderabad,Network and Information Security,,SC,6,597,597
IIT Hyderabad,Ophthalmic Engineering,,GEN,6,314,315
IIT Hyderabad,Power Electronics and Power Systems,,GEN,6,649,673
IIT Hyderabad,Power Electronics and Power Systems,,OBC,6,634,649
IIT Hyderabad,Power Electronics and Power Systems,,EWS,6,645,649
IIT Hyderabad,Quantum and Solid State Devices,,GEN,6,592,598
IIT Hyderabad,Quantum and Solid State Devices,,OBC,6,503,527
IIT Hyderabad,Robotics and Intelligent System Engineering,,GEN,6,663,663
IIT Hyderabad,Semiconductor Materials and Devices,,GEN,6,584,604
IIT Hyderabad,Semiconductor Materials and Devices,,OBC,6,561,561
IIT Hyderabad,Semiconductor Materials and Devices,,SC,6,385,385
IIT Hyderabad,Smart Mobility,,GEN,6,526,698
IIT Hyderabad,Smart Mobility,,OBC,6,668,668
IIT Hyderabad,Smart Mobility,,EWS,6,675,675
IIT Hyderabad,Smart Mobility,,ST,6,393,393
IIT Hyderabad,Structural Engineering,,GEN,6,647,647
IIT Hyderabad,Structural Engineering,,ST,6,419,419
IIT Hyderabad,Sustainable Engineering,,GEN,6,547,547
IIT Hyderabad,Sustainable Engineering,,OBC,6,466,501
IIT Hyderabad,Sustainable Engineering,,EWS,6,390,463
IIT Hyderabad,Sustainable Engineering,,SC,6,337,354
IIT Hyderabad,Sustainable Engineering,,ST,6,203,203
IIT Hyderabad,Systems and Control,,GEN,6,686,705
IIT Hyderabad,Systems and Control,,OBC,6,649,659
IIT Hyderabad,Systems and Control,,EWS,6,647,649
IIT Hyderabad,Systems and Control,,SC,6,496,496
IIT Hyderabad,Systems and Control,,ST,6,401,401
IIT Hyderabad,Techno-Entrepreneurship,,SC,6,372,372
IIT Hyderabad,Thermo-fluid Engineering,,GEN,6,644,656
IIT Hyderabad,Thermo-fluid Engineering,,OBC,6,604,611
IIT Hyderabad,Thermo-fluid Engineering,,EWS,6,577,584
IIT Hyderabad,Thermo-fluid Engineering,,SC,6,428,428
IIT Hyderabad,Transportation Engineering,,OBC,6,427,427
IIT Hyderabad,Additive Manufacturing,,GEN,7,518,525
IIT Hyderabad,Additive Manufacturing,,OBC,7,500,500
IIT Hyderabad,Aerospace Engineering,,GEN,7,584,618
IIT Hyderabad,Aerospace Engineering,,OBC,7,566,587
IIT Hyderabad,Aerospace Engineering,,EWS,7,501,515
IIT Hyderabad,Aerospace Engineering,,SC,7,392,404
IIT Hyderabad,Artificial Intelligence,,GEN,7,807,810
IIT Hyderabad,Artificial Intelligence,,OBC,7,744,744
IIT Hyderabad,Chemical Engineering,,GEN,7,423,428
IIT Hyderabad,Chemical Engineering,,OBC,7,403,403
IIT Hyderabad,Chemical Engineering,,SC,7,262,267
IIT Hyderabad,Climate Change,,GEN,7,470,485
IIT Hyderabad,Climate Change,,OBC,7,458,463
IIT Hyderabad,"Communications,Signal Processing and Learning",,GEN,7,631,667
IIT Hyderabad,"Communications,Signal Processing and Learning",,OBC,7,588,627
IIT Hyderabad,"Communications,Signal Processing and Learning",,EWS,7,627,627
IIT Hyderabad,"Communications,Signal Processing and Learning",,SC,7,467,475
IIT Hyderabad,"Communications,Signal Processing and Learning",,ST,7,400,400
IIT Hyderabad,Computer Science and Engineering,,GEN,7,781,797
IIT Hyderabad,Computer Science and Engineering,,OBC,7,737,744
IIT Hyderabad,Computer Science and Engineering,,SC,7,592,593
IIT Hyderabad,Energy Science and Technology,,GEN,7,540,551
IIT Hyderabad,Energy Science and Technology,,OBC,7,468,484
IIT Hyderabad,Energy Science and Technology,,EWS,7,463,463
IIT Hyderabad,Energy Science and Technology,,SC,7,314,314
IIT Hyderabad,Environmental Engineering,,GEN,7,502,503
IIT Hyderabad,Environmental Engineering,,OBC,7,494,494
IIT Hyderabad,E-waste Resource Engineering and Management,,GEN,7,358,358
IIT Hyderabad,E-waste Resource Engineering and Management,,SC,7,271,271
IIT Hyderabad,Geotechnical Engineering,,GEN,7,524,535
IIT Hyderabad,Geotechnical Engineering,,OBC,7,518,518
IIT Hyderabad,Geotechnical Engineering,,EWS,7,453,453
IIT Hyderabad,Hydraulics and Water Resources Engineering,,GEN,7,419,427
IIT Hyderabad,Hydraulics and Water Resources Engineering,,EWS,7,332,332
IIT Hyderabad,Integrated Circuits and Microsystems Packaging,,OBC,7,634,634
IIT Hyderabad,Integrated Circuits and Microsystems Packaging,,SC,7,472,472
IIT Hyderabad,Integrated Circuits and Microsystems Packaging,,ST,7,327,327
IIT Hyderabad,Integrated Design & Manufacturing,,GEN,7,594,615
IIT Hyderabad,Integrated Design & Manufacturing,,OBC,7,569,580
IIT Hyderabad,Integrated Design & Manufacturing,,EWS,7,509,553
IIT Hyderabad,Materials Science and Metallurgical Engineering,,GEN,7,473,474
IIT Hyderabad,Mechanics & Design,,GEN,7,632,632
IIT Hyderabad,Mechanics & Design,,OBC,7,629,629
IIT Hyderabad,Medical Biotechnology,,GEN,7,645,663
IIT Hyderabad,Medical Biotechnology,,OBC,7,546,552
IIT Hyderabad,Medical Biotechnology,,EWS,7,550,550
IIT Hyderabad,Medical Biotechnology,,SC,7,350,350
IIT Hyderabad,Medical Biotechnology,,ST,7,246,246
IIT Hyderabad,Medical Device Innovation,,OBC,7,463,466
IIT Hyderabad,Medical Device Innovation,,EWS,7,431,431
IIT Hyderabad,Medical Device Innovation,,SC,7,280,280
IIT Hyderabad,"Medical Sensing, Analytics & Simulation (MedSAS)",,GEN,7,536,536
IIT Hyderabad,Nanomedicine & Biomaterials (NBM),,GEN,7,665,665
IIT Hyderabad,Nanomedicine & Biomaterials (NBM),,OBC,7,558,558
IIT Hyderabad,Nanomedicine & Biomaterials (NBM),,EWS,7,450,450
IIT Hyderabad,Network and Information Security,,GEN,7,767,770
IIT Hyderabad,Network and Information Security,,SC,7,589,589
IIT Hyderabad,Power Electronics and Power Systems,,GEN,7,634,637
IIT Hyderabad,Power Electronics and Power Systems,,OBC,7,622,622
IIT Hyderabad,Power Electronics and Power Systems,,EWS,7,594,594
IIT Hyderabad,Quantum and Solid State Devices,,GEN,7,582,584
IIT Hyderabad,Quantum and Solid State Devices,,OBC,7,495,499
IIT Hyderabad,Robotics and Intelligent System Engineering,,GEN,7,642,642
IIT Hyderabad,Semiconductor Materials and Devices,,GEN,7,563,584
IIT Hyderabad,Semiconductor Materials and Devices,,SC,7,374,374
IIT Hyderabad,Smart Mobility,,GEN,7,632,642
IIT Hyderabad,Smart Mobility,,EWS,7,615,615
IIT Hyderabad,Smart Mobility,,ST,7,338,338
IIT Hyderabad,Structural Engineering,,GEN,7,633,633
IIT Hyderabad,Sustainable Engineering,,OBC,7,457,463
IIT Hyderabad,Sustainable Engineering,,EWS,7,358,389
IIT Hyderabad,Sustainable Engineering,,SC,7,334,334
IIT Hyderabad,Systems and Control,,GEN,7,659,670
IIT Hyderabad,Systems and Control,,OBC,7,627,631
IIT Hyderabad,Systems and Control,,ST,7,400,400
IIT Hyderabad,Thermo-fluid Engineering,,GEN,7,617,617
IIT Hyderabad,Thermo-fluid Engineering,,OBC,7,587,601
IIT Hyderabad,Thermo-fluid Engineering,,EWS,7,525,549
IIT Hyderabad,Transportation Engineering,,OBC,7,610,610
IIT Hyderabad,Additive Manufacturing,,GEN,8,507,513
IIT Hyderabad,Additive Manufacturing,,OBC,8,477,477
IIT Hyderabad,Aerospace Engineering,,GEN,8,564,573
IIT Hyderabad,Aerospace Engineering,,SC,8,373,392
IIT Hyderabad,Artificial Intelligence,,GEN,8,795,796
IIT Hyderabad,Artificial Intelligence,,OBC,8,743,743
IIT Hyderabad,Chemical Engineering,,OBC,8,398,398
IIT Hyderabad,Climate Change,,GEN,8,470,470
IIT Hyderabad,Climate Change,,OBC,8,457,457
IIT Hyderabad,"Communications,Signal Processing and Learning",,GEN,8,604,623
IIT Hyderabad,"Communications,Signal Processing and Learning",,OBC,8,581,588
IIT Hyderabad,"Communications,Signal Processing and Learning",,EWS,8,616,616
IIT Hyderabad,"Communications,Signal Processing and Learning",,SC,8,459,467
IIT Hyderabad,"Communications,Signal Processing and Learning",,ST,8,346,346
IIT Hyderabad,Computer Science and Engineering,,OBC,8,734,734
IIT Hyderabad,Computer Science and Engineering,,SC,8,575,589
IIT Hyderabad,Energy Science and Technology,,GEN,8,521,521
IIT Hyderabad,Energy Science and Technology,,OBC,8,446,446
IIT Hyderabad,Energy Science and Technology,,EWS,8,424,424
IIT Hyderabad,Energy Science and Technology,,SC,8,311,311
IIT Hyderabad,Environmental Engineering,,GEN,8,490,498
IIT Hyderabad,Environmental Engineering,,OBC,8,488,488
IIT Hyderabad,E-waste Resource Engineering and Management,,GEN,8,355,355
IIT Hyderabad,Geotechnical Engineering,,GEN,8,503,511
IIT Hyderabad,Geotechnical Engineering,,OBC,8,503,503
IIT Hyderabad,Geotechnical Engineering,,EWS,8,435,435
IIT Hyderabad,Hydraulics and Water Resources Engineering,,GEN,8,419,419
IIT Hyderabad,Hydraulics and Water Resources Engineering,,EWS,8,321,321
IIT Hyderabad,Integrated Design & Manufacturing,,GEN,8,573,591
IIT Hyderabad,Integrated Design & Manufacturing,,OBC,8,548,559
IIT Hyderabad,Materials Science and Metallurgical Engineering,,GEN,8,453,453
IIT Hyderabad,Mechanics & Design,,GEN,8,612,618
IIT Hyderabad,Mechanics & Design,,OBC,8,587,609
IIT Hyderabad,Medical Biotechnology,,OBC,8,539,539
IIT Hyderabad,Medical Device Innovation,,OBC,8,424,448
IIT Hyderabad,Medical Device Innovation,,SC,8,280,280
IIT Hyderabad,"Medical Sensing, Analytics & Simulation (MedSAS)",,GEN,8,509,509
IIT Hyderabad,Microelectronics & VLSI,,GEN,8,747,747
IIT Hyderabad,Microelectronics & VLSI,,ST,8,500,500
IIT Hyderabad,Nanomedicine & Biomaterials (NBM),,GEN,8,630,630
IIT Hyderabad,Nanomedicine & Biomaterials (NBM),,OBC,8,552,552
IIT Hyderabad,Ophthalmic Engineering,,GEN,8,310,310
IIT Hyderabad,Power Electronics and Power Systems,,GEN,8,614,618
IIT Hyderabad,Power Electronics and Power Systems,,OBC,8,582,582
IIT Hyderabad,Power Electronics and Power Systems,,EWS,8,586,586
IIT Hyderabad,Quantum and Solid State Devices,,GEN,8,557,573
IIT Hyderabad,Quantum and Solid State Devices,,OBC,8,483,488
IIT Hyderabad,Robotics and Intelligent System Engineering,,GEN,8,594,622
IIT Hyderabad,Semiconductor Materials and Devices,,GEN,8,557,559
IIT Hyderabad,Smart Mobility,,GEN,8,488,622
IIT Hyderabad,Structural Engineering,,GEN,8,622,622
IIT Hyderabad,Structural Engineering,,ST,8,419,419
IIT Hyderabad,Sustainable Engineering,,OBC,8,424,456
IIT Hyderabad,Sustainable Engineering,,SC,8,314,314
IIT Hyderabad,Systems and Control,,GEN,8,620,657
IIT Hyderabad,Systems and Control,,OBC,8,602,614
IIT Hyderabad,Systems and Control,,ST,8,397,397
IIT Hyderabad,Thermo-fluid Engineering,,GEN,8,608,611
IIT Hyderabad,Thermo-fluid Engineering,,OBC,8,559,577
IIT Hyderabad,Thermo-fluid Engineering,,EWS,8,515,515
IIT Hyderabad,Transportation Engineering,,OBC,8,583,583
IIT Hyderabad,Additive Manufacturing,,GEN,9,497,504
IIT Hyderabad,Additive Manufacturing,,OBC,9,459,459
IIT Hyderabad,Aerospace Engineering,,GEN,9,544,563
IIT Hyderabad,Aerospace Engineering,,EWS,9,462,485
IIT Hyderabad,Aerospace Engineering,,SC,9,343,371
IIT Hyderabad,Aerospace Engineering,,ST,9,396,396
IIT Hyderabad,Artificial Intelligence,,GEN,9,790,790
IIT Hyderabad,Artificial Intelligence,,OBC,9,741,741
IIT Hyderabad,Chemical Engineering,,OBC,9,374,374
IIT Hyderabad,Climate Change,,OBC,9,416,416
IIT Hyderabad,"Communications,Signal Processing and Learning",,GEN,9,584,608
IIT Hyderabad,"Communications,Signal Processing and Learning",,OBC,9,581,581
IIT Hyderabad,"Communications,Signal Processing and Learning",,EWS,9,569,569
IIT Hyderabad,"Communications,Signal Processing and Learning",,SC,9,414,444
IIT Hyderabad,"Communications,Signal Processing and Learning",,ST,9,345,345
IIT Hyderabad,Computer Science and Engineering,,OBC,9,733,733
IIT Hyderabad,Energy Science and Technology,,EWS,9,358,358
IIT Hyderabad,Energy Science and Technology,,SC,9,310,310
IIT Hyderabad,Environmental Engineering,,GEN,9,484,484
IIT Hyderabad,Environmental Engineering,,OBC,9,461,461
IIT Hyderabad,Geotechnical Engineering,,GEN,9,476,502
IIT Hyderabad,Geotechnical Engineering,,OBC,9,463,475
IIT Hyderabad,Geotechnical Engineering,,EWS,9,382,434
IIT Hyderabad,Geotechnical Engineering,,ST,9,347,347
IIT Hyderabad,Hydraulics and Water Resources Engineering,,GEN,9,415,415
IIT Hyderabad,Integrated Design & Manufacturing,,GEN,9,556,573
IIT Hyderabad,Integrated Design & Manufacturing,,EWS,9,463,467
IIT Hyderabad,Mechanics & Design,,GEN,9,573,608
IIT Hyderabad,Mechanics & Design,,OBC,9,566,573
IIT Hyderabad,Medical Biotechnology,,OBC,9,539,539
IIT Hyderabad,"Medical Sensing, Analytics & Simulation (MedSAS)",,GEN,9,498,498
IIT Hyderabad,Microelectronics & VLSI,,GEN,9,743,743
IIT Hyderabad,Nanomedicine & Biomaterials (NBM),,OBC,9,534,534
IIT Hyderabad,Ophthalmic Engineering,,GEN,9,280,280
IIT Hyderabad,Power Electronics and Power Systems,,GEN,9,610,610
IIT Hyderabad,Power Electronics and Power Systems,,OBC,9,606,606
IIT Hyderabad,Quantum and Solid State Devices,,GEN,9,510,555
IIT Hyderabad,Quantum and Solid State Devices,,OBC,9,464,481
IIT Hyderabad,Robotics and Intelligent System Engineering,,GEN,9,567,573
IIT Hyderabad,Semiconductor Materials and Devices,,GEN,9,551,551
IIT Hyderabad,Smart Mobility,,GEN,9,487,487
IIT Hyderabad,Structural Engineering,,ST,9,393,393
IIT Hyderabad,Sustainable Engineering,,SC,9,314,314
IIT Hyderabad,Systems and Control,,GEN,9,620,620
IIT Hyderabad,Systems and Control,,ST,9,374,374
IIT Hyderabad,Techno-Entrepreneurship,,EWS,9,483,483
IIT Hyderabad,Thermo-fluid Engineering,,GEN,9,573,601
IIT Hyderabad,Thermo-fluid Engineering,,OBC,9,539,559
IIT Hyderabad,Thermo-fluid Engineering,,EWS,9,485,501
IIT Hyderabad,Transportation Engineering,,OBC,9,579,579
IIT Hyderabad,Additive Manufacturing,,GEN,10,483,483
IIT Hyderabad,Additive Manufacturing,,OBC,10,434,434
IIT Hyderabad,Aerospace Engineering,,GEN,10,529,543
IIT Hyderabad,Aerospace Engineering,,EWS,10,445,445
IIT Hyderabad,Artificial Intelligence,,GEN,10,772,772
IIT Hyderabad,Artificial Intelligence,,OBC,10,721,739
IIT Hyderabad,Chemical Engineering,,GEN,10,418,418
IIT Hyderabad,Chemical Engineering,,OBC,10,369,369
IIT Hyderabad,Climate Change,,OBC,10,405,405
IIT Hyderabad,"Communications,Signal Processing and Learning",,GEN,10,573,584
IIT Hyderabad,"Communications,Signal Processing and Learning",,OBC,10,565,573
IIT Hyderabad,"Communications,Signal Processing and Learning",,EWS,10,565,565
IIT Hyderabad,"Communications,Signal Processing and Learning",,SC,10,400,412
IIT Hyderabad,Energy Science and Technology,,EWS,10,323,323
IIT Hyderabad,Energy Science and Technology,,SC,10,294,294
IIT Hyderabad,Environmental Engineering,,OBC,10,446,446
IIT Hyderabad,Geotechnical Engineering,,GEN,10,416,475
IIT Hyderabad,Geotechnical Engineering,,ST,10,340,340
IIT Hyderabad,Integrated Design & Manufacturing,,GEN,10,553,553
IIT Hyderabad,Integrated Design & Manufacturing,,EWS,10,412,412
IIT Hyderabad,Mechanics & Design,,GEN,10,573,573
IIT Hyderabad,Mechanics & Design,,OBC,10,555,555
IIT Hyderabad,Medical Biotechnology,,OBC,10,534,534
IIT Hyderabad,Medical Device Innovation,,OBC,10,421,421
IIT Hyderabad,Microelectronics & VLSI,,GEN,10,736,737
IIT Hyderabad,Nanomedicine & Biomaterials (NBM),,OBC,10,530,530
IIT Hyderabad,Ophthalmic Engineering,,GEN,10,279,279
IIT Hyderabad,Power Electronics and Power Systems,,GEN,10,602,606
IIT Hyderabad,Power Electronics and Power Systems,,EWS,10,578,578
IIT Hyderabad,Quantum and Solid State Devices,,GEN,10,463,506
IIT Hyderabad,Semiconductor Materials and Devices,,GEN,10,538,545
IIT Hyderabad,Sustainable Engineering,,SC,10,280,295
IIT Hyderabad,Systems and Control,,GEN,10,608,620
IIT Hyderabad,Thermo-fluid Engineering,,OBC,10,525,528
IIT Hyderabad,Transportation Engineering,,OBC,10,571,571
IIT Jodhpur,BBE,,GEN,1,695,839
IIT Jodhpur,BBE,,OBC,1,624,723
IIT Jodhpur,BBE,,SC,1,591,597
IIT Jodhpur,BBE,,ST,1,351,351
IIT Jodhpur,BBE,,EWS,1,618,618
IIT Jodhpur,CSA,,GEN,1,777,811
IIT Jodhpur,CSA,,OBC,1,752,764
IIT Jodhpur,CSA,,SC,1,675,678
IIT Jodhpur,CSA,,ST,1,536,536
IIT Jodhpur,CSA,,EWS,1,752,752
IIT Jodhpur,CSE,,GEN,1,768,793
IIT Jodhpur,CSE,,OBC,1,747,764
IIT Jodhpur,CSE,,SC,1,675,678
IIT Jodhpur,CSE,,ST,1,536,536
IIT Jodhpur,CSE,,EWS,1,767,767
IIT Jodhpur,EET,,OBC,1,689,689
IIT Jodhpur,EET,,EWS,1,572,572
IIT Jodhpur,EEC,,OBC,1,643,643
IIT Jodhpur,EEC,,SC,1,585,585
IIT Jodhpur,EEI,,EWS,1,557,557
IIT Jodhpur,EEI,,PwD,1,397,397
IIT Jodhpur,MAC,,ST,1,536,536
IIT Jodhpur,MEA,,ST,1,408,408
IIT Jodhpur,MEA,,EWS,1,663,663
IIT Jodhpur,MEA,,PwD,1,248,248
IIT Jodhpur,MET,,SC,1,684,684
IIT Jodhpur,MET,,ST,1,437,437
IIT Jodhpur,MET,,EWS,1,663,663
IIT Jodhpur,MET,,PwD,1,646,646
IIT Jodhpur,DAD,,GEN,1,585,596
IIT Jodhpur,DAD,,OBC,1,456,501
IIT Jodhpur,DAD,,SC,1,397,428
IIT Jodhpur,DAD,,ST,1,437,437
IIT Jodhpur,DAD,,EWS,1,573,573
IIT Jodhpur,MTE,,GEN,1,611,684
IIT Jodhpur,MTE,,OBC,1,560,596
IIT Jodhpur,MTE,,SC,1,376,412
IIT Jodhpur,MTE,,ST,1,408,408
IIT Jodhpur,MTE,,EWS,1,543,543
IIT Jodhpur,CIE,,GEN,1,543,560
IIT Jodhpur,CIE,,OBC,1,522,528
IIT Jodhpur,CIE,,SC,1,434,509
IIT Jodhpur,CIE,,ST,1,370,370
IIT Jodhpur,CIE,,EWS,1,463,463
IIT Jodhpur,CIN,,GEN,1,528,554
IIT Jodhpur,CIN,,OBC,1,479,507
IIT Jodhpur,CIN,,SC,1,409,434
IIT Jodhpur,CIN,,ST,1,366,366
IIT Jodhpur,CIN,,EWS,1,518,518
IIT Jodhpur,BRE,,GEN,1,528,560
IIT Jodhpur,BRE,,OBC,1,468,528
IIT Jodhpur,BRE,,SC,1,359,409
IIT Jodhpur,BRE,,ST,1,370,370
IIT Jodhpur,BRE,,EWS,1,488,488
IIT Jodhpur,IRM,,OBC,1,706,717
IIT Jodhpur,IRM,,SC,1,510,510
IIT Jodhpur,IRM,,ST,1,483,483
IIT Jodhpur,IRM,,EWS,1,663,663
IIT Jodhpur,IQT,,OBC,1,610,639
IIT Jodhpur,IQT,,SC,1,414,417
IIT Jodhpur,IQT,,ST,1,429,429
IIT Jodhpur,IQT,,EWS,1,556,556
IIT Jodhpur,AIR,,OBC,1,660,752
IIT Jodhpur,AIR,,SC,1,531,678
IIT Jodhpur,AIR,,ST,1,483,483
IIT Jodhpur,AIR,,EWS,1,668,668
IIT Jodhpur,BBE,,GEN,2,656,695
IIT Jodhpur,BBE,,OBC,2,578,597
IIT Jodhpur,BBE,,SC,2,445,492
IIT Jodhpur,BBE,,ST,2,351,351
IIT Jodhpur,BBE,,EWS,2,611,611
IIT Jodhpur,CSA,,GEN,2,764,768
IIT Jodhpur,CSA,,OBC,2,731,747
IIT Jodhpur,CSA,,SC,2,598,602
IIT Jodhpur,CSA,,ST,2,510,510
IIT Jodhpur,CSA,,EWS,2,735,735
IIT Jodhpur,CSE,,GEN,2,764,789
IIT Jodhpur,CSE,,OBC,2,731,734
IIT Jodhpur,CSE,,SC,2,656,675
IIT Jodhpur,CSE,,ST,2,536,536
IIT Jodhpur,CSE,,EWS,2,752,752
IIT Jodhpur,EET,,OBC,2,639,648
IIT Jodhpur,EET,,ST,2,358,358
IIT Jodhpur,EET,,EWS,2,572,572
IIT Jodhpur,EEC,,GEN,2,754,754
IIT Jodhpur,EEC,,OBC,2,625,643
IIT Jodhpur,EEC,,SC,2,519,526
IIT Jodhpur,EEI,,EWS,2,541,541
IIT Jodhpur,EEV,,OBC,2,641,689
IIT Jodhpur,EEV,,SC,2,602,602
IIT Jodhpur,EEV,,ST,2,429,429
IIT Jodhpur,MAC,,SC,2,675,675
IIT Jodhpur,MAC,,ST,2,510,510
IIT Jodhpur,MEA,,OBC,2,649,719
IIT Jodhpur,MEA,,SC,2,483,483
IIT Jodhpur,MEA,,ST,2,314,314
IIT Jodhpur,MEA,,EWS,2,584,584
IIT Jodhpur,MEA,,PwD,2,238,238
IIT Jodhpur,MET,,OBC,2,577,580
IIT Jodhpur,MET,,SC,2,442,483
IIT Jodhpur,MET,,ST,2,314,314
IIT Jodhpur,MET,,EWS,2,525,525
IIT Jodhpur,MET,,PwD,2,559,559
IIT Jodhpur,DAD,,GEN,2,536,584
IIT Jodhpur,DAD,,OBC,2,437,456
IIT Jodhpur,DAD,,SC,2,351,362
IIT Jodhpur,DAD,,ST,2,283,283
IIT Jodhpur,DAD,,EWS,2,467,467
IIT Jodhpur,MTE,,GEN,2,525,585
IIT Jodhpur,MTE,,OBC,2,406,504
IIT Jodhpur,MTE,,SC,2,318,376
IIT Jodhpur,MTE,,ST,2,257,257
IIT Jodhpur,MTE,,EWS,2,456,456
IIT Jodhpur,CHE,,GEN,2,459,585
IIT Jodhpur,CHE,,OBC,2,426,532
IIT Jodhpur,CHE,,SC,2,272,272
IIT Jodhpur,CHE,,ST,2,232,232
IIT Jodhpur,CHE,,EWS,2,422,422
IIT Jodhpur,CIE,,GEN,2,507,554
IIT Jodhpur,CIE,,OBC,2,468,502
IIT Jodhpur,CIE,,SC,2,415,423
IIT Jodhpur,CIE,,ST,2,366,366
IIT Jodhpur,CIE,,EWS,2,463,463
IIT Jodhpur,BRE,,GEN,2,488,543
IIT Jodhpur,BRE,,OBC,2,431,465
IIT Jodhpur,BRE,,SC,2,333,359
IIT Jodhpur,BRE,,ST,2,366,366
IIT Jodhpur,BRE,,EWS,2,472,472
IIT Jodhpur,IRM,,OBC,2,690,690
IIT Jodhpur,IRM,,SC,2,510,510
IIT Jodhpur,IRM,,ST,2,366,366
IIT Jodhpur,IRM,,EWS,2,598,598
IIT Jodhpur,IQT,,OBC,2,610,639
IIT Jodhpur,IQT,,SC,2,414,417
IIT Jodhpur,IQT,,ST,2,284,284
IIT Jodhpur,IQT,,EWS,2,556,556
IIT Jodhpur,AIR,,OBC,2,643,655
IIT Jodhpur,AIR,,SC,2,510,519
IIT Jodhpur,AIR,,ST,2,483,483
IIT Jodhpur,AIR,,EWS,2,668,668
IIT Jodhpur,BBE,,GEN,3,598,639
IIT Jodhpur,BBE,,OBC,3,532,581
IIT Jodhpur,BBE,,SC,3,361,382
IIT Jodhpur,BBE,,ST,3,351,351
IIT Jodhpur,BBE,,EWS,3,597,597
IIT Jodhpur,CSA,,GEN,3,754,768
IIT Jodhpur,CSA,,OBC,3,722,727
IIT Jodhpur,CSA,,SC,3,585,589
IIT Jodhpur,CSA,,ST,3,496,496
IIT Jodhpur,CSA,,EWS,3,735,735
IIT Jodhpur,CSE,,GEN,3,754,789
IIT Jodhpur,CSE,,OBC,3,722,727
IIT Jodhpur,CSE,,SC,3,598,602
IIT Jodhpur,CSE,,ST,3,510,510
IIT Jodhpur,CSE,,EWS,3,752,752
IIT Jodhpur,EET,,GEN,3,702,702
IIT Jodhpur,EET,,OBC,3,639,689
IIT Jodhpur,EET,,ST,3,346,346
IIT Jodhpur,EET,,EWS,3,572,572
IIT Jodhpur,EEC,,GEN,3,689,735
IIT Jodhpur,EEC,,OBC,3,622,643
IIT Jodhpur,EEC,,SC,3,506,519
IIT Jodhpur,EEI,,OBC,3,510,553
IIT Jodhpur,EEI,,ST,3,366,366
IIT Jodhpur,EEI,,EWS,3,541,541
IIT Jodhpur,EEV,,OBC,3,612,641
IIT Jodhpur,EEV,,SC,3,531,531
IIT Jodhpur,EEV,,ST,3,393,393
IIT Jodhpur,EEV,,EWS,3,732,732
IIT Jodhpur,MAC,,SC,3,598,598
IIT Jodhpur,MAC,,ST,3,473,473
IIT Jodhpur,MEA,,OBC,3,596,646
IIT Jodhpur,MEA,,SC,3,442,442
IIT Jodhpur,MEA,,ST,3,283,283
IIT Jodhpur,MEA,,EWS,3,573,573
IIT Jodhpur,MET,,OBC,3,511,535
IIT Jodhpur,MET,,SC,3,407,428
IIT Jodhpur,MET,,ST,3,283,283
IIT Jodhpur,MET,,EWS,3,525,525
IIT Jodhpur,MET,,PwD,3,511,511
IIT Jodhpur,DAD,,GEN,3,502,536
IIT Jodhpur,DAD,,OBC,3,437,456
IIT Jodhpur,DAD,,SC,3,301,311
IIT Jodhpur,DAD,,ST,3,269,269
IIT Jodhpur,DAD,,EWS,3,438,438
IIT Jodhpur,MTE,,GEN,3,420,511
IIT Jodhpur,MTE,,OBC,3,421,511
IIT Jodhpur,MTE,,SC,3,318,376
IIT Jodhpur,MTE,,ST,3,248,248
IIT Jodhpur,MTE,,EWS,3,456,456
IIT Jodhpur,CHE,,GEN,3,534,598
IIT Jodhpur,CHE,,OBC,3,426,457
IIT Jodhpur,CHE,,SC,3,272,272
IIT Jodhpur,CHE,,ST,3,227,227
IIT Jodhpur,CHE,,EWS,3,422,422
IIT Jodhpur,CIE,,GEN,3,497,554
IIT Jodhpur,CIE,,OBC,3,465,479
IIT Jodhpur,CIE,,SC,3,409,423
IIT Jodhpur,CIE,,ST,3,366,366
IIT Jodhpur,CIE,,EWS,3,463,463
IIT Jodhpur,BRE,,GEN,3,475,543
IIT Jodhpur,BRE,,OBC,3,404,431
IIT Jodhpur,BRE,,SC,3,329,333
IIT Jodhpur,BRE,,ST,3,310,310
IIT Jodhpur,BRE,,EWS,3,400,400
IIT Jodhpur,IRM,,OBC,3,672,689
IIT Jodhpur,IRM,,SC,3,463,510
IIT Jodhpur,IRM,,ST,3,366,366
IIT Jodhpur,IRM,,EWS,3,598,598
IIT Jodhpur,IQT,,GEN,3,628,789
IIT Jodhpur,IQT,,OBC,3,553,610
IIT Jodhpur,IQT,,SC,3,404,404
IIT Jodhpur,IQT,,ST,3,284,284
IIT Jodhpur,IQT,,EWS,3,556,556
IIT Jodhpur,AIR,,OBC,3,643,655
IIT Jodhpur,AIR,,SC,3,491,506
IIT Jodhpur,AIR,,ST,3,380,380
IIT Jodhpur,AIR,,EWS,3,668,668
IIT Jodhpur,BBE,,GEN,4,571,591
IIT Jodhpur,BBE,,OBC,4,492,581
IIT Jodhpur,BBE,,SC,4,335,361
IIT Jodhpur,BBE,,ST,4,272,272
IIT Jodhpur,BBE,,EWS,4,585,585
IIT Jodhpur,CSA,,GEN,4,751,754
IIT Jodhpur,CSA,,OBC,4,710,717
IIT Jodhpur,CSA,,SC,4,572,573
IIT Jodhpur,CSA,,ST,4,496,496
IIT Jodhpur,CSA,,EWS,4,735,735
IIT Jodhpur,CSE,,GEN,4,752,764
IIT Jodhpur,CSE,,OBC,4,714,727
IIT Jodhpur,CSE,,SC,4,585,589
IIT Jodhpur,CSE,,ST,4,496,496
IIT Jodhpur,CSE,,EWS,4,752,752
IIT Jodhpur,EET,,GEN,4,641,645
IIT Jodhpur,EET,,OBC,4,602,648
IIT Jodhpur,EET,,ST,4,338,338
IIT Jodhpur,EET,,EWS,4,527,527
IIT Jodhpur,EEC,,GEN,4,661,689
IIT Jodhpur,EEC,,OBC,4,568,602
IIT Jodhpur,EEC,,SC,4,473,483
IIT Jodhpur,EEI,,OBC,4,491,553
IIT Jodhpur,EEI,,SC,4,420,515
IIT Jodhpur,EEI,,ST,4,346,346
IIT Jodhpur,EEI,,EWS,4,541,541
IIT Jodhpur,EEV,,GEN,4,764,764
IIT Jodhpur,EEV,,OBC,4,584,641
IIT Jodhpur,EEV,,SC,4,531,531
IIT Jodhpur,EEV,,ST,4,366,366
IIT Jodhpur,EEV,,EWS,4,584,584
IIT Jodhpur,MAC,,SC,4,568,568
IIT Jodhpur,MAC,,ST,4,473,473
IIT Jodhpur,MAC,,EWS,4,718,718
IIT Jodhpur,MEA,,GEN,4,639,698
IIT Jodhpur,MEA,,OBC,4,559,580
IIT Jodhpur,MEA,,SC,4,435,435
IIT Jodhpur,MEA,,ST,4,269,269
IIT Jodhpur,MEA,,EWS,4,542,542
IIT Jodhpur,MET,,GEN,4,584,608
IIT Jodhpur,MET,,OBC,4,508,511
IIT Jodhpur,MET,,SC,4,397,407
IIT Jodhpur,MET,,ST,4,269,269
IIT Jodhpur,MET,,EWS,4,525,525
IIT Jodhpur,DAD,,GEN,4,487,536
IIT Jodhpur,DAD,,OBC,4,437,439
IIT Jodhpur,DAD,,SC,4,301,311
IIT Jodhpur,DAD,,EWS,4,438,438
IIT Jodhpur,MTE,,GEN,4,449,506
IIT Jodhpur,MTE,,OBC,4,369,401
IIT Jodhpur,MTE,,SC,4,286,318
IIT Jodhpur,MTE,,ST,4,248,248
IIT Jodhpur,MTE,,EWS,4,520,520
IIT Jodhpur,CHE,,GEN,4,534,552
IIT Jodhpur,CHE,,OBC,4,418,428
IIT Jodhpur,CHE,,SC,4,272,272
IIT Jodhpur,CHE,,ST,4,227,227
IIT Jodhpur,CHE,,EWS,4,422,422
IIT Jodhpur,CIE,,GEN,4,465,482
IIT Jodhpur,CIE,,OBC,4,453,464
IIT Jodhpur,CIE,,SC,4,409,423
IIT Jodhpur,CIE,,ST,4,291,291
IIT Jodhpur,CIE,,EWS,4,442,442
IIT Jodhpur,CIN,,GEN,4,427,453
IIT Jodhpur,CIN,,OBC,4,403,412
IIT Jodhpur,CIN,,SC,4,337,337
IIT Jodhpur,CIN,,ST,4,286,286
IIT Jodhpur,BRE,,GEN,4,451,475
IIT Jodhpur,BRE,,OBC,4,404,431
IIT Jodhpur,BRE,,SC,4,317,333
IIT Jodhpur,BRE,,ST,4,286,286
IIT Jodhpur,BRE,,EWS,4,400,400
IIT Jodhpur,IRM,,OBC,4,608,672
IIT Jodhpur,IRM,,SC,4,435,442
IIT Jodhpur,IRM,,ST,4,366,366
IIT Jodhpur,IRM,,EWS,4,573,573
IIT Jodhpur,IQT,,GEN,4,628,789
IIT Jodhpur,IQT,,OBC,4,552,562
IIT Jodhpur,IQT,,SC,4,374,374
IIT Jodhpur,IQT,,ST,4,284,284
IIT Jodhpur,IQT,,EWS,4,516,516
IIT Jodhpur,AIR,,OBC,4,612,655
IIT Jodhpur,AIR,,SC,4,430,440
IIT Jodhpur,AIR,,ST,4,380,380
IIT Jodhpur,AIR,,EWS,4,638,638
IIT Jodhpur,BBE,,GEN,5,565,591
IIT Jodhpur,BBE,,OBC,5,492,500
IIT Jodhpur,BBE,,SC,5,311,335
IIT Jodhpur,BBE,,ST,5,246,246
IIT Jodhpur,BBE,,EWS,5,576,576
IIT Jodhpur,CSA,,GEN,5,747,751
IIT Jodhpur,CSA,,OBC,5,706,717
IIT Jodhpur,CSA,,SC,5,568,573
IIT Jodhpur,CSA,,ST,5,473,473
IIT Jodhpur,CSA,,EWS,5,735,735
IIT Jodhpur,CSE,,GEN,5,747,751
IIT Jodhpur,CSE,,OBC,5,706,710
IIT Jodhpur,CSE,,SC,5,572,585
IIT Jodhpur,CSE,,ST,5,496,496
IIT Jodhpur,EET,,GEN,5,631,632
IIT Jodhpur,EET,,OBC,5,562,585
IIT Jodhpur,EET,,ST,5,314,314
IIT Jodhpur,EET,,EWS,5,527,527
IIT Jodhpur,EEC,,GEN,5,628,639
IIT Jodhpur,EEC,,OBC,5,562,602
IIT Jodhpur,EEC,,SC,5,421,483
IIT Jodhpur,EEI,,GEN,5,635,635
IIT Jodhpur,EEI,,OBC,5,487,553
IIT Jodhpur,EEI,,SC,5,381,401
IIT Jodhpur,EEI,,ST,5,307,307
IIT Jodhpur,EEI,,EWS,5,530,530
IIT Jodhpur,EEV,,GEN,5,657,702
IIT Jodhpur,EEV,,OBC,5,573,584
IIT Jodhpur,EEV,,SC,5,531,531
IIT Jodhpur,EEV,,ST,5,358,358
IIT Jodhpur,EEV,,EWS,5,575,575
IIT Jodhpur,MAC,,SC,5,564,564
IIT Jodhpur,MAC,,ST,5,440,440
IIT Jodhpur,MAC,,EWS,5,718,718
IIT Jodhpur,MEA,,GEN,5,632,639
IIT Jodhpur,MEA,,OBC,5,525,535
IIT Jodhpur,MEA,,SC,5,428,428
IIT Jodhpur,MEA,,ST,5,262,262
IIT Jodhpur,MEA,,EWS,5,542,542
IIT Jodhpur,MET,,GEN,5,580,584
IIT Jodhpur,MET,,OBC,5,490,501
IIT Jodhpur,MET,,SC,5,383,407
IIT Jodhpur,MET,,ST,5,262,262
IIT Jodhpur,MET,,EWS,5,518,518
IIT Jodhpur,DAD,,GEN,5,483,518
IIT Jodhpur,DAD,,OBC,5,397,437
IIT Jodhpur,DAD,,SC,5,301,311
IIT Jodhpur,DAD,,EWS,5,438,438
IIT Jodhpur,MTE,,GEN,5,449,506
IIT Jodhpur,MTE,,OBC,5,369,401
IIT Jodhpur,MTE,,SC,5,286,286
IIT Jodhpur,MTE,,EWS,5,438,438
IIT Jodhpur,CHE,,GEN,5,431,552
IIT Jodhpur,CHE,,OBC,5,379,403
IIT Jodhpur,CHE,,ST,5,227,227
IIT Jodhpur,CHE,,EWS,5,394,394
IIT Jodhpur,CIE,,GEN,5,451,482
IIT Jodhpur,CIE,,OBC,5,434,435
IIT Jodhpur,CIE,,SC,5,337,389
IIT Jodhpur,CIE,,ST,5,287,287
IIT Jodhpur,CIE,,EWS,5,389,389
IIT Jodhpur,CIN,,GEN,5,412,431
IIT Jodhpur,CIN,,OBC,5,397,412
IIT Jodhpur,CIN,,SC,5,337,337
IIT Jodhpur,CIN,,ST,5,286,286
IIT Jodhpur,BRE,,GEN,5,432,475
IIT Jodhpur,BRE,,OBC,5,385,403
IIT Jodhpur,BRE,,SC,5,311,317
IIT Jodhpur,BRE,,ST,5,275,275
IIT Jodhpur,BRE,,EWS,5,389,389
IIT Jodhpur,IRM,,OBC,5,602,608
IIT Jodhpur,IRM,,SC,5,426,435
IIT Jodhpur,IRM,,ST,5,338,338
IIT Jodhpur,IRM,,EWS,5,572,572
IIT Jodhpur,IQT,,GEN,5,622,789
IIT Jodhpur,IQT,,OBC,5,552,562
IIT Jodhpur,IQT,,SC,5,374,374
IIT Jodhpur,IQT,,EWS,5,516,516
IIT Jodhpur,AIR,,OBC,5,602,612
IIT Jodhpur,AIR,,SC,5,414,424
IIT Jodhpur,AIR,,ST,5,380,380
IIT Jodhpur,AIR,,EWS,5,638,638
IIT Jodhpur,CSA,,GEN,6,743,747
IIT Jodhpur,CSA,,OBC,6,704,704
IIT Jodhpur,CSA,,SC,6,552,564
IIT Jodhpur,CSA,,ST,6,453,453
IIT Jodhpur,CSA,,EWS,6,727,727
IIT Jodhpur,EET,,GEN,6,624,625
IIT Jodhpur,EET,,OBC,6,531,560
IIT Jodhpur,EET,,ST,6,307,307
IIT Jodhpur,EET,,EWS,6,518,518
IIT Jodhpur,EEC,,GEN,6,628,628
IIT Jodhpur,EEC,,OBC,6,549,627
IIT Jodhpur,EEC,,SC,6,393,409
IIT Jodhpur,EEI,,GEN,6,561,631
IIT Jodhpur,EEI,,OBC,6,483,483
IIT Jodhpur,EEI,,SC,6,375,377
IIT Jodhpur,EEI,,ST,6,272,272
IIT Jodhpur,EEI,,EWS,6,510,510
IIT Jodhpur,EEV,,GEN,6,631,639
IIT Jodhpur,EEV,,OBC,6,567,568
IIT Jodhpur,EEV,,SC,6,495,495
IIT Jodhpur,EEV,,EWS,6,557,557
IIT Jodhpur,MAC,,SC,6,552,552
IIT Jodhpur,MAC,,ST,6,390,390
IIT Jodhpur,MAC,,EWS,6,706,706
IIT Jodhpur,MEA,,GEN,6,549,563
IIT Jodhpur,MEA,,OBC,6,504,504
IIT Jodhpur,MEA,,SC,6,414,414
IIT Jodhpur,MEA,,ST,6,241,241
IIT Jodhpur,MEA,,EWS,6,473,473
IIT Jodhpur,MET,,GEN,6,563,563
IIT Jodhpur,MET,,OBC,6,466,490
IIT Jodhpur,MET,,SC,6,359,376
IIT Jodhpur,MET,,EWS,6,473,473
IIT Jodhpur,DAD,,GEN,6,452,466
IIT Jodhpur,DAD,,OBC,6,392,394
IIT Jodhpur,MTE,,GEN,6,376,565
IIT Jodhpur,MTE,,OBC,6,362,362
IIT Jodhpur,MTE,,SC,6,222,259
IIT Jodhpur,MTE,,EWS,6,420,420
IIT Jodhpur,CHE,,GEN,6,362,362
IIT Jodhpur,CHE,,OBC,6,369,379
IIT Jodhpur,CHE,,EWS,6,383,383
IIT Jodhpur,CIE,,GEN,6,432,450
IIT Jodhpur,CIE,,OBC,6,419,419
IIT Jodhpur,CIE,,SC,6,333,333
IIT Jodhpur,CIE,,ST,6,286,286
IIT Jodhpur,CIN,,GEN,6,408,412
IIT Jodhpur,CIN,,OBC,6,374,378
IIT Jodhpur,CIN,,SC,6,329,329
IIT Jodhpur,CIN,,ST,6,275,275
IIT Jodhpur,BRE,,GEN,6,414,427
IIT Jodhpur,BRE,,OBC,6,370,378
IIT Jodhpur,BRE,,SC,6,306,307
IIT Jodhpur,BRE,,ST,6,264,264
IIT Jodhpur,BRE,,EWS,6,378,378
IIT Jodhpur,IRM,,OBC,6,577,581
IIT Jodhpur,IRM,,SC,6,393,414
IIT Jodhpur,IRM,,EWS,6,555,555
IIT Jodhpur,IQT,,GEN,6,579,589
IIT Jodhpur,IQT,,OBC,6,495,546
IIT Jodhpur,IQT,,EWS,6,479,479
IIT Jodhpur,AIR,,GEN,6,684,747
IIT Jodhpur,AIR,,OBC,6,575,581
IIT Jodhpur,AIR,,SC,6,398,398
IIT Jodhpur,AIR,,ST,6,366,366
IIT Jodhpur,AIR,,EWS,6,631,631
IIT Jodhpur,EET,,GEN,7,589,616
IIT Jodhpur,EET,,OBC,7,518,530
IIT Jodhpur,EET,,ST,7,299,299
IIT Jodhpur,EET,,EWS,7,506,506
IIT Jodhpur,EEC,,GEN,7,622,624
IIT Jodhpur,EEC,,OBC,7,546,546
IIT Jodhpur,EEC,,SC,7,377,385
IIT Jodhpur,EEI,,GEN,7,538,561
IIT Jodhpur,EEI,,OBC,7,463,475
IIT Jodhpur,EEI,,SC,7,370,370
IIT Jodhpur,EEI,,ST,7,260,260
IIT Jodhpur,EEI,,EWS,7,506,506
IIT Jodhpur,EEV,,GEN,7,561,616
IIT Jodhpur,EEV,,OBC,7,553,557
IIT Jodhpur,EEV,,SC,7,421,421
IIT Jodhpur,EEV,,EWS,7,541,541
IIT Jodhpur,MAC,,SC,7,539,539
IIT Jodhpur,MAC,,ST,7,389,389
IIT Jodhpur,MAC,,EWS,7,701,701
IIT Jodhpur,MEA,,GEN,7,542,542
IIT Jodhpur,MEA,,OBC,7,501,501
IIT Jodhpur,MET,,GEN,7,549,549
IIT Jodhpur,MET,,OBC,7,456,466
IIT Jodhpur,MET,,SC,7,359,359
IIT Jodhpur,MET,,EWS,7,473,473
IIT Jodhpur,DAD,,GEN,7,448,448
IIT Jodhpur,DAD,,OBC,7,352,390
IIT Jodhpur,MTE,,GEN,7,390,406
IIT Jodhpur,MTE,,OBC,7,360,360
IIT Jodhpur,MTE,,SC,7,204,228
IIT Jodhpur,MTE,,EWS,7,400,400
IIT Jodhpur,CIE,,GEN,7,429,431
IIT Jodhpur,CIE,,OBC,7,419,419
IIT Jodhpur,CIE,,SC,7,329,329
IIT Jodhpur,CIE,,ST,7,275,275
IIT Jodhpur,CIN,,OBC,7,385,385
IIT Jodhpur,CIN,,SC,7,311,311
IIT Jodhpur,BRE,,GEN,7,408,412
IIT Jodhpur,BRE,,SC,7,294,294
IIT Jodhpur,IRM,,OBC,7,535,572
IIT Jodhpur,IRM,,SC,7,383,383
IIT Jodhpur,IRM,,ST,7,301,301
IIT Jodhpur,IQT,,GEN,7,549,575
IIT Jodhpur,IQT,,OBC,7,477,493
IIT Jodhpur,AIR,,GEN,7,660,672
IIT Jodhpur,AIR,,OBC,7,549,556
IIT Jodhpur,AIR,,ST,7,330,330
IIT Jodhpur,AIR,,EWS,7,612,612
IIT Jodhpur,EET,,GEN,8,581,582
IIT Jodhpur,EET,,OBC,8,506,514
IIT Jodhpur,EET,,EWS,8,503,503
IIT Jodhpur,EEI,,GEN,8,534,534
IIT Jodhpur,EEI,,OBC,8,448,449
IIT Jodhpur,EEI,,SC,8,354,362
IIT Jodhpur,EEI,,ST,8,260,260
IIT Jodhpur,EEI,,EWS,8,506,506
IIT Jodhpur,EEV,,GEN,8,561,561
IIT Jodhpur,EEV,,OBC,8,531,553
IIT Jodhpur,EEV,,SC,8,414,414
IIT Jodhpur,EEV,,EWS,8,530,530
IIT Jodhpur,MAC,,SC,8,539,539
IIT Jodhpur,MAC,,ST,8,370,370
IIT Jodhpur,MAC,,EWS,8,693,693
IIT Jodhpur,MEA,,GEN,8,497,518
IIT Jodhpur,MEA,,OBC,8,500,500
IIT Jodhpur,MET,,GEN,8,535,542
IIT Jodhpur,MET,,OBC,8,421,435
IIT Jodhpur,MET,,SC,8,314,314
IIT Jodhpur,MET,,ST,8,241,241
IIT Jodhpur,MET,,EWS,8,463,463
IIT Jodhpur,DAD,,GEN,8,425,425
IIT Jodhpur,DAD,,OBC,8,350,351
IIT Jodhpur,MTE,,GEN,8,367,466
IIT Jodhpur,MTE,,OBC,8,385,385
IIT Jodhpur,MTE,,SC,8,289,289
IIT Jodhpur,MTE,,EWS,8,305,305
IIT Jodhpur,CHE,,GEN,8,419,419
IIT Jodhpur,CHE,,EWS,8,320,320
IIT Jodhpur,CIE,,GEN,8,415,427
IIT Jodhpur,CIE,,OBC,8,415,415
IIT Jodhpur,CIE,,SC,8,311,311
IIT Jodhpur,CIE,,ST,8,273,273
IIT Jodhpur,CIN,,SC,8,310,310
IIT Jodhpur,BRE,,GEN,8,269,279
IIT Jodhpur,IRM,,OBC,8,519,531
IIT Jodhpur,IRM,,SC,8,381,381
IIT Jodhpur,IRM,,ST,8,272,272
IIT Jodhpur,IQT,,GEN,8,531,548
IIT Jodhpur,IQT,,OBC,8,456,471
IIT Jodhpur,AIR,,GEN,8,655,659
IIT Jodhpur,AIR,,OBC,8,546,548
IIT Jodhpur,AIR,,ST,8,291,291
IIT Jodhpur,AIR,,EWS,8,608,608
IIT Jodhpur,EET,,GEN,9,561,568
IIT Jodhpur,EET,,OBC,9,476,480
IIT Jodhpur,EET,,EWS,9,495,495
IIT Jodhpur,EEC,,GEN,9,610,612
IIT Jodhpur,EEC,,OBC,9,531,531
IIT Jodhpur,EEI,,GEN,9,518,526
IIT Jodhpur,EEI,,OBC,9,436,436
IIT Jodhpur,EEI,,SC,9,345,354
IIT Jodhpur,EEI,,ST,9,260,260
IIT Jodhpur,EEI,,EWS,9,495,495
IIT Jodhpur,EEV,,GEN,9,539,555
IIT Jodhpur,EEV,,OBC,9,514,530
IIT Jodhpur,EEV,,SC,9,410,410
IIT Jodhpur,EEV,,EWS,9,510,510
IIT Jodhpur,MAC,,SC,9,531,531
IIT Jodhpur,MEA,,GEN,9,490,490
IIT Jodhpur,MEA,,OBC,9,478,478
IIT Jodhpur,MET,,GEN,9,487,497
IIT Jodhpur,MET,,OBC,9,414,421
IIT Jodhpur,MET,,SC,9,306,306
IIT Jodhpur,MET,,EWS,9,456,456
IIT Jodhpur,DAD,,GEN,9,412,412
IIT Jodhpur,DAD,,OBC,9,342,342
IIT Jodhpur,MTE,,GEN,9,361,513
IIT Jodhpur,MTE,,OBC,9,332,332
IIT Jodhpur,MTE,,SC,9,291,291
IIT Jodhpur,CHE,,GEN,9,435,435
IIT Jodhpur,CIE,,GEN,9,412,414
IIT Jodhpur,CIE,,OBC,9,404,404
IIT Jodhpur,CIE,,SC,9,310,310
IIT Jodhpur,CIN,,SC,9,306,306
IIT Jodhpur,BRE,,GEN,9,264,264
IIT Jodhpur,IRM,,OBC,9,519,531
IIT Jodhpur,IRM,,SC,9,373,373
IIT Jodhpur,IQT,,GEN,9,518,518
IIT Jodhpur,IQT,,OBC,9,452,452
IIT Jodhpur,EET,,GEN,10,555,561
IIT Jodhpur,EET,,OBC,10,472,472
IIT Jodhpur,EET,,EWS,10,489,489
IIT Jodhpur,EEC,,GEN,10,595,610
IIT Jodhpur,EEI,,GEN,10,499,506
IIT Jodhpur,EEI,,OBC,10,428,432
IIT Jodhpur,EEI,,SC,10,327,330
IIT Jodhpur,EEI,,EWS,10,495,495
IIT Jodhpur,EEV,,GEN,10,534,538
IIT Jodhpur,EEV,,OBC,10,510,512
IIT Jodhpur,EEV,,EWS,10,509,509
IIT Jodhpur,MAC,,SC,10,526,526
IIT Jodhpur,MEA,,GEN,10,487,487
IIT Jodhpur,MEA,,OBC,10,466,466
IIT Jodhpur,MET,,GEN,10,477,487
IIT Jodhpur,MET,,OBC,10,404,414
IIT Jodhpur,MET,,SC,10,300,300
IIT Jodhpur,MET,,EWS,10,412,412
IIT Jodhpur,DAD,,GEN,10,411,411
IIT Jodhpur,MTE,,GEN,10,327,358
IIT Jodhpur,MTE,,SC,10,275,275
IIT Jodhpur,CHE,,GEN,10,415,415
IIT Jodhpur,CIE,,GEN,10,408,408
IIT Jodhpur,CIE,,OBC,10,397,397
IIT Jodhpur,CIE,,SC,10,306,306
IIT Jodhpur,CIN,,SC,10,283,283
IIT Jodhpur,IQT,,GEN,10,514,514
IIT Jodhpur,IQT,,OBC,10,452,452
IIT Jodhpur,AIR,,GEN,10,635,635
IIT Jodhpur,AIR,,OBC,10,495,495
IIT Jodhpur,AIR,,EWS,10,539,539
IIT Guwahati,MTech in Computer Science and Engineering,M0101,GEN,0,772,772
IIT Guwahati,MTech in Computer Science and Engineering,M0101,OBC,0,714,714
IIT Guwahati,MTech in Computer Science and Engineering,M0101,EWS,0,752,752
IIT Guwahati,MTech in Computer Science and Engineering,M0101,SC,0,589,589
IIT Guwahati,MTech in Computer Science and Engineering,M0101,ST,0,456,456
IIT Guwahati,MTech in EEE - Communication Engineering,M0201,GEN,0,596,596
IIT Guwahati,MTech in EEE - Communication Engineering,M0201,OBC,0,573,573
IIT Guwahati,MTech in EEE - Communication Engineering,M0201,ST,0,335,335
IIT Guwahati,MTech in EEE - Power Engineering,M0202,GEN,0,559,559
IIT Guwahati,MTech in EEE - Power Engineering,M0202,OBC,0,535,535
IIT Guwahati,MTech in EEE - Power Engineering,M0202,EWS,0,527,527
IIT Guwahati,MTech in EEE - Power Engineering,M0202,SC,0,508,508
IIT Guwahati,MTech in EEE - Power Engineering,M0202,ST,0,407,407
IIT Guwahati,"MTech in EEE - Microelectronics, Photonics and RF Engineering",M0203,GEN,0,725,725
IIT Guwahati,"MTech in EEE - Microelectronics, Photonics and RF Engineering",M0203,OBC,0,588,588
IIT Guwahati,"MTech in EEE - Microelectronics, Photonics and RF Engineering",M0203,ST,0,366,366
IIT Guwahati,MTech in EEE - Signal Processing and Machine Learning,M0204,GEN,0,588,588
IIT Guwahati,MTech in EEE - Signal Processing and Machine Learning,M0204,OBC,0,563,563
IIT Guwahati,MTech in EEE - Signal Processing and Machine Learning,M0204,SC,0,582,582
IIT Guwahati,MTech in EEE - Signal Processing and Machine Learning,M0204,ST,0,358,358
IIT Guwahati,MTech in EEE - VLSI and Nanoelectronics,M0205,GEN,0,717,717
IIT Guwahati,MTech in EEE - VLSI and Nanoelectronics,M0205,OBC,0,655,655
IIT Guwahati,MTech in EEE - VLSI and Nanoelectronics,M0205,EWS,0,635,635
IIT Guwahati,MTech in EEE - VLSI and Nanoelectronics,M0205,SC,0,475,475
IIT Guwahati,MTech in EEE - VLSI and Nanoelectronics,M0205,ST,0,432,432
IIT Guwahati,"MTech in EEE - Systems, Control and Automation",M0206,GEN,0,598,598
IIT Guwahati,"MTech in EEE - Systems, Control and Automation",M0206,OBC,0,563,563
IIT Guwahati,"MTech in EEE - Systems, Control and Automation",M0206,SC,0,398,398
IIT Guwahati,MTech in ME - Aerodynamics and Propulsion,M0301,GEN,0,573,573
IIT Guwahati,MTech in ME - Aerodynamics and Propulsion,M0301,OBC,0,535,535
IIT Guwahati,MTech in ME - Aerodynamics and Propulsion,M0301,SC,0,376,376
IIT Guwahati,MTech in ME - Aerodynamics and Propulsion,M0301,ST,0,259,259
IIT Guwahati,MTech in ME - Computational Mechanics,M0302,GEN,0,549,549
IIT Guwahati,MTech in ME - Computational Mechanics,M0302,SC,0,362,362
IIT Guwahati,MTech in ME - Computational Mechanics,M0302,ST,0,351,351
IIT Guwahati,MTech in ME - Manufacturing Science and Engineering,M0303,GEN,0,556,556
IIT Guwahati,MTech in ME - Manufacturing Science and Engineering,M0303,OBC,0,511,511
IIT Guwahati,MTech in ME - Manufacturing Science and Engineering,M0303,EWS,0,449,449
IIT Guwahati,MTech in ME - Manufacturing Science and Engineering,M0303,SC,0,338,338
IIT Guwahati,MTech in ME - Manufacturing Science and Engineering,M0303,ST,0,404,404
IIT Guwahati,MTech in ME - Fluids and Thermal Engineering,M0304,GEN,0,553,553
IIT Guwahati,MTech in ME - Fluids and Thermal Engineering,M0304,OBC,0,508,508
IIT Guwahati,MTech in ME - Fluids and Thermal Engineering,M0304,EWS,0,473,473
IIT Guwahati,MTech in ME - Fluids and Thermal Engineering,M0304,SC,0,345,345
IIT Guwahati,MTech in ME - Fluids and Thermal Engineering,M0304,ST,0,273,273
IIT Guwahati,MTech in ME - Machine Design,M0305,GEN,0,577,577
IIT Guwahati,MTech in ME - Machine Design,M0305,OBC,0,525,525
IIT Guwahati,MTech in ME - Machine Design,M0305,EWS,0,542,542
IIT Guwahati,MTech in ME - Machine Design,M0305,SC,0,366,366
IIT Guwahati,MTech in ME - Machine Design,M0305,ST,0,411,411
IIT Guwahati,MTech in CE - Earth System Science and Engineering,M0401,GEN,0,479,479
IIT Guwahati,MTech in CE - Earth System Science and Engineering,M0401,SC,0,348,348
IIT Guwahati,MTech in CE - Earth System Science and Engineering,M0401,ST,0,321,321
IIT Guwahati,MTech in CE - Environmental Engineering,M0402,GEN,0,528,528
IIT Guwahati,MTech in CE - Environmental Engineering,M0402,OBC,0,483,483
IIT Guwahati,MTech in CE - Environmental Engineering,M0402,EWS,0,405,405
IIT Guwahati,MTech in CE - Environmental Engineering,M0402,SC,0,393,393
IIT Guwahati,MTech in CE - Environmental Engineering,M0402,ST,0,364,364
IIT Guwahati,MTech in CE - Geotechnical Engineering,M0403,GEN,0,488,488
IIT Guwahati,MTech in CE - Geotechnical Engineering,M0403,OBC,0,488,488
IIT Guwahati,MTech in CE - Geotechnical Engineering,M0403,EWS,0,400,400
IIT Guwahati,MTech in CE - Geotechnical Engineering,M0403,SC,0,366,366
IIT Guwahati,MTech in CE - Infrastructure Engineering and Management,M0404,GEN,0,579,579
IIT Guwahati,MTech in CE - Infrastructure Engineering and Management,M0404,OBC,0,560,560
IIT Guwahati,MTech in CE - Infrastructure Engineering and Management,M0404,EWS,0,453,453
IIT Guwahati,MTech in CE - Infrastructure Engineering and Management,M0404,ST,0,428,428
IIT Guwahati,MTech in CE - Structural Engineering,M0405,GEN,0,562,562
IIT Guwahati,MTech in CE - Structural Engineering,M0405,OBC,0,513,513
IIT Guwahati,MTech in CE - Structural Engineering,M0405,EWS,0,503,503
IIT Guwahati,MTech in CE - Structural Engineering,M0405,SC,0,427,427
IIT Guwahati,MTech in CE - Structural Engineering,M0405,ST,0,374,374
IIT Guwahati,MTech in CE - Transportation Systems Engineering,M0406,GEN,0,524,524
IIT Guwahati,MTech in CE - Transportation Systems Engineering,M0406,OBC,0,484,484
IIT Guwahati,MTech in CE - Transportation Systems Engineering,M0406,EWS,0,454,454
IIT Guwahati,MTech in CE - Transportation Systems Engineering,M0406,SC,0,454,454
IIT Guwahati,MTech in CE - Transportation Systems Engineering,M0406,ST,0,419,419
IIT Guwahati,MTech in CE - Water Resources Engineering and Management,M0407,GEN,0,490,490
IIT Guwahati,MTech in CE - Water Resources Engineering and Management,M0407,OBC,0,483,483
IIT Guwahati,MTech in CE - Water Resources Engineering and Management,M0407,EWS,0,414,414
IIT Guwahati,MTech in CE - Water Resources Engineering and Management,M0407,SC,0,355,355
IIT Guwahati,MTech in CE - Water Resources Engineering and Management,M0407,ST,0,344,344
IIT Guwahati,MTech in Biotechnology,M0601,GEN,0,618,618
IIT Guwahati,MTech in Biotechnology,M0601,OBC,0,461,461
IIT Guwahati,MTech in Biotechnology,M0601,EWS,0,506,506
IIT Guwahati,MTech in Biotechnology,M0601,SC,0,358,358
IIT Guwahati,MTech in Biotechnology,M0601,ST,0,181,181
IIT Guwahati,MTech in CL - Materials Science and Technology,M0701,GEN,0,374,374
IIT Guwahati,MTech in CL - Materials Science and Technology,M0701,OBC,0,325,325
IIT Guwahati,MTech in CL - Materials Science and Technology,M0701,SC,0,262,262
IIT Guwahati,MTech in CL - Petroleum Science and Technology,M0702,GEN,0,398,398
IIT Guwahati,MTech in CL - Petroleum Science and Technology,M0702,OBC,0,330,330
IIT Guwahati,MTech in CL - Petroleum Science and Technology,M0702,SC,0,237,237
IIT Guwahati,MTech in CL - Petroleum Science and Technology,M0702,EWS,0,325,325
IIT Guwahati,MTech in CL - Petroleum Science and Technology,M0702,ST,0,239,239
IIT Guwahati,MTech in CL - Computer Aided Process Engineering,M0703,GEN,0,374,374
IIT Guwahati,MTech in CL - Computer Aided Process Engineering,M0703,SC,0,237,237
IIT Guwahati,MTech in Bioengineering,M0801,GEN,0,617,617
IIT Guwahati,MTech in Bioengineering,M0801,OBC,0,513,513
IIT Guwahati,MTech in Bioengineering,M0801,EWS,0,497,497
IIT Guwahati,MTech in Bioengineering,M0801,SC,0,303,303
IIT Guwahati,MTech in Bioengineering,M0801,ST,0,184,184
IIT Guwahati,MTech in Biomed. Sc. and Engg. - Medical Devices and Diagnostics,M0901,GEN,0,565,565
IIT Guwahati,MTech in Biomed. Sc. and Engg. - Medical Devices and Diagnostics,M0901,OBC,0,445,445
IIT Guwahati,MTech in Biomed. Sc. and Engg. - Medical Devices and Diagnostics,M0901,EWS,0,518,518
IIT Guwahati,MTech in Biomed. Sc. and Engg. - Medical Devices and Diagnostics,M0901,SC,0,440,440
IIT Guwahati,MTech in Biomed. Sc. and Engg. - Medical Devices and Diagnostics,M0901,ST,0,237,237
IIT Guwahati,"MTech in Biomed. Sc. and Engg. - Regenerative Medicines, Stem Cells and Therapeutics",M0902,GEN,0,598,598
IIT Guwahati,"MTech in Biomed. Sc. and Engg. - Regenerative Medicines, Stem Cells and Therapeutics",M0902,OBC,0,419,419
IIT Guwahati,"MTech in Biomed. Sc. and Engg. - Regenerative Medicines, Stem Cells and Therapeutics",M0902,EWS,0,441,441
IIT Guwahati,"MTech in Biomed. Sc. and Engg. - Regenerative Medicines, Stem Cells and Therapeutics",M0902,SC,0,317,317
IIT Guwahati,"MTech in Biomed. Sc. and Engg. - Regenerative Medicines, Stem Cells and Therapeutics",M0902,ST,0,259,259
IIT Guwahati,MTech in Data Science,M6101,GEN,0,806,806
IIT Guwahati,MTech in Data Science,M6101,OBC,0,718,718
IIT Guwahati,MTech in Data Science,M6101,EWS,0,744,744
IIT Guwahati,MTech in Data Science,M6101,SC,0,559,559
IIT Guwahati,MTech in Data Science,M6101,ST,0,453,453
IIT Guwahati,MTech in Robotics and Artificial Intelligence,M6301,GEN,0,747,747
IIT Guwahati,MTech in Robotics and Artificial Intelligence,M6301,EWS,0,718,718
IIT Guwahati,MTech in Robotics and Artificial Intelligence,M6301,OBC,0,694,694
IIT Guwahati,MTech in Robotics and Artificial Intelligence,M6301,SC,0,531,531
IIT Guwahati,MTech in Robotics and Artificial Intelligence,M6301,ST,0,390,390
IIT Gandhinagar,Artificial Intelligence,,GEN,0,721,721
IIT Gandhinagar,Artificial Intelligence,,EWS,0,693,693
IIT Gandhinagar,Artificial Intelligence,,OBC,0,647,647
IIT Gandhinagar,Artificial Intelligence,,SC,0,522,522
IIT Gandhinagar,Artificial Intelligence,,ST,0,393,393
IIT Gandhinagar,Biological Engineering,,GEN,0,532,532
IIT Gandhinagar,Biological Engineering,,GEN-PwD,0,257,257
IIT Gandhinagar,Biological Engineering,,EWS,0,383,383
IIT Gandhinagar,Biological Engineering,,OBC,0,435,435
IIT Gandhinagar,Biological Engineering,,OBC-PwD,0,317,317
IIT Gandhinagar,Biological Engineering,,SC,0,217,217
IIT Gandhinagar,Biological Engineering,,ST,0,181,181
IIT Gandhinagar,Chemical Engineering,,GEN,0,325,325
IIT Gandhinagar,Chemical Engineering,,GEN-PwD,0,257,257
IIT Gandhinagar,Chemical Engineering,,EWS,0,325,325
IIT Gandhinagar,Chemical Engineering,,OBC,0,320,320
IIT Gandhinagar,Chemical Engineering,,SC,0,222,222
IIT Gandhinagar,Chemical Engineering,,ST,0,227,227
IIT Gandhinagar,Civil Engineering,,GEN,0,351,351
IIT Gandhinagar,Civil Engineering,,GEN-PwD,0,222,222
IIT Gandhinagar,Civil Engineering,,EWS,0,363,363
IIT Gandhinagar,Civil Engineering,,OBC,0,328,328
IIT Gandhinagar,Civil Engineering,,SC,0,253,253
IIT Gandhinagar,Civil Engineering,,ST,0,247,247
IIT Gandhinagar,Computer Science and Engineering,,GEN,0,747,747
IIT Gandhinagar,Computer Science and Engineering,,EWS,0,752,752
IIT Gandhinagar,Computer Science and Engineering,,OBC,0,693,693
IIT Gandhinagar,Computer Science and Engineering,,SC,0,531,531
IIT Gandhinagar,Computer Science and Engineering,,ST,0,456,456
IIT Gandhinagar,Earth System Science,,GEN,0,371,371
IIT Gandhinagar,Earth System Science,,GEN-PwD,0,165,165
IIT Gandhinagar,Earth System Science,,EWS,0,312,312
IIT Gandhinagar,Earth System Science,,OBC,0,295,295
IIT Gandhinagar,Earth System Science,,SC,0,160,160
IIT Gandhinagar,Earth System Science,,ST,0,255,255
IIT Gandhinagar,Electrical Engineering,,GEN,0,526,526
IIT Gandhinagar,Electrical Engineering,,GEN-PwD,0,291,291
IIT Gandhinagar,Electrical Engineering,,EWS,0,492,492
IIT Gandhinagar,Electrical Engineering,,OBC,0,480,480
IIT Gandhinagar,Electrical Engineering,,SC,0,378,378
IIT Gandhinagar,Electrical Engineering,,ST,0,268,268
IIT Gandhinagar,Materials Engineering,,GEN,0,358,358
IIT Gandhinagar,Materials Engineering,,EWS,0,311,311
IIT Gandhinagar,Materials Engineering,,OBC,0,308,308
IIT Gandhinagar,Materials Engineering,,SC,0,191,191
IIT Gandhinagar,Materials Engineering,,ST,0,243,243
IIT Gandhinagar,Mechanical Engineering,,GEN,0,477,477
IIT Gandhinagar,Mechanical Engineering,,EWS,0,445,445
IIT Gandhinagar,Mechanical Engineering,,OBC,0,345,345
IIT Gandhinagar,Mechanical Engineering,,SC,0,222,222
IIT Gandhinagar,Mechanical Engineering,,ST,0,257,257
IIT Madras,AE1Y,,GEN,0,699,699
IIT Madras,AE1Y,,EWS,0,462,462
IIT Madras,AE1Y,,OBC,0,574,574
IIT Madras,AE1Y,,SC,0,404,404
IIT Madras,AE1Y,,ST,0,411,411
IIT Madras,AE1Y,,GEN-PwD,0,242,242
IIT Madras,AE1Y*,,GEN,0,788,788
IIT Madras,AE1Y*,,EWS,0,680,680
IIT Madras,AE1Y*,,OBC,0,680,680
IIT Madras,AE1Y*,,SC,0,515,515
IIT Madras,AE1Y*,,ST,0,411,411
IIT Madras,AE1Y*,,GEN-PwD,0,450,450
IIT Madras,AE1Y*,,SC,0,601,601
IIT Madras,AE1Y*,,GEN,0,808,808
IIT Madras,AE1Y*,,OBC,0,620,620
IIT Madras,AM1Y,,GEN,0,675,675
IIT Madras,AM1Y,,EWS,0,507,507
IIT Madras,AM1Y,,OBC,0,528,528
IIT Madras,AM1Y,,SC,0,474,474
IIT Madras,AM1Y,,ST,0,385,385
IIT Madras,AM2Y,,GEN,0,679,679
IIT Madras,AM2Y,,OBC,0,536,536
IIT Madras,AM2Y,,SC,0,393,393
IIT Madras,AM2Y,,ST,0,226,226
IIT Madras,AM2Y*,,GEN,0,893,893
IIT Madras,AM2Y*,,EWS,0,628,628
IIT Madras,AM2Y*,,ST,0,366,366
IIT Madras,AM2Y*,,GEN-PwD,0,360,360
IIT Madras,BT1Y,,GEN,0,852,852
IIT Madras,BT1Y,,EWS,0,708,708
IIT Madras,BT1Y,,OBC,0,689,689
IIT Madras,BT1Y,,SC,0,448,448
IIT Madras,BT1Y,,ST,0,337,337
IIT Madras,BT1Y,,OBC-PwD,0,278,278
IIT Madras,BT1Y,,GEN,0,584,584
IIT Madras,BT1Y,,OBC,0,467,467
IIT Madras,BT1Y,,SC,0,354,354
IIT Madras,CE1Y,,GEN,0,775,775
IIT Madras,CE1Y,,EWS,0,681,681
IIT Madras,CE1Y,,OBC,0,708,708
IIT Madras,CE1Y,,SC,0,577,577
IIT Madras,CE1Y,,ST,0,640,640
IIT Madras,CE1Y,,GEN-PwD,0,404,404
IIT Madras,CE1Y,,GEN,0,981,981
IIT Madras,CE1Y,,OBC,0,727,727
IIT Madras,CE2Y,,GEN,0,649,649
IIT Madras,CE2Y,,EWS,0,550,550
IIT Madras,CE2Y,,OBC,0,558,558
IIT Madras,CE2Y,,SC,0,434,434
IIT Madras,CE2Y,,ST,0,347,347
IIT Madras,CE2Y,,SC-PwD,0,434,434
IIT Madras,CE2Y*,,GEN,0,807,807
IIT Madras,CE2Y*,,EWS,0,656,656
IIT Madras,CE2Y*,,OBC,0,559,559
IIT Madras,CE3Y,,GEN,0,610,610
IIT Madras,CE3Y,,EWS,0,435,435
IIT Madras,CE3Y,,OBC,0,514,514
IIT Madras,CE3Y,,SC,0,408,408
IIT Madras,CE3Y,,ST,0,480,480
IIT Madras,CE4Y,,GEN,0,548,548
IIT Madras,CE4Y,,EWS,0,547,547
IIT Madras,CE4Y,,OBC,0,494,494
IIT Madras,CE4Y,,SC,0,385,385
IIT Madras,CE4Y,,ST,0,340,340
IIT Madras,CE4Y*,,GEN,0,741,741
IIT Madras,CE4Y*,,GEN-PwD,0,422,422
IIT Madras,CE5Y,,GEN,0,704,704
IIT Madras,CE5Y,,EWS,0,628,628
IIT Madras,CE5Y,,OBC,0,689,689
IIT Madras,CE5Y,,SC,0,449,449
IIT Madras,CE5Y,,ST,0,592,592
IIT Madras,CE5Y,,GEN-PwD,0,382,382
IIT Madras,CE5Y,,EWS-PwD,0,291,291
IIT Madras,CE5Y,,OBC-PwD,0,291,291
IIT Madras,CE6Y,,GEN,0,613,613
IIT Madras,CE6Y,,EWS,0,529,529
IIT Madras,CE6Y,,SC,0,457,457
IIT Madras,CE6Y,,ST,0,476,476
IIT Madras,CE6Y,,OBC-PwD,0,259,259
IIT Madras,CE6Y*,,GEN,0,818,818
IIT Madras,CE6Y*,,OBC,0,716,716
IIT Madras,CE6Y*,,GEN-PwD,0,406,406
IIT Madras,CH1Y,,GEN,0,618,618
IIT Madras,CH1Y,,EWS,0,535,535
IIT Madras,CH1Y,,OBC,0,511,511
IIT Madras,CH1Y,,SC,0,418,418
IIT Madras,CH1Y,,ST,0,369,369
IIT Madras,CH1Y,,GEN-PwD,0,423,423
IIT Madras,CL1Y,,GEN,0,513,513
IIT Madras,CL1Y,,EWS,0,306,306
IIT Madras,CL1Y,,OBC,0,438,438
IIT Madras,CL1Y,,SC,0,301,301
IIT Madras,CL1Y,,ST,0,341,341
IIT Madras,CL1Y,,GEN,0,734,734
IIT Madras,CL1Y,,EWS,0,504,504
IIT Madras,CL1Y,,OBC,0,727,727
IIT Madras,CL1Y,,SC,0,598,598
IIT Madras,CL1Y,,ST,0,341,341
IIT Madras,CL1Y,,GEN,0,826,826
IIT Madras,CL1Y,,EWS,0,474,474
IIT Madras,CL1Y,,OBC,0,637,637
IIT Madras,CL1Y,,ST,0,337,337
IIT Madras,CL1Y,,EWS,0,539,539
IIT Madras,CL1Y,,SC-PwD,0,314,314
IIT Madras,CS1Y,,GEN,0,881,881
IIT Madras,CS1Y,,EWS,0,770,770
IIT Madras,CS1Y,,OBC,0,802,802
IIT Madras,CS1Y,,SC,0,585,585
IIT Madras,CS1Y,,ST,0,564,564
IIT Madras,CS1Y,,GEN-PwD,0,443,443
IIT Madras,DA1Y,,GEN,0,866,866
IIT Madras,DA1Y,,EWS,0,768,768
IIT Madras,DA1Y,,OBC,0,768,768
IIT Madras,DA1Y,,SC,0,690,690
IIT Madras,DA1Y,,ST,0,553,553
IIT Madras,DA1Y,,GEN-PwD,0,537,537
IIT Madras,ED1Y,,GEN,0,740,740
IIT Madras,ED1Y,,EWS,0,598,598
IIT Madras,ED1Y,,OBC,0,685,685
IIT Madras,ED1Y,,SC,0,437,437
IIT Madras,ED1Y,,ST,0,437,437
IIT Madras,ED1Y,,OBC-PwD,0,284,284
IIT Madras,ED1Y,,SC-PwD,0,257,257
IIT Madras,ED1Y,,EWS,0,687,687
IIT Madras,ED1Y,,OBC,0,770,770
IIT Madras,ED1Y,,ST,0,359,359
IIT Madras,ED1Y,,EWS-PwD,0,249,249
IIT Madras,EE1Y,,GEN,0,690,690
IIT Madras,EE1Y,,EWS,0,592,592
IIT Madras,EE1Y,,OBC,0,647,647
IIT Madras,EE1Y,,SC,0,561,561
IIT Madras,EE1Y,,ST,0,346,346
IIT Madras,EE1Y,,OBC-PwD,0,350,350
IIT Madras,EE1Y,,SC-PwD,0,272,272
IIT Madras,EE2Y,,GEN,0,657,657
IIT Madras,EE2Y,,OBC,0,622,622
IIT Madras,EE2Y,,SC,0,445,445
IIT Madras,EE2Y,,ST,0,397,397
IIT Madras,EE2Y,,EWS-PwD,0,338,338
IIT Madras,EE3Y,,GEN,0,881,881
IIT Madras,EE3Y,,EWS,0,788,788
IIT Madras,EE3Y,,OBC,0,792,792
IIT Madras,EE3Y,,SC,0,760,760
IIT Madras,EE3Y,,ST,0,651,651
IIT Madras,EE3Y,,GEN-PwD,0,370,370
IIT Madras,EE4Y,,GEN,0,829,829
IIT Madras,EE4Y,,EWS,0,678,678
IIT Madras,EE4Y,,OBC,0,720,720
IIT Madras,EE4Y,,SC,0,656,656
IIT Madras,EE4Y,,ST,0,433,433
IIT Madras,EE4Y,,OBC-PwD,0,322,322
IIT Madras,EE5Y,,GEN,0,665,665
IIT Madras,EE5Y,,EWS,0,561,561
IIT Madras,EE5Y,,OBC,0,590,590
IIT Madras,EE5Y,,SC,0,459,459
IIT Madras,EE5Y,,ST,0,311,311
IIT Madras,EE5Y,,GEN-PwD,0,375,375
IIT Madras,EE6Y,,GEN,0,944,944
IIT Madras,EE6Y,,EWS,0,854,854
IIT Madras,EE6Y,,OBC,0,862,862
IIT Madras,EE6Y,,SC,0,686,686
IIT Madras,EE6Y,,ST,0,449,449
IIT Madras,EE6Y,,GEN-PwD,0,440,440
IIT Madras,EE6Y,,OBC-PwD,0,330,330
IIT Madras,EE7Y,,GEN,0,772,772
IIT Madras,EE7Y,,EWS,0,547,547
IIT Madras,EE7Y,,OBC,0,627,627
IIT Madras,EE7Y,,SC,0,452,452
IIT Madras,EE7Y,,ST,0,358,358
IIT Madras,EE7Y,,EWS-PwD,0,291,291
IIT Madras,EE7Y,,OBC-PwD,0,267,267
IIT Madras,MA1Y,,GEN,0,526,526
IIT Madras,MA1Y,,EWS,0,482,482
IIT Madras,MA1Y,,OBC,0,304,304
IIT Madras,MA1Y,,SC,0,272,272
IIT Madras,MA1Y,,ST,0,251,251
IIT Madras,MA1Y*,,GEN,0,622,622
IIT Madras,MA1Y*,,EWS,0,526,526
IIT Madras,MA1Y*,,OBC,0,538,538
IIT Madras,MA1Y*,,SC,0,407,407
IIT Madras,MA1Y*,,ST,0,423,423
IIT Madras,MA1Y*,,GEN,0,909,909
IIT Madras,MA1Y*,,OBC,0,800,800
IIT Madras,MA1Y*,,SC,0,889,889
IIT Madras,MA1Y*,,ST,0,377,377
IIT Madras,MA1Y*,,GEN-PwD,0,446,446
IIT Madras,MA1Y*,,SC-PwD,0,272,272
IIT Madras,ME1Y,,GEN,0,741,741
IIT Madras,ME1Y,,EWS,0,525,525
IIT Madras,ME1Y,,OBC,0,608,608
IIT Madras,ME1Y,,SC,0,428,428
IIT Madras,ME1Y,,ST,0,390,390
IIT Madras,ME1Y,,OBC-PwD,0,442,442
IIT Madras,ME1Y,,SC-PwD,0,253,253
IIT Madras,ME1Y*,,GEN,0,874,874
IIT Madras,ME1Y*,,OBC,0,776,776
IIT Madras,ME1Y*,,SC,0,474,474
IIT Madras,ME2Y,,GEN,0,808,808
IIT Madras,ME2Y,,EWS,0,732,732
IIT Madras,ME2Y,,OBC,0,712,712
IIT Madras,ME2Y,,SC,0,639,639
IIT Madras,ME2Y,,ST,0,511,511
IIT Madras,ME2Y,,GEN-PwD,0,352,352
IIT Madras,ME2Y,,SC-PwD,0,254,254
IIT Madras,ME3Y,,GEN,0,632,632
IIT Madras,ME3Y,,EWS,0,534,534
IIT Madras,ME3Y,,OBC,0,573,573
IIT Madras,ME3Y,,SC,0,483,483
IIT Madras,ME3Y,,ST,0,380,380
IIT Madras,ME3Y*,,GEN,0,698,698
IIT Madras,ME3Y*,,SC,0,568,568
IIT Madras,ME3Y*,,ST,0,473,473
IIT Madras,ME3Y*,,OBC-PwD,0,285,285
IIT Madras,MM1Y,,GEN,0,528,528
IIT Madras,MM1Y,,EWS,0,394,394
IIT Madras,MM1Y,,OBC,0,318,318
IIT Madras,MM1Y,,SC,0,199,199
IIT Madras,MM1Y,,ST,0,283,283
IIT Madras,MM1Y*,,GEN,0,680,680
IIT Madras,MM1Y*,,OBC,0,667,667
IIT Madras,MM1Y*,,SC,0,553,553
IIT Madras,MM1Y*,,ST,0,320,320
IIT Madras,MM1Y*,,OBC-PwD,0,243,243
IIT Madras,OE1Y,,GEN,0,569,569
IIT Madras,OE1Y,,EWS,0,404,404
IIT Madras,OE1Y,,OBC,0,473,473
IIT Madras,OE1Y,,SC,0,367,367
IIT Madras,OE1Y,,ST,0,344,344
IIT Madras,OE2Y,,GEN,0,511,511
IIT Madras,OE2Y,,EWS,0,369,369
IIT Madras,OE2Y,,OBC,0,483,483
IIT Madras,OE2Y,,SC,0,362,362
IIT Madras,OE2Y,,ST,0,325,325
IIT Madras,PE1Y,,GEN,0,487,487
IIT Madras,PE1Y,,EWS,0,425,425
IIT Madras,PE1Y,,OBC,0,438,438
IIT Madras,PE1Y,,SC,0,363,363
IIT Madras,PE1Y,,ST,0,329,329
IIT Madras,PH1Y,,GEN,0,503,503
IIT Madras,PH1Y,,EWS,0,443,443
IIT Madras,PH1Y,,OBC,0,383,383
IIT Madras,PH1Y,,SC,0,333,333
IIT Madras,PH1Y,,ST,0,248,248
IIT Madras,PH1Y*,,GEN,0,693,693
IIT Madras,PH1Y*,,OBC,0,503,503
IIT Madras,PH1Y*,,OBC,0,582,582
IIT Madras,AE1N,,GEN,0,531,531
IIT Madras,AE1N,,EWS,0,433,433
IIT Madras,AE1N,,OBC,0,454,454
IIT Madras,AE1N,,SC,0,320,320
IIT Madras,AE1N,,ST,0,245,245
IIT Madras,AE1N*,,GEN,0,677,677
IIT Madras,AE1N*,,EWS,0,501,501
IIT Madras,AE1N*,,OBC,0,618,618
IIT Madras,AE1N*,,SC,0,404,404
IIT Madras,AE1N*,,GEN,0,639,639
IIT Madras,AE1N*,,OBC,0,566,566
IIT Madras,AE1N*,,SC,0,407,407
IIT Madras,AE1N*,,GEN,0,718,718
IIT Madras,AM1N,,GEN,0,618,618
IIT Madras,AM1N,,EWS,0,497,497
IIT Madras,AM1N,,OBC,0,513,513
IIT Madras,AM1N,,SC,0,347,347
IIT Madras,AM1N,,ST,0,283,283
IIT Madras,AM2N,,GEN,0,553,553
IIT Madras,AM2N,,OBC,0,513,513
IIT Madras,AM2N,,SC,0,214,214
IIT Madras,AM2N*,,EWS,0,360,360
IIT Madras,AM2N*,,SC,0,423,423
IIT Madras,AM2N*,,GEN-PwD,0,284,284
IIT Madras,BT1N,,GEN,0,754,754
IIT Madras,BT1N,,EWS,0,578,578
IIT Madras,BT1N,,OBC,0,526,526
IIT Madras,BT1N,,SC,0,441,441
IIT Madras,BT1N,,ST,0,285,285
IIT Madras,BT1N,,GEN,0,496,496
IIT Madras,BT1N,,OBC,0,350,350
IIT Madras,BT1N,,ST,0,276,276
IIT Madras,CE2N,,GEN,0,465,465
IIT Madras,CE2N,,EWS,0,370,370
IIT Madras,CE2N,,OBC,0,450,450
IIT Madras,CE2N,,SC,0,423,423
IIT Madras,CE2N*,,GEN,0,630,630
IIT Madras,CE2N*,,OBC,0,500,500
IIT Madras,CE3N,,GEN,0,565,565
IIT Madras,CE3N,,OBC,0,453,453
IIT Madras,CE3N,,SC,0,453,453
IIT Madras,CE4N,,GEN,0,445,445
IIT Madras,CE5N,,GEN,0,602,602
IIT Madras,CE5N,,EWS,0,533,533
IIT Madras,CE5N,,OBC,0,509,509
IIT Madras,CE5N,,SC,0,513,513
IIT Madras,CE5N,,ST,0,520,520
IIT Madras,CE5N,,GEN-PwD,0,449,449
IIT Madras,CE6N,,GEN,0,492,492
IIT Madras,CE6N,,OBC,0,482,482
IIT Madras,CE6N,,SC-PwD,0,260,260
IIT Madras,CE6N*,,GEN,0,643,643
IIT Madras,CH1N,,GEN,0,550,550
IIT Madras,CH1N,,EWS,0,486,486
IIT Madras,CH1N,,OBC,0,357,357
IIT Madras,CH1N,,SC,0,330,330
IIT Madras,CH1N,,ST,0,301,301
IIT Madras,CH1N,,OBC-PwD,0,237,237
IIT Madras,DA1N,,GEN,0,843,843
IIT Madras,DA1N,,EWS,0,744,744
IIT Madras,DA1N,,OBC,0,737,737
IIT Madras,DA1N,,SC,0,682,682
IIT Madras,DA1N,,ST,0,483,483
IIT Madras,DA1N,,GEN-PwD,0,432,432
IIT Madras,ED1N,,GEN,0,555,555
IIT Madras,ED1N,,EWS,0,525,525
IIT Madras,ED1N,,OBC,0,526,526
IIT Madras,ED1N,,SC,0,397,397
IIT Madras,ED1N,,ST,0,305,305
IIT Madras,ED1N,,OBC-PwD,0,272,272
IIT Madras,ED1N,,GEN,0,607,607
IIT Madras,ED1N,,EWS,0,318,318
IIT Madras,ED1N,,OBC,0,508,508
IIT Madras,ED1N,,SC,0,577,577
IIT Madras,EE1N,,GEN,0,674,674
IIT Madras,EE1N,,OBC,0,568,568
IIT Madras,EE1N,,SC,0,405,405
IIT Madras,EE2N,,GEN,0,614,614
IIT Madras,EE2N,,EWS,0,598,598
IIT Madras,EE2N,,OBC,0,578,578
IIT Madras,EE3N,,GEN,0,842,842
IIT Madras,EE3N,,EWS,0,752,752
IIT Madras,EE3N,,OBC,0,725,725
IIT Madras,EE3N,,SC,0,573,573
IIT Madras,EE3N,,ST,0,495,495
IIT Madras,EE3N,,OBC-PwD,0,272,272
IIT Madras,EE4N,,GEN,0,799,799
IIT Madras,EE4N,,OBC,0,788,788
IIT Madras,EE4N,,GEN-PwD,0,314,314
IIT Madras,EE5N,,GEN,0,623,623
IIT Madras,EE5N,,OBC,0,582,582
IIT Madras,EE5N,,SC,0,385,385
IIT Madras,EE6N,,GEN,0,862,862
IIT Madras,EE6N,,EWS,0,819,819
IIT Madras,EE6N,,OBC,0,748,748
IIT Madras,EE6N,,SC,0,634,634
IIT Madras,EE6N,,ST,0,401,401
IIT Madras,EE6N,,EWS-PwD,0,215,215
IIT Madras,EE7N,,GEN,0,620,620
IIT Madras,EE7N,,OBC,0,555,555
IIT Madras,ME1N,,GEN,0,674,674
IIT Madras,ME1N,,EWS,0,504,504
IIT Madras,ME1N,,OBC,0,547,547
IIT Madras,ME1N,,SC,0,414,414
IIT Madras,ME1N,,ST,0,281,281
IIT Madras,ME1N,,GEN-PwD,0,279,279
IIT Madras,ME1N*,,GEN,0,703,703
IIT Madras,ME2N,,GEN,0,739,739
IIT Madras,ME2N,,EWS,0,675,675
IIT Madras,ME2N,,OBC,0,604,604
IIT Madras,ME2N,,SC,0,535,535
IIT Madras,ME2N,,ST,0,362,362
IIT Madras,ME2N,,GEN-PwD,0,351,351
IIT Madras,ME3N,,GEN,0,569,569
IIT Madras,ME3N,,EWS,0,482,482
IIT Madras,ME3N,,OBC,0,514,514
IIT Madras,ME3N,,SC,0,345,345
IIT Madras,ME3N,,ST,0,281,281
IIT Madras,ME3N*,,OBC,0,658,658
IIT Madras,MM1N,,GEN,0,362,362
IIT Madras,MM1N,,EWS,0,322,322
IIT Madras,MM1N,,OBC,0,333,333
IIT Madras,MM1N,,SC,0,219,219
IIT Madras,MM1N*,,GEN,0,618,618
IIT Madras,MM1N*,,EWS,0,438,438
IIT Madras,MM1N*,,OBC,0,500,500
IIT Madras,MM1N*,,ST,0,273,273
IIT Madras,OE1N,,GEN,0,483,483
IIT Madras,OE1N,,EWS,0,401,401
IIT Madras,OE1N,,OBC,0,423,423
IIT Madras,OE1N,,SC,0,279,279
IIT Madras,OE2N,,GEN,0,460,460
IIT Madras,OE2N,,OBC,0,357,357
IIT Madras,PE1N,,GEN,0,445,445
IIT Madras,PE1N,,EWS,0,369,369
IIT Madras,PE1N,,OBC,0,380,380
IIT Madras,PE1N,,SC,0,281,281
IIT Madras,HS1N,,GEN,0,618,618
IIT Madras,HS1N,,EWS,0,287,287
IIT Madras,HS1N,,OBC,0,470,470
IIT Madras,HS1N,,SC,0,167,167
IIT Madras,HS1N,,ST,0,230,230
IIT Madras,HS1N,,GEN,0,563,563
IIT Madras,HS2N,,GEN,0,679,679
IIT Madras,HS2N,,EWS,0,448,448
IIT Madras,HS2N,,OBC,0,571,571
IIT Madras,HS2N,,SC,0,384,384
IIT Madras,HS2N,,ST,0,316,316
IIT Madras,HS2N,,GEN,0,733,733
IIT Madras,HS2N,,EWS,0,615,615
IIT Madras,HS2N,,OBC,0,518,518
IIT Madras,HS2N,,SC,0,451,451
IIT Madras,HS2N,,ST,0,274,274
IIT Madras,HS2N,,GEN,0,897,897
IIT Madras,HS2N,,SC,0,237,237
IIT Madras,HS2N,,GEN,0,868,868
IIT Madras,HS2N,,OBC,0,770,770
IIT Madras,HS2N,,GEN-PwD,0,405,405
IIT Madras,HS3N,,GEN,0,737,737
IIT Madras,HS3N,,EWS,0,619,619
IIT Madras,HS3N,,OBC,0,527,527
IIT Madras,HS3N,,SC,0,464,464
IIT Madras,HS3N,,ST,0,283,283
IIT Madras,HS3N,,GEN-PwD,0,544,544
IIT Madras,HS3N,,EWS-PwD,0,226,226
IIT Bhilai,Bioengineering,,EWS,0,429,429
IIT Bhilai,Bioengineering,,OBC,0,389,389
IIT Bhilai,Bioengineering,,SC,0,298,298
IIT Bhilai,Biomedical Devices,,EWS,0,304,304
IIT Bhilai,Biomedical Devices,,OBC,0,387,387
IIT Bhilai,Biomedical Devices,,SC,0,282,282
IIT Bhilai,Biomedical Devices,,ST,0,249,249
IIT Bhilai,Biomedical Devices,,GEN,0,311,311
IIT Bhilai,Computer Science and 580 NA 577 431 404 NA 380 NA 614 NA Engineering Control and 366 NA 354 NA 351 NA NA NA 441 NA Instrumentation Data Science and Artificial 557 NA 548 NA 393 NA 315 NA 610 NA Intelligence Design and Manufacturing,,EWS,0,340,340
IIT Bhilai,Computer Science and 580 NA 577 431 404 NA 380 NA 614 NA Engineering Control and 366 NA 354 NA 351 NA NA NA 441 NA Instrumentation Data Science and Artificial 557 NA 548 NA 393 NA 315 NA 610 NA Intelligence Design and Manufacturing,,OBC,0,345,345
IIT Bhilai,Computer Science and 580 NA 577 431 404 NA 380 NA 614 NA Engineering Control and 366 NA 354 NA 351 NA NA NA 441 NA Instrumentation Data Science and Artificial 557 NA 548 NA 393 NA 315 NA 610 NA Intelligence Design and Manufacturing,,SC,0,255,255
IIT Bhilai,Computer Science and 580 NA 577 431 404 NA 380 NA 614 NA Engineering Control and 366 NA 354 NA 351 NA NA NA 441 NA Instrumentation Data Science and Artificial 557 NA 548 NA 393 NA 315 NA 610 NA Intelligence Design and Manufacturing,,ST,0,272,272
IIT Bhilai,Computer Science and 580 NA 577 431 404 NA 380 NA 614 NA Engineering Control and 366 NA 354 NA 351 NA NA NA 441 NA Instrumentation Data Science and Artificial 557 NA 548 NA 393 NA 315 NA 610 NA Intelligence Design and Manufacturing,,GEN,0,389,389
IIT Bhilai,Electric Vehicle Technology,,EWS,0,316,316
IIT Bhilai,Electric Vehicle Technology,,OBC,0,351,351
IIT Bhilai,Electric Vehicle Technology,,SC,0,340,340
IIT Bhilai,Electric Vehicle Technology,,ST,0,244,244
IIT Bhilai,Electric Vehicle Technology,,GEN,0,397,397
IIT Bhilai,Electronics & Communication,,EWS,0,352,352
IIT Bhilai,Electronics & Communication,,OBC,0,393,393
IIT Bhilai,Electronics & Communication,,SC,0,303,303
IIT Bhilai,Electronics & Communication,,ST,0,231,231
IIT Bhilai,Electronics & Communication,,GEN,0,436,436
IIT Bhilai,Engineering Materials Science and 337 NA 317 NA 245 NA 249 NA 362 NA Metallurgical Engineering Mechatronics Engineering,,EWS,0,334,334
IIT Bhilai,Engineering Materials Science and 337 NA 317 NA 245 NA 249 NA 362 NA Metallurgical Engineering Mechatronics Engineering,,OBC,0,351,351
IIT Bhilai,Engineering Materials Science and 337 NA 317 NA 245 NA 249 NA 362 NA Metallurgical Engineering Mechatronics Engineering,,SC,0,228,228
IIT Bhilai,Engineering Materials Science and 337 NA 317 NA 245 NA 249 NA 362 NA Metallurgical Engineering Mechatronics Engineering,,GEN,0,406,406
IIT Bhilai,Microelectronics and VLSI,,EWS,0,424,424
IIT Bhilai,Microelectronics and VLSI,,OBC,0,436,436
IIT Bhilai,Microelectronics and VLSI,,SC,0,334,334
IIT Bhilai,Microelectronics and VLSI,,GEN,0,444,444
IIT ISM Dhanbad,Artificial Intelligence & Data Science,AI,GEN,10,685,685
IIT ISM Dhanbad,Artificial Intelligence & Data Science,AI,OBC,10,632,632
IIT ISM Dhanbad,Artificial Intelligence & Data Science,AI,EWS,10,664,664
IIT ISM Dhanbad,Artificial Intelligence & Data Science,AI,SC,10,483,483
IIT ISM Dhanbad,Artificial Intelligence & Data Science,AI,ST,10,390,390
IIT ISM Dhanbad,Chemical Engineering,CH,GEN,10,242,242
IIT ISM Dhanbad,Chemical Engineering,CH,OBC,10,242,242
IIT ISM Dhanbad,Chemical Engineering,CH,EWS,10,242,242
IIT ISM Dhanbad,Chemical Engineering,CH,SC,10,181,181
IIT ISM Dhanbad,Chemical Engineering,CH,ST,10,198,198
IIT ISM Dhanbad,Computer Science and Engineering,CS,GEN,10,711,711
IIT ISM Dhanbad,Computer Science and Engineering,CS,OBC,10,689,689
IIT ISM Dhanbad,Computer Science and Engineering,CS,EWS,10,701,701
IIT ISM Dhanbad,Computer Science and Engineering,CS,SC,10,535,535
IIT ISM Dhanbad,Computer Science and Engineering,CS,ST,10,430,430
IIT ISM Dhanbad,Data Analytics,DA,GEN,10,702,702
IIT ISM Dhanbad,Data Analytics,DA,OBC,10,629,629
IIT ISM Dhanbad,Data Analytics,DA,EWS,10,645,645
IIT ISM Dhanbad,Data Analytics,DA,SC,10,491,491
IIT ISM Dhanbad,Data Analytics,DA,ST,10,393,393
IIT ISM Dhanbad,Data Analytics,MA,GEN,10,455,455
IIT ISM Dhanbad,Data Analytics,MA,OBC,10,350,350
IIT ISM Dhanbad,Data Analytics,MA,EWS,10,370,370
IIT ISM Dhanbad,Data Analytics,MA,SC,10,221,221
IIT ISM Dhanbad,Data Analytics,MA,ST,10,198,198
IIT ISM Dhanbad,Earthquake Science & Engineering,GP,GEN,10,245,245
IIT ISM Dhanbad,Earthquake Science & Engineering,GP,OBC,10,332,332
IIT ISM Dhanbad,Earthquake Science & Engineering,GP,EWS,10,370,370
IIT ISM Dhanbad,Earthquake Science & Engineering,GP,SC,10,240,240
IIT ISM Dhanbad,Earthquake Science & Engineering,GP,ST,10,149,149
IIT ISM Dhanbad,Electronics Engineering (Communication & Signal Processing),SP,GEN,10,483,483
IIT ISM Dhanbad,Electronics Engineering (Communication & Signal Processing),SP,OBC,10,463,463
IIT ISM Dhanbad,Electronics Engineering (Communication & Signal Processing),SP,EWS,10,471,471
IIT ISM Dhanbad,Electronics Engineering (Communication & Signal Processing),SP,SC,10,334,334
IIT ISM Dhanbad,Electronics Engineering (Communication & Signal Processing),SP,ST,10,272,272
IIT ISM Dhanbad,Electronics Engineering (Optical Communication & Integrated Photonics),OC,GEN,10,412,412
IIT ISM Dhanbad,Electronics Engineering (Optical Communication & Integrated Photonics),OC,OBC,10,381,381
IIT ISM Dhanbad,Electronics Engineering (Optical Communication & Integrated Photonics),OC,EWS,10,345,345
IIT ISM Dhanbad,Electronics Engineering (Optical Communication & Integrated Photonics),OC,SC,10,319,319
IIT ISM Dhanbad,Electronics Engineering (Optical Communication & Integrated Photonics),OC,ST,10,252,252
IIT ISM Dhanbad,Electronics Engineering (RF & Microwave Engineering),RF,GEN,10,409,409
IIT ISM Dhanbad,Electronics Engineering (RF & Microwave Engineering),RF,OBC,10,370,370
IIT ISM Dhanbad,Electronics Engineering (RF & Microwave Engineering),RF,EWS,10,346,346
IIT ISM Dhanbad,Electronics Engineering (RF & Microwave Engineering),RF,SC,10,299,299
IIT ISM Dhanbad,Electronics Engineering (RF & Microwave Engineering),RF,ST,10,260,260
IIT ISM Dhanbad,Electronics Engineering (VLSI Design),VL,GEN,10,527,527
IIT ISM Dhanbad,Electronics Engineering (VLSI Design),VL,OBC,10,514,514
IIT ISM Dhanbad,Electronics Engineering (VLSI Design),VL,EWS,10,510,510
IIT ISM Dhanbad,Electronics Engineering (VLSI Design),VL,SC,10,374,374
IIT ISM Dhanbad,Electronics Engineering (VLSI Design),VL,ST,10,315,315
IIT ISM Dhanbad,Environmental Science & Engineering,ES,GEN,10,391,391
IIT ISM Dhanbad,Environmental Science & Engineering,ES,OBC,10,389,389
IIT ISM Dhanbad,Environmental Science & Engineering,ES,EWS,10,321,321
IIT ISM Dhanbad,Environmental Science & Engineering,ES,SC,10,293,293
IIT ISM Dhanbad,Environmental Science & Engineering,ES,ST,10,274,274
IIT ISM Dhanbad,Fuel and Energy Engineering,FE,GEN,10,342,342
IIT ISM Dhanbad,Fuel and Energy Engineering,FE,OBC,10,356,356
IIT ISM Dhanbad,Fuel and Energy Engineering,FE,EWS,10,354,354
IIT ISM Dhanbad,Fuel and Energy Engineering,FE,SC,10,241,241
IIT ISM Dhanbad,Fuel and Energy Engineering,FE,ST,10,239,239
IIT ISM Dhanbad,Geomatics,GM,GEN,10,423,423
IIT ISM Dhanbad,Geomatics,GM,OBC,10,373,373
IIT ISM Dhanbad,Geomatics,GM,EWS,10,336,336
IIT ISM Dhanbad,Geomatics,GM,SC,10,306,306
IIT ISM Dhanbad,Geomatics,GM,ST,10,273,273
IIT ISM Dhanbad,Geotechnical Engineering,GE,GEN,10,378,378
IIT ISM Dhanbad,Geotechnical Engineering,GE,OBC,10,378,378
IIT ISM Dhanbad,Geotechnical Engineering,GE,EWS,10,321,321
IIT ISM Dhanbad,Geotechnical Engineering,GE,SC,10,306,306
IIT ISM Dhanbad,Geotechnical Engineering,GE,ST,10,303,303
IIT ISM Dhanbad,Industrial Engineering & Management,MS,GEN,10,449,449
IIT ISM Dhanbad,Industrial Engineering & Management,MS,OBC,10,443,443
IIT ISM Dhanbad,Industrial Engineering & Management,MS,EWS,10,439,439
IIT ISM Dhanbad,Industrial Engineering & Management,MS,SC,10,314,314
IIT ISM Dhanbad,Industrial Engineering & Management,MS,ST,10,279,279
IIT ISM Dhanbad,Mechanical Engineering (Machine Design),MD,GEN,10,494,494
IIT ISM Dhanbad,Mechanical Engineering (Machine Design),MD,OBC,10,456,456
IIT ISM Dhanbad,Mechanical Engineering (Machine Design),MD,EWS,10,445,445
IIT ISM Dhanbad,Mechanical Engineering (Machine Design),MD,SC,10,324,324
IIT ISM Dhanbad,Mechanical Engineering (Machine Design),MD,ST,10,238,238
IIT ISM Dhanbad,Mechanical Engineering (Manufacturing Engineering),MF,GEN,10,387,387
IIT ISM Dhanbad,Mechanical Engineering (Manufacturing Engineering),MF,OBC,10,387,387
IIT ISM Dhanbad,Mechanical Engineering (Manufacturing Engineering),MF,EWS,10,316,316
IIT ISM Dhanbad,Mechanical Engineering (Manufacturing Engineering),MF,SC,10,266,266
IIT ISM Dhanbad,Mechanical Engineering (Manufacturing Engineering),MF,ST,10,238,238
IIT ISM Dhanbad,Mechanical Engineering (Thermal Engineering),TH,GEN,10,470,470
IIT ISM Dhanbad,Mechanical Engineering (Thermal Engineering),TH,OBC,10,449,449
IIT ISM Dhanbad,Mechanical Engineering (Thermal Engineering),TH,EWS,10,425,425
IIT ISM Dhanbad,Mechanical Engineering (Thermal Engineering),TH,SC,10,266,266
IIT ISM Dhanbad,Mechanical Engineering (Thermal Engineering),TH,ST,10,238,238
IIT ISM Dhanbad,Metallurgical Engineering,MT,GEN,10,231,231
IIT ISM Dhanbad,Metallurgical Engineering,MT,OBC,10,231,231
IIT ISM Dhanbad,Metallurgical Engineering,MT,EWS,10,231,231
IIT ISM Dhanbad,Metallurgical Engineering,MT,SC,10,231,231
IIT ISM Dhanbad,Metallurgical Engineering,MT,ST,10,231,231
IIT ISM Dhanbad,Mineral Engineering,FM,GEN,10,216,216
IIT ISM Dhanbad,Mineral Engineering,FM,OBC,10,216,216
IIT ISM Dhanbad,Mineral Engineering,FM,EWS,10,216,216
IIT ISM Dhanbad,Mineral Engineering,FM,SC,10,216,216
IIT ISM Dhanbad,Mineral Engineering,FM,ST,10,207,207
IIT ISM Dhanbad,Mining Engineering,MN,GEN,10,471,471
IIT ISM Dhanbad,Mining Engineering,MN,OBC,10,524,524
IIT ISM Dhanbad,Mining Engineering,MN,EWS,10,428,428
IIT ISM Dhanbad,Mining Engineering,MN,SC,10,356,356
IIT ISM Dhanbad,Mining Engineering,MN,ST,10,356,356
IIT ISM Dhanbad,Petroleum Engineering,PE,GEN,10,268,268
IIT ISM Dhanbad,Petroleum Engineering,PE,OBC,10,268,268
IIT ISM Dhanbad,Petroleum Engineering,PE,EWS,10,268,268
IIT ISM Dhanbad,Petroleum Engineering,PE,SC,10,236,236
IIT ISM Dhanbad,Petroleum Engineering,PE,ST,10,198,198
IIT ISM Dhanbad,Pharmaceutical Science and Engineering,CY,GEN,10,434,434
IIT ISM Dhanbad,Pharmaceutical Science and Engineering,CY,OBC,10,330,330
IIT ISM Dhanbad,Pharmaceutical Science and Engineering,CY,EWS,10,350,350
IIT ISM Dhanbad,Pharmaceutical Science and Engineering,CY,SC,10,214,214
IIT ISM Dhanbad,Pharmaceutical Science and Engineering,CY,ST,10,188,188
IIT ISM Dhanbad,Power Electronics & Electrical Drives,PD,GEN,10,492,492
IIT ISM Dhanbad,Power Electronics & Electrical Drives,PD,OBC,10,488,488
IIT ISM Dhanbad,Power Electronics & Electrical Drives,PD,EWS,10,488,488
IIT ISM Dhanbad,Power Electronics & Electrical Drives,PD,SC,10,374,374
IIT ISM Dhanbad,Power Electronics & Electrical Drives,PD,ST,10,303,303
IIT ISM Dhanbad,Power System Engineering,PS,GEN,10,463,463
IIT ISM Dhanbad,Power System Engineering,PS,OBC,10,460,460
IIT ISM Dhanbad,Power System Engineering,PS,EWS,10,486,486
IIT ISM Dhanbad,Power System Engineering,PS,SC,10,370,370
IIT ISM Dhanbad,Power System Engineering,PS,ST,10,287,287
IIT ISM Dhanbad,Structural Engineering,SE,GEN,10,422,422
IIT ISM Dhanbad,Structural Engineering,SE,OBC,10,434,434
IIT ISM Dhanbad,Structural Engineering,SE,EWS,10,412,412
IIT ISM Dhanbad,Structural Engineering,SE,SC,10,306,306
IIT ISM Dhanbad,Structural Engineering,SE,ST,10,268,268
IIT ISM Dhanbad,Transportation Engineering,TE,GEN,10,414,414
IIT ISM Dhanbad,Transportation Engineering,TE,OBC,10,397,397
IIT ISM Dhanbad,Transportation Engineering,TE,EWS,10,378,378
IIT ISM Dhanbad,Transportation Engineering,TE,SC,10,337,337
IIT ISM Dhanbad,Transportation Engineering,TE,ST,10,287,287
IIT ISM Dhanbad,Tunneling and Underground Space Technology,TU,GEN,10,370,370
IIT ISM Dhanbad,Tunneling and Underground Space Technology,TU,OBC,10,365,365
IIT ISM Dhanbad,Tunneling and Underground Space Technology,TU,EWS,10,370,370
IIT ISM Dhanbad,Tunneling and Underground Space Technology,TU,SC,10,327,327
IIT ISM Dhanbad,Tunneling and Underground Space Technology,TU,ST,10,341,341
IIT ISM Dhanbad,Water Resources Engineering,WR,GEN,10,283,283
IIT ISM Dhanbad,Water Resources Engineering,WR,OBC,10,344,344
IIT ISM Dhanbad,Water Resources Engineering,WR,EWS,10,321,321
IIT ISM Dhanbad,Water Resources Engineering,WR,SC,10,277,277
IIT ISM Dhanbad,Water Resources Engineering,WR,ST,10,262,262
IIT Jammu,Medical Devices,,GEN,0,422,422
IIT Jammu,Medical Devices,,OBC,0,318,318
IIT Jammu,Medical Devices,,EWS,0,372,372
IIT Jammu,Medical Devices,,SC,0,214,214
IIT Jammu,Medical Devices,,ST,0,272,272
IIT Jammu,Medical Devices,,PwD,0,237,237
IIT Jammu,Structural Engineering,,GEN,0,430,430
IIT Jammu,Structural Engineering,,OBC,0,355,355
IIT Jammu,Structural Engineering,,EWS,0,366,366
IIT Jammu,Structural Engineering,,SC,0,283,283
IIT Jammu,Structural Engineering,,ST,0,325,325
IIT Jammu,Structural Engineering,,PwD,0,291,291
IIT Jammu,Tunnel Engineering,,GEN,0,322,322
IIT Jammu,Tunnel Engineering,,OBC,0,325,325
IIT Jammu,Tunnel Engineering,,EWS,0,370,370
IIT Jammu,Tunnel Engineering,,SC,0,287,287
IIT Jammu,Tunnel Engineering,,ST,0,258,258
IIT Jammu,Tunnel Engineering,,PwD,0,291,291
IIT Jammu,Computer Science & Engineering,,GEN,0,643,643
IIT Jammu,Computer Science & Engineering,,OBC,0,589,589
IIT Jammu,Computer Science & Engineering,,EWS,0,639,639
IIT Jammu,Computer Science & Engineering,,SC,0,443,443
IIT Jammu,Computer Science & Engineering,,ST,0,397,397
IIT Jammu,Computer Science & Engineering,,PwD,0,476,476
IIT Jammu,Communcation & Signal,,GEN,0,459,459
IIT Jammu,Communcation & Signal,,OBC,0,409,409
IIT Jammu,Communcation & Signal,,EWS,0,409,409
IIT Jammu,Communcation & Signal,,SC,0,327,327
IIT Jammu,Communcation & Signal,,ST,0,280,280
IIT Jammu,Communcation & Signal,,PwD,0,272,272
IIT Jammu,VLSI Design,,GEN,0,487,487
IIT Jammu,VLSI Design,,OBC,0,436,436
IIT Jammu,VLSI Design,,EWS,0,467,467
IIT Jammu,VLSI Design,,SC,0,358,358
IIT Jammu,VLSI Design,,ST,0,276,276
IIT Jammu,VLSI Design,,PwD,0,307,307
IIT Jammu,Thermal & Energy Systems,,GEN,0,352,352
IIT Jammu,Thermal & Energy Systems,,OBC,0,318,318
IIT Jammu,Thermal & Energy Systems,,EWS,0,369,369
IIT Jammu,Thermal & Energy Systems,,SC,0,279,279
IIT Jammu,Thermal & Energy Systems,,ST,0,248,248
IIT Jammu,Thermal & Energy Systems,,PwD,0,257,257
IIT Jammu,Mechanical System Design,,GEN,0,352,352
IIT Jammu,Mechanical System Design,,OBC,0,332,332
IIT Jammu,Mechanical System Design,,EWS,0,369,369
IIT Jammu,Mechanical System Design,,SC,0,235,235
IIT Jammu,Mechanical System Design,,ST,0,248,248
IIT Kanpur,Aerospace Engineering/Aerodynamics,AE,GEN,1,675,675
IIT Kanpur,Aerospace Engineering/Aerothermodynamics and Thermal Sciences,AE,GEN,1,671,671
IIT Kanpur,Aerospace Engineering/Computational Mechanics,AE,GEN,1,769,769
IIT Kanpur,Aerospace Engineering/Flight Mechanics,AE,GEN,1,789,789
IIT Kanpur,Aerospace Engineering/Propulsion,AE,GEN,1,703,703
IIT Kanpur,Aerospace Engineering/Structures,AE,GEN,1,675,675
IIT Kanpur,Unmanned Aerial Systems Engineering/Aeromechanics and Design,AE,GEN,1,736,736
IIT Kanpur,Unmanned Aerial Systems Engineering/Autonomy,AE,GEN,1,642,642
IIT Kanpur,Biological Sciences and Bioengineering,BT,GEN,1,611,611
IIT Kanpur,Biomedical Engineering,CS,GEN,1,413,413
IIT Kanpur,Civil Engineering (Environmental Engineering),ES,GEN,1,627,627
IIT Kanpur,Civil Engineering (GeoInformatics),GE,GEN,1,604,604
IIT Kanpur,Civil Engineering (Geotechnical Engineering),CE,GEN,1,526,526
IIT Kanpur,Civil Engineering (Hydraulics and Water Resources Engineering),CE,GEN,1,503,503
IIT Kanpur,Civil Engineering (Infrastructure Engineering and Management),CE,GEN,1,614,614
IIT Kanpur,Civil Engineering (Structural Engineering),CE,GEN,1,598,598
IIT Kanpur,Civil Engineering (Transportation Engineering),CE,GEN,1,517,517
IIT Kanpur,Chemical Engineering,CH,GEN,1,609,609
IIT Kanpur,Cognitive Systems,CS,GEN,1,654,654
IIT Kanpur,Computer Science and Engineering,DA,GEN,1,882,882
IIT Kanpur,Electrical Eng./CA,EE,GEN,1,799,799
IIT Kanpur,Electrical Eng./MVLSI,EC,GEN,1,967,967
IIT Kanpur,Electrical Eng./PE,EE,GEN,1,728,728
IIT Kanpur,Electrical Eng./OPTEC,EC,GEN,1,749,749
IIT Kanpur,Electrical Eng./RF,EC,GEN,1,760,760
IIT Kanpur,Electrical Eng./SPCOM,EC,GEN,1,776,776
IIT Kanpur,Earth Sciences/ Geological Technology,GG,GEN,1,452,452
IIT Kanpur,Management Sciences,DA,GEN,1,643,643
IIT Kanpur,Mech. Eng./Fluid and Thermal Sciences,ME,GEN,1,732,732
IIT Kanpur,Mech. Eng./Manufacturing Sciences,ME,GEN,1,763,763
IIT Kanpur,Mech. Eng./Robotics and Automation,ME,GEN,1,888,888
IIT Kanpur,Mech. Eng./Solid Mechanics and Design,ME,GEN,1,781,781
IIT Kanpur,Materials Science and Engineering,MT,GEN,1,461,461
IIT Kanpur,Materials Science Programme,IN,GEN,1,449,449
IIT Kanpur,Photonics Science and Engineering,PH,GEN,1,603,603
IIT Kanpur,Sustainable Energy Engineering,XE,GEN,1,639,639
IIT Kanpur,"Space, Planetary and Astronomical Sciences and Engineering",DA,GEN,1,667,667
IIT Kanpur,Artificial Intelligence for Sustainability,CS,GEN,1,760,760
IIT Kanpur,Aerospace Engineering/Aerodynamics,AE,EWS,1,613,613
IIT Kanpur,Aerospace Engineering/Aerothermodynamics and Thermal Sciences,ME,EWS,1,407,407
IIT Kanpur,Aerospace Engineering/Computational Mechanics,ME,EWS,1,705,705
IIT Kanpur,Aerospace Engineering/Flight Mechanics,AE,EWS,1,695,695
IIT Kanpur,Aerospace Engineering/Propulsion,PH,EWS,1,563,563
IIT Kanpur,Aerospace Engineering/Structures,PH,EWS,1,468,468
IIT Kanpur,Unmanned Aerial Systems Engineering/Aeromechanics and Design,AE,EWS,1,613,613
IIT Kanpur,Unmanned Aerial Systems Engineering/Autonomy,CS,EWS,1,612,612
IIT Kanpur,Biological Sciences and Bioengineering,BT,EWS,1,598,598
IIT Kanpur,Biomedical Engineering,CH,EWS,1,423,423
IIT Kanpur,Civil Engineering (Environmental Engineering),CE,EWS,1,472,472
IIT Kanpur,Civil Engineering (GeoInformatics),CS,EWS,1,489,489
IIT Kanpur,Civil Engineering (Hydraulics and Water Resources Engineering),CE,EWS,1,401,401
IIT Kanpur,Civil Engineering (Infrastructure Engineering and Management),CE,EWS,1,663,663
IIT Kanpur,Civil Engineering (Structural Engineering),CE,EWS,1,588,588
IIT Kanpur,Chemical Engineering,CH,EWS,1,561,561
IIT Kanpur,Cognitive Systems,DA,EWS,1,569,569
IIT Kanpur,Computer Science and Engineering,CS,EWS,1,827,827
IIT Kanpur,Electrical Eng./CA,EC,EWS,1,752,752
IIT Kanpur,Electrical Eng./MVLSI,EC,EWS,1,846,846
IIT Kanpur,Electrical Eng./PE,EE,EWS,1,653,653
IIT Kanpur,Electrical Eng./OPTEC,EC,EWS,1,698,698
IIT Kanpur,Electrical Eng./RF,EC,EWS,1,698,698
IIT Kanpur,Electrical Eng./SPCOM,EC,EWS,1,710,710
IIT Kanpur,Earth Sciences/ Geological Technology,GG,EWS,1,400,400
IIT Kanpur,Management Sciences,CS,EWS,1,635,635
IIT Kanpur,Mech. Eng./Fluid and Thermal Sciences,ME,EWS,1,694,694
IIT Kanpur,Mech. Eng./Manufacturing Sciences,ME,EWS,1,687,687
IIT Kanpur,Mech. Eng./Robotics and Automation,ME,EWS,1,718,718
IIT Kanpur,Mech. Eng./Solid Mechanics and Design,ME,EWS,1,715,715
IIT Kanpur,Materials Science and Engineering,MT,EWS,1,394,394
IIT Kanpur,Materials Science Programme,CH,EWS,1,423,423
IIT Kanpur,Photonics Science and Engineering,PH,EWS,1,563,563
IIT Kanpur,Sustainable Energy Engineering,CY,EWS,1,542,542
IIT Kanpur,"Space, Planetary and Astronomical Sciences and Engineering",CS,EWS,1,506,506
IIT Kanpur,Artificial Intelligence for Sustainability,DA,EWS,1,706,706
IIT Kanpur,Aerospace Engineering/Aerodynamics,AE,OBC,1,574,574
IIT Kanpur,Aerospace Engineering/Aerothermodynamics and Thermal Sciences,AE,OBC,1,609,609
IIT Kanpur,Aerospace Engineering/Computational Mechanics,ME,OBC,1,642,642
IIT Kanpur,Aerospace Engineering/Flight Mechanics,AE,OBC,1,642,642
IIT Kanpur,Aerospace Engineering/Propulsion,PH,OBC,1,533,533
IIT Kanpur,Aerospace Engineering/Structures,AE,OBC,1,572,572
IIT Kanpur,Unmanned Aerial Systems Engineering/Aeromechanics and Design,XE,OBC,1,595,595
IIT Kanpur,Unmanned Aerial Systems Engineering/Autonomy,AE,OBC,1,556,556
IIT Kanpur,Biological Sciences and Bioengineering,BT,OBC,1,552,552
IIT Kanpur,Biomedical Engineering,BM,OBC,1,387,387
IIT Kanpur,Civil Engineering (Environmental Engineering),CE,OBC,1,492,492
IIT Kanpur,Civil Engineering (GeoInformatics),ES,OBC,1,424,424
IIT Kanpur,Civil Engineering (Geotechnical Engineering),CE,OBC,1,450,450
IIT Kanpur,Civil Engineering (Hydraulics and Water Resources Engineering),CE,OBC,1,442,442
IIT Kanpur,Civil Engineering (Infrastructure Engineering and Management),CE,OBC,1,552,552
IIT Kanpur,Civil Engineering (Structural Engineering),CE,OBC,1,503,503
IIT Kanpur,Civil Engineering (Transportation Engineering),CE,OBC,1,522,522
IIT Kanpur,Chemical Engineering,CH,OBC,1,511,511
IIT Kanpur,Cognitive Systems,BT,OBC,1,530,530
IIT Kanpur,Computer Science and Engineering,CS,OBC,1,810,810
IIT Kanpur,Electrical Eng./CA,EC,OBC,1,757,757
IIT Kanpur,Electrical Eng./PE,EE,OBC,1,661,661
IIT Kanpur,Electrical Eng./OPTEC,EC,OBC,1,702,702
IIT Kanpur,Electrical Eng./RF,EC,OBC,1,710,710
IIT Kanpur,Electrical Eng./SPCOM,EC,OBC,1,721,721
IIT Kanpur,Earth Sciences/ Geological Technology,GG,OBC,1,350,350
IIT Kanpur,Management Sciences,DA,OBC,1,565,565
IIT Kanpur,Mech. Eng./Fluid and Thermal Sciences,ME,OBC,1,670,670
IIT Kanpur,Mech. Eng./Manufacturing Sciences,PI,OBC,1,689,689
IIT Kanpur,Mech. Eng./Robotics and Automation,CS,OBC,1,689,689
IIT Kanpur,Mech. Eng./Solid Mechanics and Design,ME,OBC,1,701,701
IIT Kanpur,Materials Science and Engineering,MT,OBC,1,374,374
IIT Kanpur,Materials Science Programme,CH,OBC,1,364,364
IIT Kanpur,Photonics Science and Engineering,EE,OBC,1,551,551
IIT Kanpur,Sustainable Energy Engineering,DA,OBC,1,561,561
IIT Kanpur,"Space, Planetary and Astronomical Sciences and Engineering",XE,OBC,1,573,573
IIT Kanpur,Artificial Intelligence for Sustainability,CS,OBC,1,689,689
IIT Kanpur,Aerospace Engineering/Aerodynamics,CH,SC,1,257,257
IIT Kanpur,Aerospace Engineering/Aerothermodynamics and Thermal Sciences,ME,SC,1,253,253
IIT Kanpur,Aerospace Engineering/Computational Mechanics,ME,SC,1,483,483
IIT Kanpur,Aerospace Engineering/Flight Mechanics,AE,SC,1,568,568
IIT Kanpur,Aerospace Engineering/Propulsion,ME,SC,1,349,349
IIT Kanpur,Aerospace Engineering/Structures,TF,SC,1,292,292
IIT Kanpur,Unmanned Aerial Systems Engineering/Aeromechanics and Design,ME,SC,1,573,573
IIT Kanpur,Unmanned Aerial Systems Engineering/Autonomy,CS,SC,1,593,593
IIT Kanpur,Biological Sciences and Bioengineering,XL,SC,1,503,503
IIT Kanpur,Biomedical Engineering,PH,SC,1,273,273
IIT Kanpur,Civil Engineering (Environmental Engineering),CE,SC,1,343,343
IIT Kanpur,Civil Engineering (GeoInformatics),CS,SC,1,385,385
IIT Kanpur,Civil Engineering (Geotechnical Engineering),CE,SC,1,355,355
IIT Kanpur,Civil Engineering (Hydraulics and Water Resources Engineering),CE,SC,1,366,366
IIT Kanpur,Civil Engineering (Infrastructure Engineering and Management),CE,SC,1,412,412
IIT Kanpur,Civil Engineering (Structural Engineering),CE,SC,1,408,408
IIT Kanpur,Civil Engineering (Transportation Engineering),CE,SC,1,374,374
IIT Kanpur,Chemical Engineering,CH,SC,1,428,428
IIT Kanpur,Cognitive Systems,CS,SC,1,403,403
IIT Kanpur,Computer Science and Engineering,CS,SC,1,718,718
IIT Kanpur,Electrical Eng./CA,IN,SC,1,656,656
IIT Kanpur,Electrical Eng./MVLSI,EC,SC,1,584,584
IIT Kanpur,Electrical Eng./PE,EE,SC,1,539,539
IIT Kanpur,Electrical Eng./OPTEC,EC,SC,1,522,522
IIT Kanpur,Electrical Eng./RF,EC,SC,1,530,530
IIT Kanpur,Electrical Eng./SPCOM,EC,SC,1,534,534
IIT Kanpur,Earth Sciences/ Geological Technology,GG,SC,1,284,284
IIT Kanpur,Management Sciences,DA,SC,1,413,413
IIT Kanpur,Mech. Eng./Fluid and Thermal Sciences,ME,SC,1,508,508
IIT Kanpur,Mech. Eng./Manufacturing Sciences,PI,SC,1,518,518
IIT Kanpur,Mech. Eng./Robotics and Automation,ME,SC,1,622,622
IIT Kanpur,Mech. Eng./Solid Mechanics and Design,ME,SC,1,553,553
IIT Kanpur,Materials Science and Engineering,MT,SC,1,287,287
IIT Kanpur,Materials Science Programme,EE,SC,1,267,267
IIT Kanpur,Photonics Science and Engineering,EC,SC,1,366,366
IIT Kanpur,Sustainable Energy Engineering,XE,SC,1,420,420
IIT Kanpur,"Space, Planetary and Astronomical Sciences and Engineering",ME,SC,1,459,459
IIT Kanpur,Artificial Intelligence for Sustainability,EE,SC,1,649,649
IIT Kanpur,Aerospace Engineering/Aerodynamics,AE,ST,1,515,515
IIT Kanpur,Aerospace Engineering/Aerothermodynamics and Thermal Sciences,AE,ST,1,437,437
IIT Kanpur,Aerospace Engineering/Computational Mechanics,AE,ST,1,388,388
IIT Kanpur,Aerospace Engineering/Flight Mechanics,CS,ST,1,473,473
IIT Kanpur,Aerospace Engineering/Propulsion,NM,ST,1,153,153
IIT Kanpur,Aerospace Engineering/Structures,AE,ST,1,470,470
IIT Kanpur,Unmanned Aerial Systems Engineering/Aeromechanics and Design,XE,ST,1,336,336
IIT Kanpur,Unmanned Aerial Systems Engineering/Autonomy,AE,ST,1,437,437
IIT Kanpur,Biological Sciences and Bioengineering,XL,ST,1,702,702
IIT Kanpur,Biomedical Engineering,CE,ST,1,313,313
IIT Kanpur,Civil Engineering (Geotechnical Engineering),CE,ST,1,374,374
IIT Kanpur,Civil Engineering (Hydraulics and Water Resources Engineering),CE,ST,1,347,347
IIT Kanpur,Civil Engineering (Infrastructure Engineering and Management),CE,ST,1,592,592
IIT Kanpur,Civil Engineering (Structural Engineering),CE,ST,1,436,436
IIT Kanpur,Chemical Engineering,CH,ST,1,369,369
IIT Kanpur,Computer Science and Engineering,CS,ST,1,579,579
IIT Kanpur,Electrical Eng./CA,IN,ST,1,580,580
IIT Kanpur,Electrical Eng./MVLSI,EC,ST,1,545,545
IIT Kanpur,Electrical Eng./PE,EE,ST,1,452,452
IIT Kanpur,Electrical Eng./OPTEC,EC,ST,1,428,428
IIT Kanpur,Electrical Eng./RF,EC,ST,1,436,436
IIT Kanpur,Electrical Eng./SPCOM,EC,ST,1,448,448
IIT Kanpur,Earth Sciences/ Geological Technology,GG,ST,1,187,187
IIT Kanpur,Management Sciences,ME,ST,1,359,359
IIT Kanpur,Mech. Eng./Fluid and Thermal Sciences,ME,ST,1,400,400
IIT Kanpur,Mech. Eng./Manufacturing Sciences,PI,ST,1,430,430
IIT Kanpur,Mech. Eng./Robotics and Automation,ME,ST,1,477,477
IIT Kanpur,Mech. Eng./Solid Mechanics and Design,ME,ST,1,400,400
IIT Kanpur,Materials Science and Engineering,CY,ST,1,473,473
IIT Kanpur,Materials Science Programme,EE,ST,1,249,249
IIT Kanpur,Photonics Science and Engineering,EC,ST,1,307,307
IIT Kanpur,Sustainable Energy Engineering,CE,ST,1,297,297
IIT Kanpur,"Space, Planetary and Astronomical Sciences and Engineering",EE,ST,1,429,429
IIT Kanpur,Artificial Intelligence for Sustainability,DA,ST,1,440,440
IIT Kanpur,Aerospace Engineering/Computational Mechanics,ME,GEN-PwD,1,248,248
IIT Kanpur,Aerospace Engineering/Flight Mechanics,AE,GEN-PwD,1,368,368
IIT Kanpur,Unmanned Aerial Systems Engineering/Aeromechanics and Design,XE,GEN-PwD,1,450,450
IIT Kanpur,Unmanned Aerial Systems Engineering/Autonomy,AE,GEN-PwD,1,368,368
IIT Kanpur,Electrical Eng./CA,EE,GEN-PwD,1,350,350
IIT Kanpur,Electrical Eng./MVLSI,EC,GEN-PwD,1,397,397
IIT Kanpur,Management Sciences,ME,GEN-PwD,1,307,307
IIT Kanpur,Materials Science Programme,ME,GEN-PwD,1,307,307
IIT Kanpur,Artificial Intelligence for Sustainability,DA,GEN-PwD,1,440,440
IIT Kanpur,Electrical Eng./MVLSI,EC,EWS-PwD,1,370,370
IIT Kanpur,Electrical Eng./SPCOM,EC,EWS-PwD,1,355,355
IIT Kanpur,Aerospace Engineering/Aerodynamics,AE,OBC-PwD,1,277,277
IIT Kanpur,Aerospace Engineering/Aerothermodynamics and Thermal Sciences,ME,OBC-PwD,1,245,245
IIT Kanpur,Computer Science and Engineering,CS,OBC-PwD,1,672,672
IIT Kanpur,Electrical Eng./MVLSI,EC,OBC-PwD,1,375,375
IIT Kanpur,Electrical Eng./SPCOM,EC,OBC-PwD,1,350,350
IIT Kanpur,Mech. Eng./Fluid and Thermal Sciences,ME,OBC-PwD,1,442,442
IIT Kanpur,Sustainable Energy Engineering,CH,OBC-PwD,1,237,237
IIT Kanpur,Aerospace Engineering/Aerodynamics,AE,GEN,2,642,642
IIT Kanpur,Aerospace Engineering/Aerothermodynamics and Thermal Sciences,AE,GEN,2,609,609
IIT Kanpur,Aerospace Engineering/Computational Mechanics,AE,GEN,2,671,671
IIT Kanpur,Aerospace Engineering/Flight Mechanics,AE,GEN,2,785,785
IIT Kanpur,Aerospace Engineering/Propulsion,AE,GEN,2,634,634
IIT Kanpur,Aerospace Engineering/Structures,AE,GEN,2,666,666
IIT Kanpur,Unmanned Aerial Systems Engineering/Aeromechanics and Design,TF,GEN,2,674,674
IIT Kanpur,Unmanned Aerial Systems Engineering/Autonomy,AE,GEN,2,642,642
IIT Kanpur,Biological Sciences and Bioengineering,BT,GEN,2,650,650
IIT Kanpur,Biomedical Engineering,CS,GEN,2,413,413
IIT Kanpur,Civil Engineering (Environmental Engineering),CE,GEN,2,472,472
IIT Kanpur,Civil Engineering (GeoInformatics),MN,GEN,2,541,541
IIT Kanpur,Civil Engineering (Geotechnical Engineering),CE,GEN,2,461,461
IIT Kanpur,Civil Engineering (Hydraulics and Water Resources Engineering),CE,GEN,2,497,497
IIT Kanpur,Civil Engineering (Infrastructure Engineering and Management),CE,GEN,2,614,614
IIT Kanpur,Civil Engineering (Structural Engineering),CE,GEN,2,533,533
IIT Kanpur,Civil Engineering (Transportation Engineering),CE,GEN,2,517,517
IIT Kanpur,Chemical Engineering,CH,GEN,2,570,570
IIT Kanpur,Cognitive Systems,DA,GEN,2,628,628
IIT Kanpur,Computer Science and Engineering,CS,GEN,2,863,863
IIT Kanpur,Electrical Eng./CA,EE,GEN,2,765,765
IIT Kanpur,Electrical Eng./PE,EE,GEN,2,677,677
IIT Kanpur,Electrical Eng./OPTEC,EC,GEN,2,713,713
IIT Kanpur,Electrical Eng./RF,EC,GEN,2,722,722
IIT Kanpur,Electrical Eng./SPCOM,EC,GEN,2,729,729
IIT Kanpur,Earth Sciences/ Geological Technology,GG,GEN,2,435,435
IIT Kanpur,Management Sciences,DA,GEN,2,643,643
IIT Kanpur,Mech. Eng./Fluid and Thermal Sciences,ME,GEN,2,687,687
IIT Kanpur,Mech. Eng./Manufacturing Sciences,ME,GEN,2,698,698
IIT Kanpur,Mech. Eng./Robotics and Automation,ME,GEN,2,801,801
IIT Kanpur,Mech. Eng./Solid Mechanics and Design,ME,GEN,2,739,739
IIT Kanpur,Materials Science and Engineering,MT,GEN,2,417,417
IIT Kanpur,Materials Science Programme,EE,GEN,2,425,425
IIT Kanpur,Photonics Science and Engineering,EC,GEN,2,565,565
IIT Kanpur,Sustainable Energy Engineering,DA,GEN,2,608,608
IIT Kanpur,"Space, Planetary and Astronomical Sciences and Engineering",PH,GEN,2,613,613
IIT Kanpur,Artificial Intelligence for Sustainability,CS,GEN,2,726,726
IIT Kanpur,Aerospace Engineering/Aerodynamics,ME,EWS,2,407,407
IIT Kanpur,Aerospace Engineering/Aerothermodynamics and Thermal Sciences,ME,EWS,2,566,566
IIT Kanpur,Aerospace Engineering/Computational Mechanics,PH,EWS,2,468,468
IIT Kanpur,Aerospace Engineering/Flight Mechanics,AE,EWS,2,658,658
IIT Kanpur,Aerospace Engineering/Propulsion,ME,EWS,2,573,573
IIT Kanpur,Aerospace Engineering/Structures,AE,EWS,2,531,531
IIT Kanpur,Unmanned Aerial Systems Engineering/Aeromechanics and Design,XE,EWS,2,631,631
IIT Kanpur,Unmanned Aerial Systems Engineering/Autonomy,ME,EWS,2,573,573
IIT Kanpur,Civil Engineering (GeoInformatics),CS,EWS,2,498,498
IIT Kanpur,Civil Engineering (Hydraulics and Water Resources Engineering),CE,EWS,2,400,400
IIT Kanpur,Civil Engineering (Infrastructure Engineering and Management),CE,EWS,2,663,663
IIT Kanpur,Civil Engineering (Structural Engineering),CE,EWS,2,588,588
IIT Kanpur,Chemical Engineering,CH,EWS,2,535,535
IIT Kanpur,Cognitive Systems,XL,EWS,2,523,523
IIT Kanpur,Computer Science and Engineering,CS,EWS,2,797,797
IIT Kanpur,Electrical Eng./CA,EE,EWS,2,685,685
IIT Kanpur,Electrical Eng./MVLSI,EC,EWS,2,733,733
IIT Kanpur,Electrical Eng./PE,EE,EWS,2,606,606
IIT Kanpur,Electrical Eng./OPTEC,EC,EWS,2,659,659
IIT Kanpur,Electrical Eng./RF,EC,EWS,2,686,686
IIT Kanpur,Electrical Eng./SPCOM,EC,EWS,2,690,690
IIT Kanpur,Management Sciences,TF,EWS,2,799,799
IIT Kanpur,Mech. Eng./Fluid and Thermal Sciences,ME,EWS,2,656,656
IIT Kanpur,Mech. Eng./Manufacturing Sciences,ME,EWS,2,653,653
IIT Kanpur,Mech. Eng./Robotics and Automation,ME,EWS,2,680,680
IIT Kanpur,Mech. Eng./Solid Mechanics and Design,ME,EWS,2,694,694
IIT Kanpur,Materials Science and Engineering,MT,EWS,2,394,394
IIT Kanpur,Materials Science Programme,PH,EWS,2,333,333
IIT Kanpur,Photonics Science and Engineering,EC,EWS,2,502,502
IIT Kanpur,Sustainable Energy Engineering,XE,EWS,2,525,525
IIT Kanpur,"Space, Planetary and Astronomical Sciences and Engineering",AE,EWS,2,486,486
IIT Kanpur,Artificial Intelligence for Sustainability,CS,EWS,2,672,672
IIT Kanpur,Aerospace Engineering/Aerodynamics,AE,OBC,2,527,527
IIT Kanpur,Aerospace Engineering/Aerothermodynamics and Thermal Sciences,ME,OBC,2,594,594
IIT Kanpur,Aerospace Engineering/Computational Mechanics,AE,OBC,2,556,556
IIT Kanpur,Aerospace Engineering/Flight Mechanics,AE,OBC,2,642,642
IIT Kanpur,Aerospace Engineering/Propulsion,PH,OBC,2,471,471
IIT Kanpur,Aerospace Engineering/Structures,AE,OBC,2,552,552
IIT Kanpur,Unmanned Aerial Systems Engineering/Aeromechanics and Design,ME,OBC,2,573,573
IIT Kanpur,Unmanned Aerial Systems Engineering/Autonomy,AE,OBC,2,556,556
IIT Kanpur,Biological Sciences and Bioengineering,BT,OBC,2,552,552
IIT Kanpur,Biomedical Engineering,BM,OBC,2,387,387
IIT Kanpur,Civil Engineering (Environmental Engineering),CE,OBC,2,492,492
IIT Kanpur,Civil Engineering (GeoInformatics),ES,OBC,2,424,424
IIT Kanpur,Civil Engineering (Geotechnical Engineering),CE,OBC,2,460,460
IIT Kanpur,Civil Engineering (Hydraulics and Water Resources Engineering),CE,OBC,2,397,397
IIT Kanpur,Civil Engineering (Infrastructure Engineering and Management),CE,OBC,2,550,550
IIT Kanpur,Civil Engineering (Structural Engineering),CE,OBC,2,466,466
IIT Kanpur,Civil Engineering (Transportation Engineering),CE,OBC,2,522,522
IIT Kanpur,Chemical Engineering,CH,OBC,2,507,507
IIT Kanpur,Cognitive Systems,DA,OBC,2,436,436
IIT Kanpur,Computer Science and Engineering,CS,OBC,2,794,794
IIT Kanpur,Electrical Eng./CA,EC,OBC,2,733,733
IIT Kanpur,Electrical Eng./PE,EE,OBC,2,637,637
IIT Kanpur,Electrical Eng./OPTEC,EC,OBC,2,682,682
IIT Kanpur,Electrical Eng./RF,EC,OBC,2,690,690
IIT Kanpur,Electrical Eng./SPCOM,DA,OBC,2,702,702
IIT Kanpur,Earth Sciences/ Geological Technology,GG,OBC,2,295,295
IIT Kanpur,Management Sciences,DA,OBC,2,565,565
IIT Kanpur,Mech. Eng./Fluid and Thermal Sciences,ME,OBC,2,656,656
IIT Kanpur,Mech. Eng./Manufacturing Sciences,ME,OBC,2,649,649
IIT Kanpur,Mech. Eng./Robotics and Automation,CS,OBC,2,664,664
IIT Kanpur,Mech. Eng./Solid Mechanics and Design,ME,OBC,2,680,680
IIT Kanpur,Materials Science and Engineering,MT,OBC,2,374,374
IIT Kanpur,Materials Science Programme,PH,OBC,2,333,333
IIT Kanpur,Photonics Science and Engineering,EC,OBC,2,471,471
IIT Kanpur,Sustainable Energy Engineering,ME,OBC,2,556,556
IIT Kanpur,"Space, Planetary and Astronomical Sciences and Engineering",ME,OBC,2,518,518
IIT Kanpur,Artificial Intelligence for Sustainability,DA,OBC,2,678,678
IIT Kanpur,Aerospace Engineering/Aerodynamics,CH,SC,2,257,257
IIT Kanpur,Aerospace Engineering/Aerothermodynamics and Thermal Sciences,ME,SC,2,253,253
IIT Kanpur,Aerospace Engineering/Computational Mechanics,AE,SC,2,294,294
IIT Kanpur,Aerospace Engineering/Flight Mechanics,CS,SC,2,446,446
IIT Kanpur,Aerospace Engineering/Propulsion,AE,SC,2,302,302
IIT Kanpur,Aerospace Engineering/Structures,TF,SC,2,184,184
IIT Kanpur,Unmanned Aerial Systems Engineering/Aeromechanics and Design,XE,SC,2,446,446
IIT Kanpur,Unmanned Aerial Systems Engineering/Autonomy,CS,SC,2,593,593
IIT Kanpur,Biological Sciences and Bioengineering,XL,SC,2,492,492
IIT Kanpur,Biomedical Engineering,PH,SC,2,273,273
IIT Kanpur,Civil Engineering (Environmental Engineering),CE,SC,2,343,343
IIT Kanpur,Civil Engineering (GeoInformatics),CS,SC,2,385,385
IIT Kanpur,Civil Engineering (Geotechnical Engineering),CE,SC,2,355,355
IIT Kanpur,Civil Engineering (Hydraulics and Water Resources Engineering),CE,SC,2,355,355
IIT Kanpur,Civil Engineering (Infrastructure Engineering and Management),CE,SC,2,408,408
IIT Kanpur,Civil Engineering (Structural Engineering),CE,SC,2,408,408
IIT Kanpur,Civil Engineering (Transportation Engineering),CE,SC,2,374,374
IIT Kanpur,Chemical Engineering,CH,SC,2,379,379
IIT Kanpur,Cognitive Systems,CS,SC,2,403,403
IIT Kanpur,Computer Science and Engineering,CS,SC,2,668,668
IIT Kanpur,Electrical Eng./CA,EE,SC,2,582,582
IIT Kanpur,Electrical Eng./MVLSI,EC,SC,2,568,568
IIT Kanpur,Electrical Eng./PE,EE,SC,2,500,500
IIT Kanpur,Electrical Eng./OPTEC,EC,SC,2,483,483
IIT Kanpur,Electrical Eng./RF,EC,SC,2,491,491
IIT Kanpur,Electrical Eng./SPCOM,EC,SC,2,491,491
IIT Kanpur,Earth Sciences/ Geological Technology,GG,SC,2,241,241
IIT Kanpur,Management Sciences,DA,SC,2,413,413
IIT Kanpur,Mech. Eng./Fluid and Thermal Sciences,ME,SC,2,483,483
IIT Kanpur,Mech. Eng./Manufacturing Sciences,PI,SC,2,518,518
IIT Kanpur,Mech. Eng./Robotics and Automation,ME,SC,2,535,535
IIT Kanpur,Mech. Eng./Solid Mechanics and Design,ME,SC,2,515,515
IIT Kanpur,Materials Science and Engineering,MT,SC,2,287,287
IIT Kanpur,Materials Science Programme,PH,SC,2,238,238
IIT Kanpur,Photonics Science and Engineering,EE,SC,2,350,350
IIT Kanpur,Sustainable Energy Engineering,PE,SC,2,397,397
IIT Kanpur,"Space, Planetary and Astronomical Sciences and Engineering",CS,SC,2,446,446
IIT Kanpur,Artificial Intelligence for Sustainability,CS,SC,2,572,572
IIT Kanpur,Aerospace Engineering/Aerodynamics,AE,ST,2,380,380
IIT Kanpur,Aerospace Engineering/Aerothermodynamics and Thermal Sciences,AE,ST,2,388,388
IIT Kanpur,Aerospace Engineering/Computational Mechanics,ME,ST,2,411,411
IIT Kanpur,Aerospace Engineering/Flight Mechanics,CS,ST,2,473,473
IIT Kanpur,Aerospace Engineering/Propulsion,NM,ST,2,153,153
IIT Kanpur,Aerospace Engineering/Structures,AE,ST,2,437,437
IIT Kanpur,Unmanned Aerial Systems Engineering/Aeromechanics and Design,XE,ST,2,336,336
IIT Kanpur,Unmanned Aerial Systems Engineering/Autonomy,EE,ST,2,255,255
IIT Kanpur,Biomedical Engineering,CE,ST,2,313,313
IIT Kanpur,Civil Engineering (Geotechnical Engineering),CE,ST,2,374,374
IIT Kanpur,Civil Engineering (Hydraulics and Water Resources Engineering),CE,ST,2,292,292
IIT Kanpur,Civil Engineering (Structural Engineering),CE,ST,2,436,436
IIT Kanpur,Chemical Engineering,CH,ST,2,364,364
IIT Kanpur,Computer Science and Engineering,CS,ST,2,556,556
IIT Kanpur,Electrical Eng./CA,EE,ST,2,523,523
IIT Kanpur,Electrical Eng./MVLSI,EC,ST,2,495,495
IIT Kanpur,Electrical Eng./PE,EE,ST,2,429,429
IIT Kanpur,Electrical Eng./OPTEC,EC,ST,2,420,420
IIT Kanpur,Electrical Eng./RF,EC,ST,2,416,416
IIT Kanpur,Electrical Eng./SPCOM,EC,ST,2,436,436
IIT Kanpur,Earth Sciences/ Geological Technology,GG,ST,2,187,187
IIT Kanpur,Mech. Eng./Fluid and Thermal Sciences,ME,ST,2,418,418
IIT Kanpur,Mech. Eng./Robotics and Automation,CS,ST,2,473,473
IIT Kanpur,Mech. Eng./Solid Mechanics and Design,ME,ST,2,428,428
IIT Kanpur,Materials Science Programme,EE,ST,2,249,249
IIT Kanpur,Photonics Science and Engineering,EC,ST,2,307,307
IIT Kanpur,Sustainable Energy Engineering,CE,ST,2,297,297
IIT Kanpur,Artificial Intelligence for Sustainability,DA,ST,2,440,440
IIT Kanpur,Aerospace Engineering/Computational Mechanics,ME,GEN-PwD,2,248,248
IIT Kanpur,Electrical Eng./CA,EE,GEN-PwD,2,350,350
IIT Kanpur,Materials Science Programme,PI,GEN-PwD,2,342,342
IIT Kanpur,Electrical Eng./SPCOM,EC,EWS-PwD,2,355,355
IIT Kanpur,Aerospace Engineering/Aerodynamics,AE,OBC-PwD,2,277,277
IIT Kanpur,Aerospace Engineering/Aerothermodynamics and Thermal Sciences,ME,OBC-PwD,2,245,245
IIT Kanpur,Electrical Eng./MVLSI,EC,OBC-PwD,2,377,377
IIT Kanpur,Electrical Eng./SPCOM,EC,OBC-PwD,2,350,350
IIT Kanpur,Aerospace Engineering/Aerodynamics,CH,GEN,3,560,560
IIT Kanpur,Aerospace Engineering/Aerothermodynamics and Thermal Sciences,AE,GEN,3,564,564
IIT Kanpur,Aerospace Engineering/Computational Mechanics,ME,GEN,3,701,701
IIT Kanpur,Aerospace Engineering/Flight Mechanics,AE,GEN,3,671,671
IIT Kanpur,Aerospace Engineering/Propulsion,ME,GEN,3,577,577
IIT Kanpur,Aerospace Engineering/Structures,AE,GEN,3,585,585
IIT Kanpur,Unmanned Aerial Systems Engineering/Aeromechanics and Design,ME,GEN,3,635,635
IIT Kanpur,Unmanned Aerial Systems Engineering/Autonomy,AE,GEN,3,642,642
IIT Kanpur,Biological Sciences and Bioengineering,BT,GEN,3,650,650
IIT Kanpur,Biomedical Engineering,CS,GEN,3,413,413
IIT Kanpur,Civil Engineering (Environmental Engineering),CE,GEN,3,529,529
IIT Kanpur,Civil Engineering (GeoInformatics),CS,GEN,3,552,552
IIT Kanpur,Civil Engineering (Geotechnical Engineering),CE,GEN,3,513,513
IIT Kanpur,Civil Engineering (Hydraulics and Water Resources Engineering),CE,GEN,3,488,488
IIT Kanpur,Civil Engineering (Infrastructure Engineering and Management),CE,GEN,3,614,614
IIT Kanpur,Civil Engineering (Structural Engineering),CE,GEN,3,533,533
IIT Kanpur,Civil Engineering (Transportation Engineering),CE,GEN,3,517,517
IIT Kanpur,Chemical Engineering,CH,GEN,3,550,550
IIT Kanpur,Cognitive Systems,DA,GEN,3,628,628
IIT Kanpur,Computer Science and Engineering,CS,GEN,3,850,850
IIT Kanpur,Electrical Eng./CA,EE,GEN,3,752,752
IIT Kanpur,Electrical Eng./PE,EE,GEN,3,665,665
IIT Kanpur,Electrical Eng./OPTEC,EC,GEN,3,696,696
IIT Kanpur,Electrical Eng./RF,EC,GEN,3,698,698
IIT Kanpur,Electrical Eng./SPCOM,EC,GEN,3,710,710
IIT Kanpur,Earth Sciences/ Geological Technology,GG,GEN,3,408,408
IIT Kanpur,Management Sciences,DA,GEN,3,643,643
IIT Kanpur,Mech. Eng./Fluid and Thermal Sciences,ME,GEN,3,674,674
IIT Kanpur,Mech. Eng./Manufacturing Sciences,ME,GEN,3,670,670
IIT Kanpur,Mech. Eng./Robotics and Automation,ME,GEN,3,756,756
IIT Kanpur,Mech. Eng./Solid Mechanics and Design,ME,GEN,3,718,718
IIT Kanpur,Materials Science and Engineering,MT,GEN,3,417,417
IIT Kanpur,Materials Science Programme,CH,GEN,3,408,408
IIT Kanpur,Photonics Science and Engineering,EC,GEN,3,553,553
IIT Kanpur,Sustainable Energy Engineering,ME,GEN,3,591,591
IIT Kanpur,"Space, Planetary and Astronomical Sciences and Engineering",DA,GEN,3,608,608
IIT Kanpur,Artificial Intelligence for Sustainability,CS,GEN,3,722,722
IIT Kanpur,Aerospace Engineering/Aerodynamics,ME,EWS,3,407,407
IIT Kanpur,Aerospace Engineering/Aerothermodynamics and Thermal Sciences,AE,EWS,3,486,486
IIT Kanpur,Aerospace Engineering/Computational Mechanics,PH,EWS,3,468,468
IIT Kanpur,Aerospace Engineering/Flight Mechanics,PH,EWS,3,563,563
IIT Kanpur,Aerospace Engineering/Propulsion,ME,EWS,3,573,573
IIT Kanpur,Aerospace Engineering/Structures,AE,EWS,3,531,531
IIT Kanpur,Unmanned Aerial Systems Engineering/Aeromechanics and Design,XE,EWS,3,578,578
IIT Kanpur,Unmanned Aerial Systems Engineering/Autonomy,ME,EWS,3,566,566
IIT Kanpur,Civil Engineering (GeoInformatics),CS,EWS,3,498,498
IIT Kanpur,Civil Engineering (Hydraulics and Water Resources Engineering),CE,EWS,3,400,400
IIT Kanpur,Civil Engineering (Infrastructure Engineering and Management),CE,EWS,3,663,663
IIT Kanpur,Civil Engineering (Structural Engineering),CE,EWS,3,588,588
IIT Kanpur,Chemical Engineering,CH,EWS,3,511,511
IIT Kanpur,Cognitive Systems,XL,EWS,3,523,523
IIT Kanpur,Computer Science and Engineering,CS,EWS,3,797,797
IIT Kanpur,Electrical Eng./CA,EE,EWS,3,673,673
IIT Kanpur,Electrical Eng./MVLSI,EC,EWS,3,698,698
IIT Kanpur,Electrical Eng./PE,EE,EWS,3,582,582
IIT Kanpur,Electrical Eng./OPTEC,EC,EWS,3,631,631
IIT Kanpur,Electrical Eng./RF,EC,EWS,3,651,651
IIT Kanpur,Electrical Eng./SPCOM,EC,EWS,3,659,659
IIT Kanpur,Management Sciences,TF,EWS,3,799,799
IIT Kanpur,Mech. Eng./Fluid and Thermal Sciences,ME,EWS,3,635,635
IIT Kanpur,Mech. Eng./Manufacturing Sciences,ME,EWS,3,629,629
IIT Kanpur,Mech. Eng./Robotics and Automation,ME,EWS,3,667,667
IIT Kanpur,Mech. Eng./Solid Mechanics and Design,ME,EWS,3,694,694
IIT Kanpur,Materials Science Programme,CY,EWS,3,377,377
IIT Kanpur,Photonics Science and Engineering,PH,EWS,3,448,448
IIT Kanpur,Sustainable Energy Engineering,XE,EWS,3,525,525
IIT Kanpur,"Space, Planetary and Astronomical Sciences and Engineering",CS,EWS,3,486,486
IIT Kanpur,Artificial Intelligence for Sustainability,CS,EWS,3,660,660
IIT Kanpur,Aerospace Engineering/Aerodynamics,AE,OBC,3,511,511
IIT Kanpur,Aerospace Engineering/Aerothermodynamics and Thermal Sciences,AE,OBC,3,335,335
IIT Kanpur,Aerospace Engineering/Computational Mechanics,AE,OBC,3,548,548
IIT Kanpur,Aerospace Engineering/Flight Mechanics,AE,OBC,3,585,585
IIT Kanpur,Aerospace Engineering/Propulsion,AE,OBC,3,515,515
IIT Kanpur,Aerospace Engineering/Structures,AE,OBC,3,552,552
IIT Kanpur,Unmanned Aerial Systems Engineering/Aeromechanics and Design,ME,OBC,3,580,580
IIT Kanpur,Unmanned Aerial Systems Engineering/Autonomy,AE,OBC,3,556,556
IIT Kanpur,Biological Sciences and Bioengineering,BT,OBC,3,552,552
IIT Kanpur,Biomedical Engineering,BM,OBC,3,387,387
IIT Kanpur,Civil Engineering (GeoInformatics),ES,OBC,3,424,424
IIT Kanpur,Civil Engineering (Geotechnical Engineering),CE,OBC,3,460,460
IIT Kanpur,Civil Engineering (Hydraulics and Water Resources Engineering),CE,OBC,3,397,397
IIT Kanpur,Civil Engineering (Infrastructure Engineering and Management),CE,OBC,3,552,552
IIT Kanpur,Civil Engineering (Structural Engineering),CE,OBC,3,499,499
IIT Kanpur,Civil Engineering (Transportation Engineering),CE,OBC,3,522,522
IIT Kanpur,Chemical Engineering,CH,OBC,3,491,491
IIT Kanpur,Cognitive Systems,DA,OBC,3,436,436
IIT Kanpur,Computer Science and Engineering,CS,OBC,3,789,789
IIT Kanpur,Electrical Eng./CA,EE,OBC,3,704,704
IIT Kanpur,Electrical Eng./MVLSI,EC,OBC,3,850,850
IIT Kanpur,Electrical Eng./PE,EE,OBC,3,626,626
IIT Kanpur,Electrical Eng./OPTEC,EC,OBC,3,655,655
IIT Kanpur,Electrical Eng./RF,EC,OBC,3,667,667
IIT Kanpur,Electrical Eng./SPCOM,EC,OBC,3,682,682
IIT Kanpur,Earth Sciences/ Geological Technology,GG,OBC,3,295,295
IIT Kanpur,Management Sciences,DA,OBC,3,565,565
IIT Kanpur,Mech. Eng./Fluid and Thermal Sciences,ME,OBC,3,642,642
IIT Kanpur,Mech. Eng./Manufacturing Sciences,ME,OBC,3,635,635
IIT Kanpur,Mech. Eng./Robotics and Automation,ME,OBC,3,656,656
IIT Kanpur,Mech. Eng./Solid Mechanics and Design,ME,OBC,3,669,669
IIT Kanpur,Materials Science and Engineering,MT,OBC,3,378,378
IIT Kanpur,Materials Science Programme,CH,OBC,3,364,364
IIT Kanpur,Photonics Science and Engineering,EC,OBC,3,456,456
IIT Kanpur,Sustainable Energy Engineering,ME,OBC,3,542,542
IIT Kanpur,"Space, Planetary and Astronomical Sciences and Engineering",XE,OBC,3,490,490
IIT Kanpur,Artificial Intelligence for Sustainability,ST,OBC,3,657,657
IIT Kanpur,Aerospace Engineering/Aerodynamics,AE,SC,3,351,351
IIT Kanpur,Aerospace Engineering/Aerothermodynamics and Thermal Sciences,ME,SC,3,253,253
IIT Kanpur,Aerospace Engineering/Computational Mechanics,AE,SC,3,294,294
IIT Kanpur,Aerospace Engineering/Flight Mechanics,CS,SC,3,427,427
IIT Kanpur,Aerospace Engineering/Propulsion,AE,SC,3,302,302
IIT Kanpur,Aerospace Engineering/Structures,TF,SC,3,292,292
IIT Kanpur,Unmanned Aerial Systems Engineering/Aeromechanics and Design,ME,SC,3,397,397
IIT Kanpur,Unmanned Aerial Systems Engineering/Autonomy,CS,SC,3,593,593
IIT Kanpur,Biological Sciences and Bioengineering,XL,SC,3,492,492
IIT Kanpur,Civil Engineering (Environmental Engineering),CE,SC,3,343,343
IIT Kanpur,Civil Engineering (GeoInformatics),CS,SC,3,385,385
IIT Kanpur,Civil Engineering (Geotechnical Engineering),CE,SC,3,355,355
IIT Kanpur,Civil Engineering (Hydraulics and Water Resources Engineering),CE,SC,3,366,366
IIT Kanpur,Civil Engineering (Infrastructure Engineering and Management),CE,SC,3,408,408
IIT Kanpur,Civil Engineering (Structural Engineering),CE,SC,3,408,408
IIT Kanpur,Civil Engineering (Transportation Engineering),CE,SC,3,374,374
IIT Kanpur,Chemical Engineering,CH,SC,3,354,354
IIT Kanpur,Cognitive Systems,CS,SC,3,403,403
IIT Kanpur,Computer Science and Engineering,CS,SC,3,639,639
IIT Kanpur,Electrical Eng./CA,EE,SC,3,555,555
IIT Kanpur,Electrical Eng./MVLSI,EC,SC,3,557,557
IIT Kanpur,Electrical Eng./PE,EE,SC,3,481,481
IIT Kanpur,Electrical Eng./OPTEC,EC,SC,3,475,475
IIT Kanpur,Electrical Eng./RF,EC,SC,3,475,475
IIT Kanpur,Electrical Eng./SPCOM,EC,SC,3,483,483
IIT Kanpur,Earth Sciences/ Geological Technology,GG,SC,3,230,230
IIT Kanpur,Management Sciences,DA,SC,3,413,413
IIT Kanpur,Mech. Eng./Fluid and Thermal Sciences,ME,SC,3,477,477
IIT Kanpur,Mech. Eng./Manufacturing Sciences,ME,SC,3,463,463
IIT Kanpur,Mech. Eng./Robotics and Automation,ME,SC,3,501,501
IIT Kanpur,Mech. Eng./Solid Mechanics and Design,ME,SC,3,501,501
IIT Kanpur,Materials Science and Engineering,XE,SC,3,296,296
IIT Kanpur,Materials Science Programme,PH,SC,3,238,238
IIT Kanpur,Photonics Science and Engineering,EE,SC,3,350,350
IIT Kanpur,Sustainable Energy Engineering,ME,SC,3,369,369
IIT Kanpur,"Space, Planetary and Astronomical Sciences and Engineering",XE,SC,3,538,538
IIT Kanpur,Artificial Intelligence for Sustainability,CS,SC,3,527,527
IIT Kanpur,Aerospace Engineering/Aerodynamics,AE,ST,3,347,347
IIT Kanpur,Aerospace Engineering/Aerothermodynamics and Thermal Sciences,ME,ST,3,418,418
IIT Kanpur,Aerospace Engineering/Computational Mechanics,CE,ST,3,400,400
IIT Kanpur,Aerospace Engineering/Flight Mechanics,CS,ST,3,390,390
IIT Kanpur,Aerospace Engineering/Propulsion,NM,ST,3,153,153
IIT Kanpur,Aerospace Engineering/Structures,AE,ST,3,388,388
IIT Kanpur,Unmanned Aerial Systems Engineering/Aeromechanics and Design,XE,ST,3,336,336
IIT Kanpur,Unmanned Aerial Systems Engineering/Autonomy,EE,ST,3,255,255
IIT Kanpur,Biomedical Engineering,CE,ST,3,313,313
IIT Kanpur,Civil Engineering (Geotechnical Engineering),CE,ST,3,374,374
IIT Kanpur,Civil Engineering (Hydraulics and Water Resources Engineering),CE,ST,3,310,310
IIT Kanpur,Civil Engineering (Structural Engineering),CE,ST,3,436,436
IIT Kanpur,Chemical Engineering,CH,ST,3,330,330
IIT Kanpur,Computer Science and Engineering,CS,ST,3,564,564
IIT Kanpur,Electrical Eng./CA,IN,ST,3,514,514
IIT Kanpur,Electrical Eng./MVLSI,EC,ST,3,459,459
IIT Kanpur,Electrical Eng./PE,EE,ST,3,385,385
IIT Kanpur,Electrical Eng./OPTEC,EC,ST,3,409,409
IIT Kanpur,Electrical Eng./RF,EC,ST,3,414,414
IIT Kanpur,Electrical Eng./SPCOM,EC,ST,3,424,424
IIT Kanpur,Mech. Eng./Solid Mechanics and Design,ME,ST,3,428,428
IIT Kanpur,Materials Science Programme,EE,ST,3,249,249
IIT Kanpur,Photonics Science and Engineering,EC,ST,3,307,307
IIT Kanpur,Sustainable Energy Engineering,CE,ST,3,297,297
IIT Kanpur,Artificial Intelligence for Sustainability,DA,ST,3,440,440
IIT Kanpur,Electrical Eng./CA,EE,GEN-PwD,3,350,350
IIT Kanpur,Materials Science Programme,PI,GEN-PwD,3,342,342
IIT Kanpur,Electrical Eng./SPCOM,EC,EWS-PwD,3,355,355
IIT Kanpur,Aerospace Engineering/Aerodynamics,AE,OBC-PwD,3,277,277
IIT Kanpur,Electrical Eng./SPCOM,EC,OBC-PwD,3,350,350
IIT Kanpur,Aerospace Engineering/Aerodynamics,AE,GEN,4,568,568
IIT Kanpur,Aerospace Engineering/Aerothermodynamics and Thermal Sciences,AE,GEN,4,556,556
IIT Kanpur,Aerospace Engineering/Computational Mechanics,PH,GEN,4,493,493
IIT Kanpur,Aerospace Engineering/Flight Mechanics,AE,GEN,4,671,671
IIT Kanpur,Aerospace Engineering/Propulsion,AE,GEN,4,560,560
IIT Kanpur,Aerospace Engineering/Structures,AE,GEN,4,605,605
IIT Kanpur,Unmanned Aerial Systems Engineering/Aeromechanics and Design,ME,GEN,4,635,635
IIT Kanpur,Unmanned Aerial Systems Engineering/Autonomy,CS,GEN,4,625,625
IIT Kanpur,Biological Sciences and Bioengineering,XL,GEN,4,639,639
IIT Kanpur,Biomedical Engineering,EC,GEN,4,456,456
IIT Kanpur,Civil Engineering (Environmental Engineering),ES,GEN,4,542,542
IIT Kanpur,Civil Engineering (GeoInformatics),CS,GEN,4,552,552
IIT Kanpur,Civil Engineering (Geotechnical Engineering),CE,GEN,4,513,513
IIT Kanpur,Civil Engineering (Hydraulics and Water Resources Engineering),CE,GEN,4,488,488
IIT Kanpur,Civil Engineering (Structural Engineering),CE,GEN,4,659,659
IIT Kanpur,Chemical Engineering,CH,GEN,4,540,540
IIT Kanpur,Cognitive Systems,CS,GEN,4,560,560
IIT Kanpur,Computer Science and Engineering,CS,GEN,4,843,843
IIT Kanpur,Electrical Eng./CA,IN,GEN,4,732,732
IIT Kanpur,Electrical Eng./PE,EE,GEN,4,653,653
IIT Kanpur,Electrical Eng./OPTEC,EC,GEN,4,678,678
IIT Kanpur,Electrical Eng./RF,EC,GEN,4,682,682
IIT Kanpur,Electrical Eng./SPCOM,DA,GEN,4,694,694
IIT Kanpur,Earth Sciences/ Geological Technology,GG,GEN,4,408,408
IIT Kanpur,Management Sciences,XE,GEN,4,648,648
IIT Kanpur,Mech. Eng./Fluid and Thermal Sciences,ME,GEN,4,667,667
IIT Kanpur,Mech. Eng./Manufacturing Sciences,ME,GEN,4,656,656
IIT Kanpur,Mech. Eng./Robotics and Automation,CS,GEN,4,714,714
IIT Kanpur,Mech. Eng./Solid Mechanics and Design,ME,GEN,4,715,715
IIT Kanpur,Materials Science and Engineering,MT,GEN,4,417,417
IIT Kanpur,Materials Science Programme,CH,GEN,4,408,408
IIT Kanpur,Photonics Science and Engineering,EC,GEN,4,538,538
IIT Kanpur,Sustainable Energy Engineering,EE,GEN,4,582,582
IIT Kanpur,"Space, Planetary and Astronomical Sciences and Engineering",CS,GEN,4,589,589
IIT Kanpur,Artificial Intelligence for Sustainability,DA,GEN,4,717,717
IIT Kanpur,Aerospace Engineering/Aerodynamics,AE,EWS,4,515,515
IIT Kanpur,Aerospace Engineering/Aerothermodynamics and Thermal Sciences,AE,EWS,4,473,473
IIT Kanpur,Aerospace Engineering/Computational Mechanics,ME,EWS,4,584,584
IIT Kanpur,Aerospace Engineering/Flight Mechanics,PH,EWS,4,468,468
IIT Kanpur,Aerospace Engineering/Propulsion,AE,EWS,4,486,486
IIT Kanpur,Aerospace Engineering/Structures,AE,EWS,4,515,515
IIT Kanpur,Unmanned Aerial Systems Engineering/Aeromechanics and Design,ME,EWS,4,573,573
IIT Kanpur,Unmanned Aerial Systems Engineering/Autonomy,CS,EWS,4,486,486
IIT Kanpur,Civil Engineering (Hydraulics and Water Resources Engineering),CE,EWS,4,400,400
IIT Kanpur,Chemical Engineering,CH,EWS,4,497,497
IIT Kanpur,Computer Science and Engineering,CS,EWS,4,790,790
IIT Kanpur,Electrical Eng./CA,EE,EWS,4,649,649
IIT Kanpur,Electrical Eng./MVLSI,EC,EWS,4,698,698
IIT Kanpur,Electrical Eng./PE,EE,EWS,4,559,559
IIT Kanpur,Electrical Eng./OPTEC,EC,EWS,4,620,620
IIT Kanpur,Electrical Eng./RF,EC,EWS,4,631,631
IIT Kanpur,Electrical Eng./SPCOM,EC,EWS,4,647,647
IIT Kanpur,Mech. Eng./Fluid and Thermal Sciences,ME,EWS,4,635,635
IIT Kanpur,Mech. Eng./Manufacturing Sciences,ME,EWS,4,625,625
IIT Kanpur,Mech. Eng./Robotics and Automation,ME,EWS,4,667,667
IIT Kanpur,Mech. Eng./Solid Mechanics and Design,ME,EWS,4,674,674
IIT Kanpur,Materials Science Programme,CY,EWS,4,377,377
IIT Kanpur,Photonics Science and Engineering,PH,EWS,4,448,448
IIT Kanpur,Sustainable Energy Engineering,XE,EWS,4,525,525
IIT Kanpur,"Space, Planetary and Astronomical Sciences and Engineering",CS,EWS,4,486,486
IIT Kanpur,Artificial Intelligence for Sustainability,CS,EWS,4,660,660
IIT Kanpur,Aerospace Engineering/Aerodynamics,AE,OBC,4,335,335
IIT Kanpur,Aerospace Engineering/Aerothermodynamics and Thermal Sciences,ME,OBC,4,553,553
IIT Kanpur,Aerospace Engineering/Computational Mechanics,AE,OBC,4,548,548
IIT Kanpur,Aerospace Engineering/Flight Mechanics,AE,OBC,4,585,585
IIT Kanpur,Aerospace Engineering/Propulsion,PH,OBC,4,348,348
IIT Kanpur,Aerospace Engineering/Structures,AE,OBC,4,511,511
IIT Kanpur,Unmanned Aerial Systems Engineering/Aeromechanics and Design,ME,OBC,4,563,563
IIT Kanpur,Unmanned Aerial Systems Engineering/Autonomy,CS,OBC,4,602,602
IIT Kanpur,Civil Engineering (Hydraulics and Water Resources Engineering),CE,OBC,4,397,397
IIT Kanpur,Civil Engineering (Infrastructure Engineering and Management),AR,OBC,4,632,632
IIT Kanpur,Civil Engineering (Structural Engineering),CE,OBC,4,499,499
IIT Kanpur,Chemical Engineering,CH,OBC,4,491,491
IIT Kanpur,Cognitive Systems,DA,OBC,4,436,436
IIT Kanpur,Computer Science and Engineering,CS,OBC,4,780,780
IIT Kanpur,Electrical Eng./CA,EC,OBC,4,682,682
IIT Kanpur,Electrical Eng./MVLSI,EC,OBC,4,788,788
IIT Kanpur,Electrical Eng./PE,EE,OBC,4,618,618
IIT Kanpur,Electrical Eng./OPTEC,EC,OBC,4,631,631
IIT Kanpur,Electrical Eng./RF,EC,OBC,4,651,651
IIT Kanpur,Electrical Eng./SPCOM,EC,OBC,4,655,655
IIT Kanpur,Earth Sciences/ Geological Technology,GG,OBC,4,295,295
IIT Kanpur,Mech. Eng./Fluid and Thermal Sciences,ME,OBC,4,632,632
IIT Kanpur,Mech. Eng./Manufacturing Sciences,ME,OBC,4,629,629
IIT Kanpur,Mech. Eng./Robotics and Automation,ME,OBC,4,649,649
IIT Kanpur,Mech. Eng./Solid Mechanics and Design,ME,OBC,4,660,660
IIT Kanpur,Materials Science Programme,IN,OBC,4,405,405
IIT Kanpur,Photonics Science and Engineering,EC,OBC,4,444,444
IIT Kanpur,Sustainable Energy Engineering,CE,OBC,4,535,535
IIT Kanpur,"Space, Planetary and Astronomical Sciences and Engineering",XE,OBC,4,490,490
IIT Kanpur,Artificial Intelligence for Sustainability,ST,OBC,4,657,657
IIT Kanpur,Aerospace Engineering/Aerodynamics,AE,SC,4,347,347
IIT Kanpur,Aerospace Engineering/Aerothermodynamics and Thermal Sciences,AE,SC,4,347,347
IIT Kanpur,Aerospace Engineering/Computational Mechanics,AE,SC,4,294,294
IIT Kanpur,Aerospace Engineering/Flight Mechanics,CS,SC,4,427,427
IIT Kanpur,Aerospace Engineering/Propulsion,AE,SC,4,302,302
IIT Kanpur,Aerospace Engineering/Structures,AE,SC,4,359,359
IIT Kanpur,Unmanned Aerial Systems Engineering/Aeromechanics and Design,ME,SC,4,397,397
IIT Kanpur,Unmanned Aerial Systems Engineering/Autonomy,EC,SC,4,366,366
IIT Kanpur,Civil Engineering (Infrastructure Engineering and Management),CE,SC,4,408,408
IIT Kanpur,Chemical Engineering,CH,SC,4,330,330
IIT Kanpur,Computer Science and Engineering,CS,SC,4,632,632
IIT Kanpur,Electrical Eng./CA,EE,SC,4,555,555
IIT Kanpur,Electrical Eng./MVLSI,EC,SC,4,557,557
IIT Kanpur,Electrical Eng./PE,EE,SC,4,477,477
IIT Kanpur,Electrical Eng./OPTEC,EC,SC,4,459,459
IIT Kanpur,Electrical Eng./RF,EC,SC,4,467,467
IIT Kanpur,Electrical Eng./SPCOM,DA,SC,4,479,479
IIT Kanpur,Earth Sciences/ Geological Technology,GG,SC,4,182,182
IIT Kanpur,Mech. Eng./Fluid and Thermal Sciences,ME,SC,4,445,445
IIT Kanpur,Mech. Eng./Manufacturing Sciences,ME,SC,4,456,456
IIT Kanpur,Mech. Eng./Robotics and Automation,ME,SC,4,483,483
IIT Kanpur,Mech. Eng./Solid Mechanics and Design,ME,SC,4,501,501
IIT Kanpur,Materials Science Programme,PH,SC,4,238,238
IIT Kanpur,Photonics Science and Engineering,EE,SC,4,346,346
IIT Kanpur,Sustainable Energy Engineering,EE,SC,4,367,367
IIT Kanpur,Artificial Intelligence for Sustainability,DA,SC,4,510,510
IIT Kanpur,Aerospace Engineering/Aerodynamics,ME,ST,4,276,276
IIT Kanpur,Aerospace Engineering/Aerothermodynamics and Thermal Sciences,ME,ST,4,318,318
IIT Kanpur,Aerospace Engineering/Computational Mechanics,AE,ST,4,265,265
IIT Kanpur,Aerospace Engineering/Propulsion,AE,ST,4,265,265
IIT Kanpur,Aerospace Engineering/Structures,ME,ST,4,262,262
IIT Kanpur,Unmanned Aerial Systems Engineering/Autonomy,EE,ST,4,255,255
IIT Kanpur,Civil Engineering (Hydraulics and Water Resources Engineering),CE,ST,4,310,310
IIT Kanpur,Chemical Engineering,CH,ST,4,330,330
IIT Kanpur,Electrical Eng./CA,EC,ST,4,436,436
IIT Kanpur,Electrical Eng./MVLSI,EC,ST,4,448,448
IIT Kanpur,Electrical Eng./PE,EE,ST,4,382,382
IIT Kanpur,Electrical Eng./OPTEC,EC,ST,4,401,401
IIT Kanpur,Electrical Eng./RF,EC,ST,4,414,414
IIT Kanpur,Electrical Eng./SPCOM,EC,ST,4,416,416
IIT Kanpur,Aerospace Engineering/Aerodynamics,AE,GEN,5,576,576
IIT Kanpur,Aerospace Engineering/Aerothermodynamics and Thermal Sciences,AE,GEN,5,556,556
IIT Kanpur,Aerospace Engineering/Computational Mechanics,AE,GEN,5,560,560
IIT Kanpur,Aerospace Engineering/Flight Mechanics,AE,GEN,5,671,671
IIT Kanpur,Aerospace Engineering/Propulsion,NM,GEN,5,476,476
IIT Kanpur,Aerospace Engineering/Structures,AE,GEN,5,560,560
IIT Kanpur,Unmanned Aerial Systems Engineering/Aeromechanics and Design,ME,GEN,5,635,635
IIT Kanpur,Unmanned Aerial Systems Engineering/Autonomy,CS,GEN,5,625,625
IIT Kanpur,Biomedical Engineering,EC,GEN,5,456,456
IIT Kanpur,Civil Engineering (Hydraulics and Water Resources Engineering),CE,GEN,5,488,488
IIT Kanpur,Civil Engineering (Structural Engineering),CE,GEN,5,564,564
IIT Kanpur,Chemical Engineering,CH,GEN,5,535,535
IIT Kanpur,Cognitive Systems,CS,GEN,5,560,560
IIT Kanpur,Computer Science and Engineering,CS,GEN,5,837,837
IIT Kanpur,Electrical Eng./CA,EC,GEN,5,706,706
IIT Kanpur,Electrical Eng./PE,EE,GEN,5,641,641
IIT Kanpur,Electrical Eng./OPTEC,EC,GEN,5,667,667
IIT Kanpur,Electrical Eng./RF,EC,GEN,5,667,667
IIT Kanpur,Electrical Eng./SPCOM,EC,GEN,5,678,678
IIT Kanpur,Earth Sciences/ Geological Technology,GG,GEN,5,408,408
IIT Kanpur,Management Sciences,XE,GEN,5,648,648
IIT Kanpur,Mech. Eng./Fluid and Thermal Sciences,ME,GEN,5,646,646
IIT Kanpur,Mech. Eng./Manufacturing Sciences,ME,GEN,5,642,642
IIT Kanpur,Mech. Eng./Robotics and Automation,ME,GEN,5,698,698
IIT Kanpur,Mech. Eng./Solid Mechanics and Design,ME,GEN,5,705,705
IIT Kanpur,Materials Science and Engineering,XE,GEN,5,441,441
IIT Kanpur,Materials Science Programme,CH,GEN,5,408,408
IIT Kanpur,Photonics Science and Engineering,EC,GEN,5,541,541
IIT Kanpur,Sustainable Energy Engineering,ME,GEN,5,587,587
IIT Kanpur,"Space, Planetary and Astronomical Sciences and Engineering",EC,GEN,5,581,581
IIT Kanpur,Artificial Intelligence for Sustainability,DA,GEN,5,717,717
IIT Kanpur,Aerospace Engineering/Aerodynamics,ME,EWS,5,566,566
IIT Kanpur,Aerospace Engineering/Aerothermodynamics and Thermal Sciences,AE,EWS,5,473,473
IIT Kanpur,Aerospace Engineering/Computational Mechanics,ME,EWS,5,584,584
IIT Kanpur,Aerospace Engineering/Flight Mechanics,PH,EWS,5,468,468
IIT Kanpur,Unmanned Aerial Systems Engineering/Aeromechanics and Design,ME,EWS,5,573,573
IIT Kanpur,Unmanned Aerial Systems Engineering/Autonomy,ME,EWS,5,467,467
IIT Kanpur,Chemical Engineering,CH,EWS,5,497,497
IIT Kanpur,Computer Science and Engineering,CS,EWS,5,789,789
IIT Kanpur,Electrical Eng./CA,EE,EWS,5,673,673
IIT Kanpur,Electrical Eng./MVLSI,EC,EWS,5,698,698
IIT Kanpur,Electrical Eng./PE,EE,EWS,5,555,555
IIT Kanpur,Electrical Eng./OPTEC,EC,EWS,5,608,608
IIT Kanpur,Electrical Eng./RF,EC,EWS,5,620,620
IIT Kanpur,Electrical Eng./SPCOM,EC,EWS,5,627,627
IIT Kanpur,Mech. Eng./Fluid and Thermal Sciences,ME,EWS,5,618,618
IIT Kanpur,Mech. Eng./Manufacturing Sciences,PI,EWS,5,610,610
IIT Kanpur,Mech. Eng./Robotics and Automation,ME,EWS,5,660,660
IIT Kanpur,Mech. Eng./Solid Mechanics and Design,ME,EWS,5,663,663
IIT Kanpur,Materials Science Programme,CY,EWS,5,377,377
IIT Kanpur,Photonics Science and Engineering,PH,EWS,5,448,448
IIT Kanpur,Artificial Intelligence for Sustainability,CS,EWS,5,660,660
IIT Kanpur,Aerospace Engineering/Aerodynamics,AE,OBC,5,499,499
IIT Kanpur,Aerospace Engineering/Aerothermodynamics and Thermal Sciences,ME,OBC,5,549,549
IIT Kanpur,Aerospace Engineering/Computational Mechanics,AE,OBC,5,548,548
IIT Kanpur,Aerospace Engineering/Flight Mechanics,ME,OBC,5,653,653
IIT Kanpur,Aerospace Engineering/Propulsion,PH,OBC,5,323,323
IIT Kanpur,Aerospace Engineering/Structures,AE,OBC,5,511,511
IIT Kanpur,Unmanned Aerial Systems Engineering/Aeromechanics and Design,ME,OBC,5,542,542
IIT Kanpur,Unmanned Aerial Systems Engineering/Autonomy,CS,OBC,5,579,579
IIT Kanpur,Chemical Engineering,CH,OBC,5,491,491
IIT Kanpur,Computer Science and Engineering,CS,OBC,5,770,770
IIT Kanpur,Electrical Eng./CA,EE,OBC,5,669,669
IIT Kanpur,Electrical Eng./PE,EE,OBC,5,614,614
IIT Kanpur,Electrical Eng./OPTEC,EC,OBC,5,620,620
IIT Kanpur,Electrical Eng./RF,EC,OBC,5,623,623
IIT Kanpur,Electrical Eng./SPCOM,DA,OBC,5,639,639
IIT Kanpur,Mech. Eng./Fluid and Thermal Sciences,ME,OBC,5,625,625
IIT Kanpur,Mech. Eng./Manufacturing Sciences,ME,OBC,5,618,618
IIT Kanpur,Mech. Eng./Robotics and Automation,ME,OBC,5,653,653
IIT Kanpur,Mech. Eng./Solid Mechanics and Design,ME,OBC,5,656,656
IIT Kanpur,Photonics Science and Engineering,EC,OBC,5,401,401
IIT Kanpur,Sustainable Energy Engineering,XE,OBC,5,507,507
IIT Kanpur,"Space, Planetary and Astronomical Sciences and Engineering",AE,OBC,5,482,482
IIT Kanpur,Artificial Intelligence for Sustainability,CS,OBC,5,656,656
IIT Kanpur,Aerospace Engineering/Aerodynamics,AE,SC,5,347,347
IIT Kanpur,Aerospace Engineering/Aerothermodynamics and Thermal Sciences,ME,SC,5,373,373
IIT Kanpur,Aerospace Engineering/Computational Mechanics,ME,SC,5,400,400
IIT Kanpur,Aerospace Engineering/Flight Mechanics,CS,SC,5,427,427
IIT Kanpur,Aerospace Engineering/Propulsion,AE,SC,5,435,435
IIT Kanpur,Aerospace Engineering/Structures,AE,SC,5,347,347
IIT Kanpur,Unmanned Aerial Systems Engineering/Aeromechanics and Design,ME,SC,5,397,397
IIT Kanpur,Unmanned Aerial Systems Engineering/Autonomy,EC,SC,5,366,366
IIT Kanpur,Biological Sciences and Bioengineering,BT,SC,5,448,448
IIT Kanpur,Chemical Engineering,CH,SC,5,321,321
IIT Kanpur,Computer Science and Engineering,DA,SC,5,620,620
IIT Kanpur,Electrical Eng./CA,EE,SC,5,543,543
IIT Kanpur,Electrical Eng./MVLSI,EC,SC,5,557,557
IIT Kanpur,Electrical Eng./PE,EE,SC,5,476,476
IIT Kanpur,Electrical Eng./OPTEC,EC,SC,5,452,452
IIT Kanpur,Electrical Eng./RF,EC,SC,5,459,459
IIT Kanpur,Electrical Eng./SPCOM,EC,SC,5,475,475
IIT Kanpur,Mech. Eng./Fluid and Thermal Sciences,ME,SC,5,432,432
IIT Kanpur,Mech. Eng./Manufacturing Sciences,PI,SC,5,452,452
IIT Kanpur,Mech. Eng./Robotics and Automation,ME,SC,5,483,483
IIT Kanpur,Mech. Eng./Solid Mechanics and Design,ME,SC,5,487,487
IIT Kanpur,Photonics Science and Engineering,EE,SC,5,346,346
IIT Kanpur,Sustainable Energy Engineering,ME,SC,5,355,355
IIT Kanpur,Artificial Intelligence for Sustainability,DA,SC,5,510,510
IIT Kanpur,Aerospace Engineering/Aerodynamics,ME,ST,5,276,276
IIT Kanpur,Aerospace Engineering/Aerothermodynamics and Thermal Sciences,ME,ST,5,262,262
IIT Kanpur,Aerospace Engineering/Computational Mechanics,AE,ST,5,265,265
IIT Kanpur,Aerospace Engineering/Flight Mechanics,IN,ST,5,259,259
IIT Kanpur,Aerospace Engineering/Propulsion,AE,ST,5,265,265
IIT Kanpur,Aerospace Engineering/Structures,ME,ST,5,253,253
IIT Kanpur,Chemical Engineering,CH,ST,5,330,330
IIT Kanpur,Electrical Eng./CA,EC,ST,5,436,436
IIT Kanpur,Electrical Eng./MVLSI,EC,ST,5,448,448
IIT Kanpur,Electrical Eng./PE,EE,ST,5,382,382
IIT Kanpur,Electrical Eng./OPTEC,EC,ST,5,380,380
IIT Kanpur,Electrical Eng./RF,EC,ST,5,377,377
IIT Kanpur,Electrical Eng./SPCOM,EC,ST,5,401,401
IIT Kanpur,Aerospace Engineering/Aerodynamics,AE,GEN,6,556,556
IIT Kanpur,Aerospace Engineering/Aerothermodynamics and Thermal Sciences,AE,GEN,6,552,552
IIT Kanpur,Aerospace Engineering/Computational Mechanics,ME,GEN,6,618,618
IIT Kanpur,Unmanned Aerial Systems Engineering/Aeromechanics and Design,AE,GEN,6,613,613
IIT Kanpur,Biomedical Engineering,CH,GEN,6,428,428
IIT Kanpur,Chemical Engineering,CH,GEN,6,530,530
IIT Kanpur,Cognitive Systems,DA,GEN,6,620,620
IIT Kanpur,Electrical Eng./CA,EE,GEN,6,689,689
IIT Kanpur,Electrical Eng./PE,EE,GEN,6,634,634
IIT Kanpur,Electrical Eng./OPTEC,EC,GEN,6,639,639
IIT Kanpur,Electrical Eng./RF,EC,GEN,6,638,638
IIT Kanpur,Electrical Eng./SPCOM,EC,GEN,6,648,648
IIT Kanpur,Mech. Eng./Fluid and Thermal Sciences,ME,GEN,6,628,628
IIT Kanpur,Mech. Eng./Manufacturing Sciences,ME,GEN,6,618,618
IIT Kanpur,Mech. Eng./Robotics and Automation,CS,GEN,6,685,685
IIT Kanpur,Mech. Eng./Solid Mechanics and Design,ME,GEN,6,691,691
IIT Kanpur,Photonics Science and Engineering,AE,GEN,6,515,515
IIT Kanpur,Sustainable Energy Engineering,EC,GEN,6,569,569
IIT Kanpur,"Space, Planetary and Astronomical Sciences and Engineering",CS,GEN,6,539,539
IIT Kanpur,Artificial Intelligence for Sustainability,CS,GEN,6,711,711
IIT Kanpur,Aerospace Engineering/Aerothermodynamics and Thermal Sciences,ME,EWS,6,515,515
IIT Kanpur,Unmanned Aerial Systems Engineering/Autonomy,ME,EWS,6,463,463
IIT Kanpur,Chemical Engineering,CH,EWS,6,491,491
IIT Kanpur,Electrical Eng./CA,EC,EWS,6,600,600
IIT Kanpur,Electrical Eng./MVLSI,EC,EWS,6,651,651
IIT Kanpur,Electrical Eng./OPTEC,EC,EWS,6,588,588
IIT Kanpur,Electrical Eng./RF,EC,EWS,6,592,592
IIT Kanpur,Electrical Eng./SPCOM,EC,EWS,6,604,604
IIT Kanpur,Mech. Eng./Fluid and Thermal Sciences,ME,EWS,6,591,591
IIT Kanpur,Mech. Eng./Manufacturing Sciences,ME,EWS,6,587,587
IIT Kanpur,Mech. Eng./Robotics and Automation,ME,EWS,6,591,591
IIT Kanpur,Mech. Eng./Solid Mechanics and Design,ME,EWS,6,653,653
IIT Kanpur,Artificial Intelligence for Sustainability,DA,EWS,6,628,628
IIT Kanpur,Aerospace Engineering/Aerothermodynamics and Thermal Sciences,AE,OBC,6,490,490
IIT Kanpur,Aerospace Engineering/Propulsion,PH,OBC,6,315,315
IIT Kanpur,Aerospace Engineering/Structures,AE,OBC,6,490,490
IIT Kanpur,Unmanned Aerial Systems Engineering/Aeromechanics and Design,TF,OBC,6,532,532
IIT Kanpur,Unmanned Aerial Systems Engineering/Autonomy,EE,OBC,6,503,503
IIT Kanpur,Chemical Engineering,CH,OBC,6,452,452
IIT Kanpur,Electrical Eng./CA,EE,OBC,6,653,653
IIT Kanpur,Electrical Eng./PE,EE,OBC,6,590,590
IIT Kanpur,Electrical Eng./OPTEC,EC,OBC,6,596,596
IIT Kanpur,Electrical Eng./RF,EC,OBC,6,604,604
IIT Kanpur,Electrical Eng./SPCOM,EC,OBC,6,608,608
IIT Kanpur,Mech. Eng./Fluid and Thermal Sciences,ME,OBC,6,598,598
IIT Kanpur,Mech. Eng./Manufacturing Sciences,ME,OBC,6,598,598
IIT Kanpur,Mech. Eng./Robotics and Automation,ME,OBC,6,629,629
IIT Kanpur,Mech. Eng./Solid Mechanics and Design,ME,OBC,6,646,646
IIT Kanpur,Photonics Science and Engineering,EC,OBC,6,370,370
IIT Kanpur,Sustainable Energy Engineering,DA,OBC,6,475,475
IIT Kanpur,"Space, Planetary and Astronomical Sciences and Engineering",EC,OBC,6,467,467
IIT Kanpur,Artificial Intelligence for Sustainability,DA,OBC,6,647,647
IIT Kanpur,Aerospace Engineering/Aerodynamics,AE,SC,6,343,343
IIT Kanpur,Aerospace Engineering/Computational Mechanics,ME,SC,6,383,383
IIT Kanpur,Aerospace Engineering/Propulsion,AE,SC,6,355,355
IIT Kanpur,Unmanned Aerial Systems Engineering/Autonomy,CS,SC,6,350,350
IIT Kanpur,Electrical Eng./CA,EE,SC,6,531,531
IIT Kanpur,Electrical Eng./MVLSI,EC,SC,6,526,526
IIT Kanpur,Electrical Eng./PE,EE,SC,6,455,455
IIT Kanpur,Electrical Eng./OPTEC,EC,SC,6,432,432
IIT Kanpur,Electrical Eng./RF,EC,SC,6,444,444
IIT Kanpur,Electrical Eng./SPCOM,EC,SC,6,452,452
IIT Kanpur,Mech. Eng./Fluid and Thermal Sciences,ME,SC,6,418,418
IIT Kanpur,Mech. Eng./Robotics and Automation,ME,SC,6,477,477
IIT Kanpur,Mech. Eng./Solid Mechanics and Design,ME,SC,6,483,483
IIT Kanpur,Sustainable Energy Engineering,CS,SC,6,349,349
IIT Kanpur,Artificial Intelligence for Sustainability,DA,SC,6,495,495
IIT Kanpur,Aerospace Engineering/Computational Mechanics,ME,ST,6,253,253
IIT Kanpur,Aerospace Engineering/Structures,AE,ST,6,245,245
IIT Kanpur,Electrical Eng./MVLSI,EC,ST,6,436,436
IIT Kanpur,Electrical Eng./PE,EE,ST,6,366,366
IIT Kanpur,Electrical Eng./OPTEC,EC,ST,6,362,362
IIT Kanpur,Electrical Eng./RF,EC,ST,6,366,366
IIT Kanpur,Electrical Eng./SPCOM,EC,ST,6,377,377
IIT Kanpur,Unmanned Aerial Systems Engineering/Aeromechanics and Design,AE,GEN,7,568,568
IIT Kanpur,Chemical Engineering,CH,GEN,7,521,521
IIT Kanpur,Electrical Eng./CA,EC,GEN,7,682,682
IIT Kanpur,Electrical Eng./PE,EE,GEN,7,618,618
IIT Kanpur,Electrical Eng./OPTEC,EC,GEN,7,616,616
IIT Kanpur,Electrical Eng./RF,EC,GEN,7,623,623
IIT Kanpur,Electrical Eng./SPCOM,DA,GEN,7,628,628
IIT Kanpur,Mech. Eng./Fluid and Thermal Sciences,ME,GEN,7,618,618
IIT Kanpur,Mech. Eng./Manufacturing Sciences,MT,GEN,7,608,608
IIT Kanpur,Mech. Eng./Solid Mechanics and Design,ME,GEN,7,687,687
IIT Kanpur,Photonics Science and Engineering,EC,GEN,7,412,412
IIT Kanpur,Sustainable Energy Engineering,ME,GEN,7,559,559
IIT Kanpur,Artificial Intelligence for Sustainability,CS,GEN,7,698,698
IIT Kanpur,Unmanned Aerial Systems Engineering/Autonomy,ME,EWS,7,412,412
IIT Kanpur,Electrical Eng./OPTEC,EC,EWS,7,573,573
IIT Kanpur,Electrical Eng./RF,EC,EWS,7,569,569
IIT Kanpur,Electrical Eng./SPCOM,EC,EWS,7,600,600
IIT Kanpur,Mech. Eng./Fluid and Thermal Sciences,ME,EWS,7,556,556
IIT Kanpur,Mech. Eng./Manufacturing Sciences,ME,EWS,7,549,549
IIT Kanpur,Mech. Eng./Robotics and Automation,ME,EWS,7,587,587
IIT Kanpur,Mech. Eng./Solid Mechanics and Design,ME,EWS,7,635,635
IIT Kanpur,Artificial Intelligence for Sustainability,CS,EWS,7,622,622
IIT Kanpur,Unmanned Aerial Systems Engineering/Aeromechanics and Design,ME,OBC,7,528,528
IIT Kanpur,Chemical Engineering,CH,OBC,7,438,438
IIT Kanpur,Electrical Eng./CA,IN,OBC,7,623,623
IIT Kanpur,Electrical Eng./PE,EE,OBC,7,573,573
IIT Kanpur,Electrical Eng./OPTEC,EC,OBC,7,581,581
IIT Kanpur,Electrical Eng./RF,EC,OBC,7,588,588
IIT Kanpur,Electrical Eng./SPCOM,EC,OBC,7,596,596
IIT Kanpur,Mech. Eng./Fluid and Thermal Sciences,ME,OBC,7,587,587
IIT Kanpur,Mech. Eng./Manufacturing Sciences,ME,OBC,7,584,584
IIT Kanpur,Mech. Eng./Robotics and Automation,ME,OBC,7,608,608
IIT Kanpur,Mech. Eng./Solid Mechanics and Design,ME,OBC,7,629,629
IIT Kanpur,Sustainable Energy Engineering,CS,OBC,7,473,473
IIT Kanpur,Artificial Intelligence for Sustainability,DA,OBC,7,643,643
IIT Kanpur,Electrical Eng./MVLSI,EC,SC,7,522,522
IIT Kanpur,Electrical Eng./PE,EE,SC,7,437,437
IIT Kanpur,Electrical Eng./OPTEC,EC,SC,7,412,412
IIT Kanpur,Electrical Eng./RF,EC,SC,7,428,428
IIT Kanpur,Electrical Eng./SPCOM,EC,SC,7,416,416
IIT Kanpur,Mech. Eng./Fluid and Thermal Sciences,ME,SC,7,407,407
IIT Kanpur,Mech. Eng./Robotics and Automation,ME,SC,7,466,466
IIT Kanpur,Mech. Eng./Solid Mechanics and Design,ME,SC,7,469,469
IIT Kanpur,Artificial Intelligence for Sustainability,CS,SC,7,489,489
IIT Kanpur,Electrical Eng./PE,EE,ST,7,354,354
IIT Kanpur,Electrical Eng./OPTEC,EC,ST,7,354,354
IIT Kanpur,Electrical Eng./RF,EC,ST,7,345,345
IIT Kanpur,Electrical Eng./SPCOM,EC,ST,7,362,362
IIT Kanpur,Unmanned Aerial Systems Engineering/Aeromechanics and Design,ME,GEN,8,601,601
IIT Kanpur,Chemical Engineering,CH,GEN,8,516,516
IIT Kanpur,Electrical Eng./CA,EC,GEN,8,670,670
IIT Kanpur,Electrical Eng./OPTEC,EC,GEN,8,608,608
IIT Kanpur,Electrical Eng./RF,EC,GEN,8,612,612
IIT Kanpur,Electrical Eng./SPCOM,DA,GEN,8,620,620
IIT Kanpur,Mech. Eng./Fluid and Thermal Sciences,ME,GEN,8,611,611
IIT Kanpur,Mech. Eng./Manufacturing Sciences,ME,GEN,8,601,601
IIT Kanpur,Photonics Science and Engineering,EC,GEN,8,400,400
IIT Kanpur,Artificial Intelligence for Sustainability,CS,GEN,8,697,697
IIT Kanpur,Unmanned Aerial Systems Engineering/Autonomy,EC,EWS,8,323,323
IIT Kanpur,Chemical Engineering,CH,EWS,8,452,452
IIT Kanpur,Electrical Eng./PE,EE,EWS,8,547,547
IIT Kanpur,Electrical Eng./OPTEC,EC,EWS,8,561,561
IIT Kanpur,Electrical Eng./RF,EC,EWS,8,565,565
IIT Kanpur,Electrical Eng./SPCOM,EC,EWS,8,592,592
IIT Kanpur,Mech. Eng./Fluid and Thermal Sciences,ME,EWS,8,549,549
IIT Kanpur,Mech. Eng./Robotics and Automation,ME,EWS,8,584,584
IIT Kanpur,Artificial Intelligence for Sustainability,CS,EWS,8,610,610
IIT Kanpur,Unmanned Aerial Systems Engineering/Aeromechanics and Design,ME,OBC,8,477,477
IIT Kanpur,Unmanned Aerial Systems Engineering/Autonomy,CS,OBC,8,506,506
IIT Kanpur,Electrical Eng./CA,EC,OBC,8,604,604
IIT Kanpur,Electrical Eng./PE,EE,OBC,8,571,571
IIT Kanpur,Electrical Eng./OPTEC,EC,OBC,8,557,557
IIT Kanpur,Electrical Eng./RF,EC,OBC,8,565,565
IIT Kanpur,Electrical Eng./SPCOM,EC,OBC,8,573,573
IIT Kanpur,Mech. Eng./Fluid and Thermal Sciences,ME,OBC,8,570,570
IIT Kanpur,Mech. Eng./Manufacturing Sciences,ME,OBC,8,566,566
IIT Kanpur,Mech. Eng./Robotics and Automation,ME,OBC,8,577,577
IIT Kanpur,Mech. Eng./Solid Mechanics and Design,ME,OBC,8,608,608
IIT Kanpur,Electrical Eng./PE,EE,SC,8,433,433
IIT Kanpur,Electrical Eng./OPTEC,EC,SC,8,410,410
IIT Kanpur,Electrical Eng./RF,EC,SC,8,409,409
IIT Kanpur,Electrical Eng./SPCOM,EC,SC,8,412,412
IIT Kanpur,Mech. Eng./Fluid and Thermal Sciences,ME,SC,8,404,404
IIT Kanpur,Mech. Eng./Robotics and Automation,EC,SC,8,459,459
IIT Kanpur,Mech. Eng./Solid Mechanics and Design,ME,SC,8,466,466
IIT Kanpur,Artificial Intelligence for Sustainability,CS,SC,8,460,460
IIT Kanpur,Electrical Eng./MVLSI,EC,ST,8,428,428
IIT Kanpur,Electrical Eng./OPTEC,EC,ST,8,334,334
IIT Kanpur,Electrical Eng./RF,EC,ST,8,338,338
IIT Kanpur,Electrical Eng./SPCOM,EC,ST,8,345,345
IIT Kanpur,Unmanned Aerial Systems Engineering/Aeromechanics and Design,ME,GEN,9,584,584
IIT Kanpur,Electrical Eng./CA,EE,GEN,9,649,649
IIT Kanpur,Electrical Eng./PE,EE,GEN,9,610,610
IIT Kanpur,Electrical Eng./OPTEC,EC,GEN,9,600,600
IIT Kanpur,Electrical Eng./RF,EC,GEN,9,604,604
IIT Kanpur,Electrical Eng./SPCOM,DA,GEN,9,608,608
IIT Kanpur,Artificial Intelligence for Sustainability,CS,GEN,9,694,694
IIT Kanpur,Unmanned Aerial Systems Engineering/Autonomy,AE,EWS,9,462,462
IIT Kanpur,Electrical Eng./OPTEC,EC,EWS,9,545,545
IIT Kanpur,Electrical Eng./SPCOM,EC,EWS,9,577,577
IIT Kanpur,Electrical Eng./CA,EE,OBC,9,582,582
IIT Kanpur,Electrical Eng./PE,EE,OBC,9,567,567
IIT Kanpur,Electrical Eng./OPTEC,EC,OBC,9,548,548
IIT Kanpur,Electrical Eng./RF,EC,OBC,9,553,553
IIT Kanpur,Electrical Eng./SPCOM,DA,OBC,9,557,557
IIT Kanpur,Artificial Intelligence for Sustainability,CS,OBC,9,635,635
IIT Kanpur,Electrical Eng./OPTEC,EC,SC,9,401,401
IIT Kanpur,Electrical Eng./SPCOM,EC,SC,9,409,409
IIT Kanpur,Artificial Intelligence for Sustainability,DA,SC,9,452,452
IIT Kanpur,Electrical Eng./MVLSI,EC,ST,9,416,416
IIT Kanpur,Electrical Eng./SPCOM,EC,ST,9,334,334
IIT Kanpur,Unmanned Aerial Systems Engineering/Aeromechanics and Design,ME,GEN,10,556,556
IIT Kanpur,Electrical Eng./OPTEC,EC,GEN,10,588,588
IIT Kanpur,Electrical Eng./RF,EC,GEN,10,592,592
IIT Kanpur,Electrical Eng./SPCOM,EC,GEN,10,600,600
IIT Kanpur,Artificial Intelligence for Sustainability,CS,GEN,10,693,693
IIT Kanpur,Unmanned Aerial Systems Engineering/Autonomy,AE,EWS,10,445,445
IIT Kanpur,Electrical Eng./OPTEC,EC,EWS,10,538,538
IIT Kanpur,Electrical Eng./RF,EC,EWS,10,561,561
IIT Kanpur,Electrical Eng./SPCOM,EC,EWS,10,569,569
IIT Kanpur,Unmanned Aerial Systems Engineering/Autonomy,EC,OBC,10,459,459
IIT Kanpur,Electrical Eng./CA,EE,OBC,10,571,571
IIT Kanpur,Electrical Eng./PE,EE,OBC,10,559,559
IIT Kanpur,Electrical Eng./OPTEC,EC,OBC,10,545,545
IIT Kanpur,Electrical Eng./RF,EC,OBC,10,548,548
IIT Kanpur,Electrical Eng./SPCOM,EC,OBC,10,553,553
IIT Kanpur,Electrical Eng./OPTEC,EC,SC,10,400,400
IIT Kanpur,Electrical Eng./RF,EC,SC,10,405,405
IIT Kanpur,Electrical Eng./SPCOM,EC,SC,10,405,405
IIT Palakkad,Geotechnical Engineering,,GEN,0,359,359
IIT Palakkad,Geotechnical Engineering,,OBC,0,347,347
IIT Palakkad,Geotechnical Engineering,,ST,0,285,285
IIT Palakkad,Manufacturing and Materials Engineering,,GEN,0,352,352
IIT Palakkad,Manufacturing and Materials Engineering,,EWS,0,456,456
IIT Palakkad,Manufacturing and Materials Engineering,,OBC,0,331,331
IIT Palakkad,Power Electronics & Power Systems,,GEN,0,398,398
IIT Palakkad,Power Electronics & Power Systems,,EWS,0,370,370
IIT Palakkad,Power Electronics & Power Systems,,OBC,0,389,389
IIT Palakkad,Power Electronics & Power Systems,,SC,0,318,318
IIT Palakkad,Power Electronics & Power Systems,,ST,0,271,271
IIT Palakkad,Data Science,,GEN,0,565,565
IIT Palakkad,Data Science,,EWS,0,620,620
IIT Palakkad,Data Science,,OBC,0,518,518
IIT Palakkad,Data Science,,SC,0,424,424
IIT Palakkad,Data Science,,ST,0,299,299
IIT Palakkad,System-on-Chip Design,,GEN,0,518,518
IIT Palakkad,System-on-Chip Design,,EWS,0,468,468
IIT Palakkad,System-on-Chip Design,,OBC,0,503,503
IIT Palakkad,System-on-Chip Design,,SC,0,317,317
IIT Palakkad,System-on-Chip Design,,ST,0,271,271
IIT Palakkad,Computing and Mathematics,,GEN,0,517,517
IIT Palakkad,Computing and Mathematics,,OBC,0,373,373
IIT Palakkad,Computing and Mathematics,,SC,0,390,390
IIT Palakkad,Structural Engineering,,GEN,0,428,428
IIT Palakkad,Structural Engineering,,OBC,0,439,439
IIT Palakkad,Structural Engineering,,SC,0,329,329
IIT Palakkad,Structural Engineering,,ST,0,333,333
IIT Palakkad,Water resource Engineering,,GEN,0,366,366
IIT Palakkad,Water resource Engineering,,EWS,0,401,401
IIT Palakkad,Water resource Engineering,,OBC,0,374,374
IIT Palakkad,Design and Automation,,GEN,0,414,414
IIT Palakkad,Design and Automation,,EWS,0,397,397
IIT Palakkad,Design and Automation,,OBC,0,411,411
IIT Palakkad,Design and Automation,,SC,0,245,245
IIT Palakkad,Thermofluids Engineering,,GEN,0,351,351
IIT Palakkad,Thermofluids Engineering,,EWS,0,352,352
IIT Palakkad,Thermofluids Engineering,,OBC,0,404,404
IIT Palakkad,Thermofluids Engineering,,SC,0,297,297
IIT Palakkad,Geotechnical Engineering,,GEN,0,359,359
IIT Palakkad,Geotechnical Engineering,,OBC,0,347,347
IIT Palakkad,Geotechnical Engineering,,ST,0,285,285
IIT Palakkad,Manufacturing and Materials Engineering,,GEN,0,352,352
IIT Palakkad,Manufacturing and Materials Engineering,,EWS,0,456,456
IIT Palakkad,Manufacturing and Materials Engineering,,OBC,0,331,331
IIT Palakkad,Manufacturing and Materials Engineering,,SC,0,233,233
IIT Palakkad,Power Electronics & Power Systems,,GEN,0,398,398
IIT Palakkad,Power Electronics & Power Systems,,EWS,0,370,370
IIT Palakkad,Power Electronics & Power Systems,,OBC,0,389,389
IIT Palakkad,Power Electronics & Power Systems,,SC,0,318,318
IIT Palakkad,Power Electronics & Power Systems,,ST,0,271,271
IIT Palakkad,Data Science,,GEN,0,565,565
IIT Palakkad,Data Science,,EWS,0,620,620
IIT Palakkad,Data Science,,OBC,0,518,518
IIT Palakkad,Data Science,,SC,0,424,424
IIT Palakkad,Data Science,,ST,0,299,299
IIT Palakkad,System-on-Chip Design,,GEN,0,518,518
IIT Palakkad,System-on-Chip Design,,EWS,0,468,468
IIT Palakkad,System-on-Chip Design,,OBC,0,503,503
IIT Palakkad,System-on-Chip Design,,SC,0,317,317
IIT Palakkad,System-on-Chip Design,,ST,0,271,271
IIT Palakkad,Computing and Mathematics,,GEN,0,517,517
IIT Palakkad,Computing and Mathematics,,OBC,0,373,373
IIT Palakkad,Computing and Mathematics,,SC,0,390,390
IIT Palakkad,Structural Engineering,,GEN,0,428,428
IIT Palakkad,Structural Engineering,,EWS,0,363,363
IIT Palakkad,Structural Engineering,,OBC,0,439,439
IIT Palakkad,Structural Engineering,,SC,0,329,329
IIT Palakkad,Structural Engineering,,ST,0,333,333
IIT Palakkad,Water resource Engineering,,GEN,0,366,366
IIT Palakkad,Water resource Engineering,,EWS,0,401,401
IIT Palakkad,Water resource Engineering,,OBC,0,374,374
IIT Palakkad,Design and Automation,,GEN,0,380,380
IIT Palakkad,Design and Automation,,EWS,0,397,397
IIT Palakkad,Design and Automation,,OBC,0,411,411
IIT Palakkad,Design and Automation,,SC,0,245,245
IIT Palakkad,Thermofluids Engineering,,GEN,0,351,351
IIT Palakkad,Thermofluids Engineering,,EWS,0,352,352
IIT Palakkad,Thermofluids Engineering,,OBC,0,404,404
IIT Palakkad,Thermofluids Engineering,,SC,0,297,297
IISc Bangalore,AEROSPACE ENGINEERING,AE,GEN,1,785,990
IISc Bangalore,AEROSPACE ENGINEERING,AE,OBC,1,675,736
IISc Bangalore,AEROSPACE ENGINEERING,AE,SC,1,693,769
IISc Bangalore,AEROSPACE ENGINEERING,AE,ST,1,712,712
IISc Bangalore,AEROSPACE ENGINEERING,CE,OBC,1,731,731
IISc Bangalore,AEROSPACE ENGINEERING,CH,GEN,1,824,824
IISc Bangalore,AEROSPACE ENGINEERING,EC,GEN,1,733,788
IISc Bangalore,AEROSPACE ENGINEERING,EC,OBC,1,651,651
IISc Bangalore,AEROSPACE ENGINEERING,EC,ST,1,499,499
IISc Bangalore,AEROSPACE ENGINEERING,EE,GEN,1,756,775
IISc Bangalore,AEROSPACE ENGINEERING,EE,SC,1,476,685
IISc Bangalore,AEROSPACE ENGINEERING,ME,GEN,1,888,940
IISc Bangalore,AEROSPACE ENGINEERING,ME,OBC,1,836,864
IISc Bangalore,AEROSPACE ENGINEERING,ME,SC,1,750,805
IISc Bangalore,AEROSPACE ENGINEERING,ME,ST,1,532,532
IISc Bangalore,AEROSPACE ENGINEERING,ME,EWS,1,815,884
IISc Bangalore,AEROSPACE ENGINEERING,XE,GEN,1,842,904
IISc Bangalore,AEROSPACE ENGINEERING,XE,OBC,1,732,806
IISc Bangalore,AEROSPACE ENGINEERING,XE,SC,1,718,740
IISc Bangalore,AEROSPACE ENGINEERING,XE,EWS,1,644,648
IISc Bangalore,AEROSPACE ENGINEERING,XE,PwD,1,450,450
IISc Bangalore,Artificial Intelligence,CS,GEN,1,946,946
IISc Bangalore,Artificial Intelligence,CS,OBC,1,835,876
IISc Bangalore,Artificial Intelligence,CS,SC,1,764,850
IISc Bangalore,Artificial Intelligence,CS,EWS,1,827,850
IISc Bangalore,Artificial Intelligence,DA,GEN,1,835,1000
IISc Bangalore,Artificial Intelligence,DA,OBC,1,745,854
IISc Bangalore,Artificial Intelligence,DA,SC,1,667,667
IISc Bangalore,Artificial Intelligence,DA,ST,1,475,620
IISc Bangalore,Artificial Intelligence,DA,EWS,1,733,768
IISc Bangalore,Artificial Intelligence,EC,SC,1,643,643
IISc Bangalore,Artificial Intelligence,EE,SC,1,720,720
IISc Bangalore,BIOENGINEERING,BM,GEN,1,748,892
IISc Bangalore,BIOENGINEERING,BM,OBC,1,565,829
IISc Bangalore,BIOENGINEERING,BM,ST,1,347,347
IISc Bangalore,BIOENGINEERING,BT,GEN,1,754,1000
IISc Bangalore,BIOENGINEERING,BT,OBC,1,650,780
IISc Bangalore,BIOENGINEERING,BT,SC,1,415,545
IISc Bangalore,BIOENGINEERING,BT,ST,1,519,519
IISc Bangalore,BIOENGINEERING,BT,EWS,1,630,630
IISc Bangalore,BIOENGINEERING,CS,SC,1,446,446
IISc Bangalore,BIOENGINEERING,EE,SC,1,515,515
IISc Bangalore,BIOENGINEERING,PI,OBC,1,754,754
IISc Bangalore,CHEMICAL ENGINEERING,CH,GEN,1,535,790
IISc Bangalore,CHEMICAL ENGINEERING,CH,OBC,1,477,658
IISc Bangalore,CHEMICAL ENGINEERING,CH,SC,1,330,589
IISc Bangalore,CHEMICAL ENGINEERING,CH,ST,1,438,438
IISc Bangalore,CHEMICAL ENGINEERING,CH,EWS,1,506,604
IISc Bangalore,CIVIL ENGINEERING,CE,GEN,1,667,888
IISc Bangalore,CIVIL ENGINEERING,CE,OBC,1,535,667
IISc Bangalore,CIVIL ENGINEERING,CE,SC,1,486,667
IISc Bangalore,CIVIL ENGINEERING,CE,ST,1,401,592
IISc Bangalore,CIVIL ENGINEERING,CE,EWS,1,469,659
IISc Bangalore,CIVIL ENGINEERING,CE,PwD,1,404,404
IISc Bangalore,COMPUTER SCIENCE AND ENGINEERING,CS,GEN,1,903,1000
IISc Bangalore,COMPUTER SCIENCE AND ENGINEERING,CS,OBC,1,830,901
IISc Bangalore,COMPUTER SCIENCE AND ENGINEERING,CS,SC,1,724,872
IISc Bangalore,COMPUTER SCIENCE AND ENGINEERING,CS,ST,1,575,737
IISc Bangalore,COMPUTER SCIENCE AND ENGINEERING,CS,EWS,1,843,880
IISc Bangalore,COMPUTER SCIENCE AND ENGINEERING,CS,PwD,1,431,784
IISc Bangalore,CP COMPUTATIONAL AND DATA SCIENCE,AE,EWS,1,744,744
IISc Bangalore,CP COMPUTATIONAL AND DATA SCIENCE,BT,GEN,1,863,897
IISc Bangalore,CP COMPUTATIONAL AND DATA SCIENCE,BT,OBC,1,845,845
IISc Bangalore,CP COMPUTATIONAL AND DATA SCIENCE,CH,ST,1,423,423
IISc Bangalore,CP COMPUTATIONAL AND DATA SCIENCE,CS,GEN,1,860,960
IISc Bangalore,CP COMPUTATIONAL AND DATA SCIENCE,CS,OBC,1,806,923
IISc Bangalore,CP COMPUTATIONAL AND DATA SCIENCE,CS,SC,1,579,735
IISc Bangalore,CP COMPUTATIONAL AND DATA SCIENCE,DA,GEN,1,850,948
IISc Bangalore,CP COMPUTATIONAL AND DATA SCIENCE,DA,OBC,1,800,901
IISc Bangalore,CP COMPUTATIONAL AND DATA SCIENCE,DA,SC,1,604,686
IISc Bangalore,CP COMPUTATIONAL AND DATA SCIENCE,DA,EWS,1,788,788
IISc Bangalore,CP COMPUTATIONAL AND DATA SCIENCE,EE,ST,1,946,946
IISc Bangalore,CP COMPUTATIONAL AND DATA SCIENCE,MA,GEN,1,837,837
IISc Bangalore,CP COMPUTATIONAL AND DATA SCIENCE,ME,GEN,1,819,895
IISc Bangalore,CP COMPUTATIONAL AND DATA SCIENCE,ME,OBC,1,784,877
IISc Bangalore,CP COMPUTATIONAL AND DATA SCIENCE,ME,SC,1,504,504
IISc Bangalore,CP COMPUTATIONAL AND DATA SCIENCE,MT,GEN,1,920,920
IISc Bangalore,CP COMPUTATIONAL AND DATA SCIENCE,PH,SC,1,643,643
IISc Bangalore,CP COMPUTATIONAL AND DATA SCIENCE,ST,EWS,1,693,693
IISc Bangalore,Earth and Climate Sciences,AE,OBC,1,585,585
IISc Bangalore,Earth and Climate Sciences,AE,SC,1,462,462
IISc Bangalore,Earth and Climate Sciences,AE,EWS,1,658,658
IISc Bangalore,Earth and Climate Sciences,CE,GEN,1,768,768
IISc Bangalore,Earth and Climate Sciences,CE,OBC,1,601,663
IISc Bangalore,Earth and Climate Sciences,CH,GEN,1,775,775
IISc Bangalore,Earth and Climate Sciences,CH,ST,1,418,418
IISc Bangalore,Earth and Climate Sciences,CS,GEN,1,734,734
IISc Bangalore,Earth and Climate Sciences,GG,GEN,1,711,711
IISc Bangalore,Earth and Climate Sciences,GG,SC,1,379,427
IISc Bangalore,Earth and Climate Sciences,MA,GEN,1,715,715
IISc Bangalore,Earth and Climate Sciences,ME,GEN,1,760,849
IISc Bangalore,Earth and Climate Sciences,ME,OBC,1,573,660
IISc Bangalore,Earth and Climate Sciences,ME,SC,1,456,463
IISc Bangalore,Earth and Climate Sciences,ME,EWS,1,687,687
IISc Bangalore,Earth and Climate Sciences,XE,GEN,1,807,807
IISc Bangalore,Earth and Climate Sciences,XE,EWS,1,631,631
IISc Bangalore,ELECTRICAL ENGINEERING,EE,GEN,1,634,949
IISc Bangalore,ELECTRICAL ENGINEERING,EE,OBC,1,567,681
IISc Bangalore,ELECTRICAL ENGINEERING,EE,SC,1,362,578
IISc Bangalore,ELECTRICAL ENGINEERING,EE,ST,1,389,437
IISc Bangalore,ELECTRICAL ENGINEERING,EE,EWS,1,582,689
IISc Bangalore,Electronic Product Design,EC,GEN,1,643,854
IISc Bangalore,Electronic Product Design,EC,OBC,1,620,803
IISc Bangalore,Electronic Product Design,EC,SC,1,471,495
IISc Bangalore,Electronic Product Design,EC,EWS,1,686,706
IISc Bangalore,Electronic Product Design,EE,GEN,1,724,724
IISc Bangalore,Electronic Product Design,EE,OBC,1,740,740
IISc Bangalore,Electronic Product Design,EE,SC,1,367,367
IISc Bangalore,Electronic Product Design,IN,GEN,1,775,775
IISc Bangalore,ELECTRONIC SYSTEMS ENGINEERING,DA,GEN,1,1000,1000
IISc Bangalore,ELECTRONIC SYSTEMS ENGINEERING,EC,GEN,1,749,936
IISc Bangalore,ELECTRONIC SYSTEMS ENGINEERING,EC,OBC,1,682,795
IISc Bangalore,ELECTRONIC SYSTEMS ENGINEERING,EC,SC,1,534,596
IISc Bangalore,ELECTRONIC SYSTEMS ENGINEERING,EC,ST,1,600,600
IISc Bangalore,ELECTRONIC SYSTEMS ENGINEERING,EC,EWS,1,690,846
IISc Bangalore,ELECTRONIC SYSTEMS ENGINEERING,EE,GEN,1,748,850
IISc Bangalore,ELECTRONIC SYSTEMS ENGINEERING,EE,OBC,1,767,771
IISc Bangalore,ELECTRONIC SYSTEMS ENGINEERING,EE,SC,1,551,551
IISc Bangalore,ELECTRONIC SYSTEMS ENGINEERING,EE,ST,1,567,567
IISc Bangalore,ELECTRONIC SYSTEMS ENGINEERING,EE,EWS,1,791,791
IISc Bangalore,ELECTRONIC SYSTEMS ENGINEERING,IN,GEN,1,747,895
IISc Bangalore,ELECTRONICS AND COMMUNICATION ENGINEERING,EC,GEN,1,659,820
IISc Bangalore,ELECTRONICS AND COMMUNICATION ENGINEERING,EC,OBC,1,592,842
IISc Bangalore,ELECTRONICS AND COMMUNICATION ENGINEERING,EC,SC,1,436,569
IISc Bangalore,ELECTRONICS AND COMMUNICATION ENGINEERING,EC,ST,1,439,530
IISc Bangalore,ELECTRONICS AND COMMUNICATION ENGINEERING,EC,EWS,1,581,651
IISc Bangalore,ELECTRONICS AND COMMUNICATION ENGINEERING,EE,GEN,1,842,842
IISc Bangalore,ELECTRONICS AND COMMUNICATION ENGINEERING,EE,OBC,1,559,559
IISc Bangalore,INSTRUMENTATION SYSTEMS,BM,GEN,1,766,766
IISc Bangalore,INSTRUMENTATION SYSTEMS,EC,GEN,1,725,725
IISc Bangalore,INSTRUMENTATION SYSTEMS,EC,OBC,1,600,647
IISc Bangalore,INSTRUMENTATION SYSTEMS,EC,SC,1,452,452
IISc Bangalore,INSTRUMENTATION SYSTEMS,EE,GEN,1,623,720
IISc Bangalore,INSTRUMENTATION SYSTEMS,EE,OBC,1,504,578
IISc Bangalore,INSTRUMENTATION SYSTEMS,EE,EWS,1,598,598
IISc Bangalore,INSTRUMENTATION SYSTEMS,IN,GEN,1,743,743
IISc Bangalore,INSTRUMENTATION SYSTEMS,IN,OBC,1,574,634
IISc Bangalore,INSTRUMENTATION SYSTEMS,IN,SC,1,231,231
IISc Bangalore,INSTRUMENTATION SYSTEMS,IN,ST,1,514,514
IISc Bangalore,INSTRUMENTATION SYSTEMS,IN,EWS,1,672,672
IISc Bangalore,INSTRUMENTATION SYSTEMS,PH,GEN,1,728,728
IISc Bangalore,INSTRUMENTATION SYSTEMS,PH,ST,1,423,423
IISc Bangalore,MATERIALS ENGINEERING,CY,GEN,1,644,723
IISc Bangalore,MATERIALS ENGINEERING,CY,OBC,1,558,606
IISc Bangalore,MATERIALS ENGINEERING,CY,SC,1,606,606
IISc Bangalore,MATERIALS ENGINEERING,CY,ST,1,222,222
IISc Bangalore,MATERIALS ENGINEERING,MT,GEN,1,647,909
IISc Bangalore,MATERIALS ENGINEERING,MT,OBC,1,513,643
IISc Bangalore,MATERIALS ENGINEERING,MT,SC,1,346,485
IISc Bangalore,MATERIALS ENGINEERING,MT,ST,1,421,437
IISc Bangalore,MATERIALS ENGINEERING,MT,EWS,1,453,544
IISc Bangalore,MATERIALS ENGINEERING,PH,GEN,1,658,778
IISc Bangalore,MATERIALS ENGINEERING,PH,OBC,1,543,638
IISc Bangalore,MATERIALS ENGINEERING,PH,SC,1,463,478
IISc Bangalore,MATERIALS ENGINEERING,PH,EWS,1,521,536
IISc Bangalore,MATERIALS ENGINEERING,XE,GEN,1,689,689
IISc Bangalore,MATERIALS ENGINEERING,XE,SC,1,406,406
IISc Bangalore,MECHANICAL ENGINEERING,ME,GEN,1,774,936
IISc Bangalore,MECHANICAL ENGINEERING,ME,OBC,1,706,805
IISc Bangalore,MECHANICAL ENGINEERING,ME,SC,1,497,684
IISc Bangalore,MECHANICAL ENGINEERING,ME,ST,1,338,515
IISc Bangalore,MECHANICAL ENGINEERING,ME,EWS,1,753,753
IISc Bangalore,MECHANICAL ENGINEERING,PI,GEN,1,882,956
IISc Bangalore,MECHANICAL ENGINEERING,PI,OBC,1,733,798
IISc Bangalore,MECHANICAL ENGINEERING,XE,GEN,1,806,1000
IISc Bangalore,MECHANICAL ENGINEERING,XE,OBC,1,657,758
IISc Bangalore,MECHANICAL ENGINEERING,XE,SC,1,639,639
IISc Bangalore,MECHANICAL ENGINEERING,XE,ST,1,323,472
IISc Bangalore,MECHANICAL ENGINEERING,XE,EWS,1,749,749
IISc Bangalore,MICROELECTRONICSAND VLSI DESIGN,EC,GEN,1,811,1000
IISc Bangalore,MICROELECTRONICSAND VLSI DESIGN,EC,OBC,1,772,913
IISc Bangalore,MICROELECTRONICSAND VLSI DESIGN,EC,SC,1,588,776
IISc Bangalore,MICROELECTRONICSAND VLSI DESIGN,EC,ST,1,534,706
IISc Bangalore,MICROELECTRONICSAND VLSI DESIGN,EC,EWS,1,749,803
IISc Bangalore,MICROELECTRONICSAND VLSI DESIGN,EC,PwD,1,502,502
IISc Bangalore,MICROELECTRONICSAND VLSI DESIGN,EE,GEN,1,878,890
IISc Bangalore,MICROELECTRONICSAND VLSI DESIGN,EE,OBC,1,846,862
IISc Bangalore,MICROELECTRONICSAND VLSI DESIGN,EE,EWS,1,854,854
IISc Bangalore,MICROELECTRONICSAND VLSI DESIGN,IN,GEN,1,960,960
IISc Bangalore,MICROELECTRONICSAND VLSI DESIGN,IN,SC,1,721,721
IISc Bangalore,Mobility Engineering,AE,SC,1,413,413
IISc Bangalore,Mobility Engineering,CE,ST,1,332,332
IISc Bangalore,Mobility Engineering,CS,GEN,1,660,660
IISc Bangalore,Mobility Engineering,EE,GEN,1,673,673
IISc Bangalore,Mobility Engineering,EE,ST,1,330,330
IISc Bangalore,Mobility Engineering,ME,GEN,1,660,718
IISc Bangalore,Mobility Engineering,ME,OBC,1,632,667
IISc Bangalore,Mobility Engineering,ME,SC,1,414,425
IISc Bangalore,Mobility Engineering,ME,ST,1,400,407
IISc Bangalore,Mobility Engineering,ME,EWS,1,777,777
IISc Bangalore,Mobility Engineering,PI,GEN,1,632,632
IISc Bangalore,Mobility Engineering,PI,OBC,1,754,754
IISc Bangalore,Mobility Engineering,XE,GEN,1,648,828
IISc Bangalore,Mobility Engineering,XE,SC,1,415,415
IISc Bangalore,Mobility Engineering,XE,EWS,1,675,675
IISc Bangalore,CAT 98.45 98.45 - - 94.17 94.17 - - - - - - - - - -,AG,OBC,1,753,753
IISc Bangalore,CAT 98.45 98.45 - - 94.17 94.17 - - - - - - - - - -,AR,GEN,1,801,868
IISc Bangalore,CAT 98.45 98.45 - - 94.17 94.17 - - - - - - - - - -,AR,OBC,1,711,801
IISc Bangalore,CAT 98.45 98.45 - - 94.17 94.17 - - - - - - - - - -,EC,SC,1,479,479
IISc Bangalore,CAT 98.45 98.45 - - 94.17 94.17 - - - - - - - - - -,EE,EWS,1,527,527
IISc Bangalore,CAT 98.45 98.45 - - 94.17 94.17 - - - - - - - - - -,ME,GEN,1,819,826
IISc Bangalore,CAT 98.45 98.45 - - 94.17 94.17 - - - - - - - - - -,ME,SC,1,573,573
IISc Bangalore,CAT 98.45 98.45 - - 94.17 94.17 - - - - - - - - - -,ME,ST,1,359,359
IISc Bangalore,CAT 98.45 98.45 - - 94.17 94.17 - - - - - - - - - -,ME,EWS,1,732,739
IISc Bangalore,CAT 98.45 98.45 - - 94.17 94.17 - - - - - - - - - -,PI,OBC,1,737,789
IISc Bangalore,CAT 98.45 98.45 - - 94.17 94.17 - - - - - - - - - -,TF,GEN,1,634,674
IISc Bangalore,CAT 98.45 98.45 - - 94.17 94.17 - - - - - - - - - -,TF,SC,1,617,617
IISc Bangalore,QUANTUM TECHNOLOGY,CS,GEN,1,739,847
IISc Bangalore,QUANTUM TECHNOLOGY,CS,OBC,1,608,727
IISc Bangalore,QUANTUM TECHNOLOGY,CS,SC,1,514,514
IISc Bangalore,QUANTUM TECHNOLOGY,CS,ST,1,569,569
IISc Bangalore,QUANTUM TECHNOLOGY,CS,EWS,1,638,638
IISc Bangalore,QUANTUM TECHNOLOGY,DA,OBC,1,721,721
IISc Bangalore,QUANTUM TECHNOLOGY,DA,SC,1,725,725
IISc Bangalore,QUANTUM TECHNOLOGY,EC,GEN,1,682,682
IISc Bangalore,QUANTUM TECHNOLOGY,EC,OBC,1,631,631
IISc Bangalore,QUANTUM TECHNOLOGY,EE,GEN,1,685,685
IISc Bangalore,QUANTUM TECHNOLOGY,ME,GEN,1,753,753
IISc Bangalore,QUANTUM TECHNOLOGY,ME,EWS,1,629,629
IISc Bangalore,QUANTUM TECHNOLOGY,PH,GEN,1,603,693
IISc Bangalore,QUANTUM TECHNOLOGY,PH,SC,1,553,553
IISc Bangalore,QUANTUM TECHNOLOGY,PH,ST,1,566,566
IISc Bangalore,QUANTUM TECHNOLOGY,PH,EWS,1,563,563
IISc Bangalore,QUANTUM TECHNOLOGY,XE,GEN,1,714,714
IISc Bangalore,QUANTUM TECHNOLOGY,XE,OBC,1,613,613
IISc Bangalore,ROBOTICS AND AUTONOMOUS SYSTEMS,AE,GEN,1,724,818
IISc Bangalore,ROBOTICS AND AUTONOMOUS SYSTEMS,AE,OBC,1,667,667
IISc Bangalore,ROBOTICS AND AUTONOMOUS SYSTEMS,AE,SC,1,699,699
IISc Bangalore,ROBOTICS AND AUTONOMOUS SYSTEMS,BM,GEN,1,748,748
IISc Bangalore,ROBOTICS AND AUTONOMOUS SYSTEMS,CS,GEN,1,814,850
IISc Bangalore,ROBOTICS AND AUTONOMOUS SYSTEMS,CS,OBC,1,781,781
IISc Bangalore,ROBOTICS AND AUTONOMOUS SYSTEMS,CS,SC,1,585,643
IISc Bangalore,ROBOTICS AND AUTONOMOUS SYSTEMS,CS,ST,1,403,403
IISc Bangalore,ROBOTICS AND AUTONOMOUS SYSTEMS,DA,GEN,1,817,831
IISc Bangalore,ROBOTICS AND AUTONOMOUS SYSTEMS,DA,SC,1,506,577
IISc Bangalore,ROBOTICS AND AUTONOMOUS SYSTEMS,DA,EWS,1,707,729
IISc Bangalore,ROBOTICS AND AUTONOMOUS SYSTEMS,EC,OBC,1,642,729
IISc Bangalore,ROBOTICS AND AUTONOMOUS SYSTEMS,ME,GEN,1,884,898
IISc Bangalore,ROBOTICS AND AUTONOMOUS SYSTEMS,ME,EWS,1,767,767
IISc Bangalore,ROBOTICS AND AUTONOMOUS SYSTEMS,XE,OBC,1,732,740
IISc Bangalore,Semiconductor Technology,EC,GEN,1,979,979
IISc Bangalore,Semiconductor Technology,EC,OBC,1,788,889
IISc Bangalore,Semiconductor Technology,EC,SC,1,651,651
IISc Bangalore,Semiconductor Technology,EC,ST,1,514,514
IISc Bangalore,Semiconductor Technology,EC,EWS,1,752,752
IISc Bangalore,Semiconductor Technology,EC,PwD,1,439,439
IISc Bangalore,Semiconductor Technology,EE,GEN,1,964,964
IISc Bangalore,Semiconductor Technology,EE,ST,1,563,563
IISc Bangalore,Semiconductor Technology,IN,GEN,1,789,789
IISc Bangalore,Semiconductor Technology,IN,ST,1,525,525
IISc Bangalore,Semiconductor Technology,ME,GEN,1,845,884
IISc Bangalore,Semiconductor Technology,ME,OBC,1,812,812
IISc Bangalore,Semiconductor Technology,ME,PwD,1,442,442
IISc Bangalore,Semiconductor Technology,MT,GEN,1,881,885
IISc Bangalore,Semiconductor Technology,MT,OBC,1,794,794
IISc Bangalore,Semiconductor Technology,MT,SC,1,731,731
IISc Bangalore,Semiconductor Technology,MT,PwD,1,658,658
IISc Bangalore,Semiconductor Technology,PH,GEN,1,769,769
IISc Bangalore,Semiconductor Technology,PH,EWS,1,727,727
IISc Bangalore,SIGNAL PROCESSING,DA,GEN,1,836,929
IISc Bangalore,SIGNAL PROCESSING,DA,OBC,1,717,733
IISc Bangalore,SIGNAL PROCESSING,DA,SC,1,690,768
IISc Bangalore,SIGNAL PROCESSING,DA,EWS,1,721,721
IISc Bangalore,SIGNAL PROCESSING,EC,GEN,1,862,881
IISc Bangalore,SIGNAL PROCESSING,EC,OBC,1,788,792
IISc Bangalore,SIGNAL PROCESSING,EC,SC,1,760,760
IISc Bangalore,SIGNAL PROCESSING,EE,GEN,1,862,862
IISc Bangalore,SIGNAL PROCESSING,EE,OBC,1,720,779
IISc Bangalore,SIGNAL PROCESSING,EE,EWS,1,712,712
IISc Bangalore,Smart Manufacturing,AE,GEN,1,675,675
IISc Bangalore,Smart Manufacturing,AG,GEN,1,1000,1000
IISc Bangalore,Smart Manufacturing,AG,OBC,1,711,711
IISc Bangalore,Smart Manufacturing,AG,ST,1,368,368
IISc Bangalore,Smart Manufacturing,BM,GEN,1,657,657
IISc Bangalore,Smart Manufacturing,BT,GEN,1,709,709
IISc Bangalore,Smart Manufacturing,BT,EWS,1,617,617
IISc Bangalore,Smart Manufacturing,CS,SC,1,317,373
IISc Bangalore,Smart Manufacturing,DA,SC,1,413,413
IISc Bangalore,Smart Manufacturing,DA,ST,1,334,334
IISc Bangalore,Smart Manufacturing,EC,OBC,1,506,506
IISc Bangalore,Smart Manufacturing,EE,GEN,1,551,606
IISc Bangalore,Smart Manufacturing,EE,OBC,1,437,500
IISc Bangalore,Smart Manufacturing,IN,GEN,1,531,541
IISc Bangalore,Smart Manufacturing,IN,OBC,1,487,487
IISc Bangalore,Smart Manufacturing,IN,EWS,1,405,405
IISc Bangalore,Smart Manufacturing,ME,SC,1,369,539
IISc Bangalore,Smart Manufacturing,ME,ST,1,400,400
IISc Bangalore,Smart Manufacturing,PI,GEN,1,728,728
IISc Bangalore,Smart Manufacturing,PI,OBC,1,658,658
IISc Bangalore,Smart Manufacturing,PI,EWS,1,662,667
IISc Bangalore,Smart Manufacturing,TF,GEN,1,987,987
IISc Bangalore,Smart Manufacturing,XE,OBC,1,661,661
IISc Bangalore,Smart Manufacturing,XE,SC,1,671,671
IISc Bangalore,Smart Manufacturing,XE,ST,1,428,428
IISc Bangalore,Smart Mobility and Logistics Systems,CS,GEN,1,569,615
IISc Bangalore,Smart Mobility and Logistics Systems,CS,OBC,1,647,647
IISc Bangalore,Smart Mobility and Logistics Systems,CS,SC,1,436,436
IISc Bangalore,Smart Mobility and Logistics Systems,CS,EWS,1,489,489
IISc Bangalore,Smart Mobility and Logistics Systems,DA,GEN,1,569,737
IISc Bangalore,Smart Mobility and Logistics Systems,DA,OBC,1,483,555
IISc Bangalore,Smart Mobility and Logistics Systems,DA,EWS,1,530,530
IISc Bangalore,Smart Mobility and Logistics Systems,ES,SC,1,424,424
IISc Bangalore,Smart Mobility and Logistics Systems,GE,GEN,1,819,819
IISc Bangalore,SUSTAINABLE TECHNOLOGIES,AR,GEN,1,1000,1000
IISc Bangalore,SUSTAINABLE TECHNOLOGIES,AR,OBC,1,821,821
IISc Bangalore,SUSTAINABLE TECHNOLOGIES,BT,GEN,1,852,852
IISc Bangalore,SUSTAINABLE TECHNOLOGIES,BT,OBC,1,702,702
IISc Bangalore,SUSTAINABLE TECHNOLOGIES,CE,GEN,1,637,639
IISc Bangalore,SUSTAINABLE TECHNOLOGIES,CE,OBC,1,511,609
IISc Bangalore,SUSTAINABLE TECHNOLOGIES,CE,SC,1,476,476
IISc Bangalore,SUSTAINABLE TECHNOLOGIES,CE,ST,1,393,393
IISc Bangalore,SUSTAINABLE TECHNOLOGIES,CH,GEN,1,623,790
IISc Bangalore,SUSTAINABLE TECHNOLOGIES,CH,OBC,1,535,535
IISc Bangalore,SUSTAINABLE TECHNOLOGIES,CH,SC,1,614,614
IISc Bangalore,SUSTAINABLE TECHNOLOGIES,CH,PwD,1,408,423
IISc Bangalore,SUSTAINABLE TECHNOLOGIES,CY,OBC,1,558,558
IISc Bangalore,SUSTAINABLE TECHNOLOGIES,ME,SC,1,435,435
IISc Bangalore,SUSTAINABLE TECHNOLOGIES,ME,EWS,1,770,770
IISc Bangalore,SUSTAINABLE TECHNOLOGIES,XE,SC,1,503,503
IISc Bangalore,SUSTAINABLE TECHNOLOGIES,XL,EWS,1,696,696
IISc Bangalore,AEROSPACE ENGINEERING,AE,GEN,2,785,990
IISc Bangalore,AEROSPACE ENGINEERING,AE,OBC,2,736,736
IISc Bangalore,AEROSPACE ENGINEERING,AE,ST,2,474,474
IISc Bangalore,AEROSPACE ENGINEERING,CE,OBC,2,731,731
IISc Bangalore,AEROSPACE ENGINEERING,EC,GEN,2,733,733
IISc Bangalore,AEROSPACE ENGINEERING,EC,OBC,2,651,651
IISc Bangalore,AEROSPACE ENGINEERING,EC,ST,2,499,499
IISc Bangalore,AEROSPACE ENGINEERING,EE,SC,2,476,476
IISc Bangalore,AEROSPACE ENGINEERING,ME,GEN,2,909,909
IISc Bangalore,AEROSPACE ENGINEERING,ME,OBC,2,843,864
IISc Bangalore,AEROSPACE ENGINEERING,ME,ST,2,477,504
IISc Bangalore,AEROSPACE ENGINEERING,ME,EWS,2,836,846
IISc Bangalore,AEROSPACE ENGINEERING,XE,GEN,2,880,880
IISc Bangalore,AEROSPACE ENGINEERING,XE,SC,2,697,740
IISc Bangalore,AEROSPACE ENGINEERING,XE,EWS,2,644,648
IISc Bangalore,Artificial Intelligence,CS,OBC,2,835,835
IISc Bangalore,Artificial Intelligence,DA,GEN,2,835,956
IISc Bangalore,Artificial Intelligence,DA,OBC,2,745,823
IISc Bangalore,Artificial Intelligence,DA,SC,2,667,667
IISc Bangalore,Artificial Intelligence,DA,EWS,2,768,768
IISc Bangalore,BIOENGINEERING,BM,OBC,2,565,565
IISc Bangalore,BIOENGINEERING,BT,GEN,2,813,813
IISc Bangalore,BIOENGINEERING,BT,OBC,2,689,689
IISc Bangalore,BIOENGINEERING,BT,SC,2,545,545
IISc Bangalore,BIOENGINEERING,BT,EWS,2,630,630
IISc Bangalore,BIOENGINEERING,CS,SC,2,446,446
IISc Bangalore,CHEMICAL ENGINEERING,CH,GEN,2,570,736
IISc Bangalore,CHEMICAL ENGINEERING,CH,OBC,2,516,594
IISc Bangalore,CHEMICAL ENGINEERING,CH,SC,2,486,589
IISc Bangalore,CHEMICAL ENGINEERING,CH,EWS,2,506,604
IISc Bangalore,CIVIL ENGINEERING,CE,GEN,2,667,768
IISc Bangalore,CIVIL ENGINEERING,CE,OBC,2,535,647
IISc Bangalore,CIVIL ENGINEERING,CE,SC,2,486,633
IISc Bangalore,CIVIL ENGINEERING,CE,ST,2,408,518
IISc Bangalore,CIVIL ENGINEERING,CE,EWS,2,469,659
IISc Bangalore,COMPUTER SCIENCE AND ENGINEERING,CS,GEN,2,903,936
IISc Bangalore,COMPUTER SCIENCE AND ENGINEERING,CS,OBC,2,830,863
IISc Bangalore,COMPUTER SCIENCE AND ENGINEERING,CS,SC,2,678,754
IISc Bangalore,COMPUTER SCIENCE AND ENGINEERING,CS,ST,2,523,615
IISc Bangalore,COMPUTER SCIENCE AND ENGINEERING,CS,EWS,2,843,868
IISc Bangalore,COMPUTER SCIENCE AND ENGINEERING,CS,PwD,2,443,476
IISc Bangalore,CP COMPUTATIONAL AND DATA SCIENCE,BT,OBC,2,845,845
IISc Bangalore,CP COMPUTATIONAL AND DATA SCIENCE,CS,GEN,2,860,893
IISc Bangalore,CP COMPUTATIONAL AND DATA SCIENCE,CS,OBC,2,806,806
IISc Bangalore,CP COMPUTATIONAL AND DATA SCIENCE,CS,SC,2,579,735
IISc Bangalore,CP COMPUTATIONAL AND DATA SCIENCE,DA,GEN,2,948,948
IISc Bangalore,CP COMPUTATIONAL AND DATA SCIENCE,DA,SC,2,604,686
IISc Bangalore,CP COMPUTATIONAL AND DATA SCIENCE,ME,GEN,2,867,867
IISc Bangalore,CP COMPUTATIONAL AND DATA SCIENCE,ME,OBC,2,784,784
IISc Bangalore,CP COMPUTATIONAL AND DATA SCIENCE,ST,EWS,2,693,693
IISc Bangalore,Earth and Climate Sciences,CE,GEN,2,768,768
IISc Bangalore,Earth and Climate Sciences,CH,EWS,2,604,604
IISc Bangalore,Earth and Climate Sciences,CS,GEN,2,665,665
IISc Bangalore,Earth and Climate Sciences,CS,EWS,2,614,614
IISc Bangalore,Earth and Climate Sciences,ME,GEN,2,670,763
IISc Bangalore,Earth and Climate Sciences,ME,OBC,2,563,580
IISc Bangalore,Earth and Climate Sciences,ME,SC,2,463,463
IISc Bangalore,Earth and Climate Sciences,PH,EWS,2,533,533
IISc Bangalore,ELECTRICAL ENGINEERING,EE,GEN,2,645,799
IISc Bangalore,ELECTRICAL ENGINEERING,EE,OBC,2,594,677
IISc Bangalore,ELECTRICAL ENGINEERING,EE,SC,2,389,574
IISc Bangalore,ELECTRICAL ENGINEERING,EE,EWS,2,582,689
IISc Bangalore,Electronic Product Design,EC,GEN,2,643,831
IISc Bangalore,Electronic Product Design,EC,OBC,2,620,803
IISc Bangalore,Electronic Product Design,EC,SC,2,362,502
IISc Bangalore,Electronic Product Design,EC,EWS,2,686,706
IISc Bangalore,Electronic Product Design,EE,OBC,2,740,740
IISc Bangalore,Electronic Product Design,EE,SC,2,366,421
IISc Bangalore,Electronic Product Design,IN,GEN,2,775,775
IISc Bangalore,ELECTRONIC SYSTEMS ENGINEERING,EC,GEN,2,749,921
IISc Bangalore,ELECTRONIC SYSTEMS ENGINEERING,EC,OBC,2,682,795
IISc Bangalore,ELECTRONIC SYSTEMS ENGINEERING,EC,SC,2,534,577
IISc Bangalore,ELECTRONIC SYSTEMS ENGINEERING,EC,EWS,2,690,737
IISc Bangalore,ELECTRONIC SYSTEMS ENGINEERING,EE,GEN,2,748,850
IISc Bangalore,ELECTRONIC SYSTEMS ENGINEERING,EE,SC,2,551,551
IISc Bangalore,ELECTRONIC SYSTEMS ENGINEERING,EE,EWS,2,791,791
IISc Bangalore,ELECTRONIC SYSTEMS ENGINEERING,IN,GEN,2,747,747
IISc Bangalore,ELECTRONICS AND COMMUNICATION ENGINEERING,EC,GEN,2,659,722
IISc Bangalore,ELECTRONICS AND COMMUNICATION ENGINEERING,EC,OBC,2,592,639
IISc Bangalore,ELECTRONICS AND COMMUNICATION ENGINEERING,EC,SC,2,436,569
IISc Bangalore,ELECTRONICS AND COMMUNICATION ENGINEERING,EC,ST,2,412,530
IISc Bangalore,ELECTRONICS AND COMMUNICATION ENGINEERING,EC,EWS,2,581,651
IISc Bangalore,ELECTRONICS AND COMMUNICATION ENGINEERING,EE,OBC,2,559,559
IISc Bangalore,INSTRUMENTATION SYSTEMS,EC,GEN,2,725,725
IISc Bangalore,INSTRUMENTATION SYSTEMS,EC,OBC,2,600,600
IISc Bangalore,INSTRUMENTATION SYSTEMS,EC,SC,2,452,452
IISc Bangalore,INSTRUMENTATION SYSTEMS,EE,GEN,2,623,623
IISc Bangalore,INSTRUMENTATION SYSTEMS,EE,OBC,2,539,578
IISc Bangalore,INSTRUMENTATION SYSTEMS,EE,EWS,2,598,598
IISc Bangalore,INSTRUMENTATION SYSTEMS,IN,GEN,2,743,743
IISc Bangalore,INSTRUMENTATION SYSTEMS,IN,OBC,2,574,634
IISc Bangalore,INSTRUMENTATION SYSTEMS,IN,ST,2,514,514
IISc Bangalore,INSTRUMENTATION SYSTEMS,IN,EWS,2,672,672
IISc Bangalore,INSTRUMENTATION SYSTEMS,PH,GEN,2,728,728
IISc Bangalore,INSTRUMENTATION SYSTEMS,PH,ST,2,423,423
IISc Bangalore,MATERIALS ENGINEERING,CY,OBC,2,558,558
IISc Bangalore,MATERIALS ENGINEERING,CY,ST,2,222,222
IISc Bangalore,MATERIALS ENGINEERING,MT,GEN,2,707,909
IISc Bangalore,MATERIALS ENGINEERING,MT,OBC,2,513,616
IISc Bangalore,MATERIALS ENGINEERING,MT,SC,2,402,485
IISc Bangalore,MATERIALS ENGINEERING,MT,ST,2,437,437
IISc Bangalore,MATERIALS ENGINEERING,MT,EWS,2,453,544
IISc Bangalore,MATERIALS ENGINEERING,PH,GEN,2,673,673
IISc Bangalore,MATERIALS ENGINEERING,PH,OBC,2,543,638
IISc Bangalore,MATERIALS ENGINEERING,PH,SC,2,478,478
IISc Bangalore,MATERIALS ENGINEERING,XE,GEN,2,689,689
IISc Bangalore,MECHANICAL ENGINEERING,ME,GEN,2,774,888
IISc Bangalore,MECHANICAL ENGINEERING,ME,OBC,2,725,805
IISc Bangalore,MECHANICAL ENGINEERING,ME,SC,2,622,684
IISc Bangalore,MECHANICAL ENGINEERING,ME,EWS,2,753,753
IISc Bangalore,MECHANICAL ENGINEERING,XE,GEN,2,846,894
IISc Bangalore,MECHANICAL ENGINEERING,XE,OBC,2,661,758
IISc Bangalore,MECHANICAL ENGINEERING,XE,SC,2,639,639
IISc Bangalore,MECHANICAL ENGINEERING,XE,ST,2,472,472
IISc Bangalore,MECHANICAL ENGINEERING,XE,EWS,2,749,749
IISc Bangalore,MICROELECTRONICS AND VLSI DESIGN,EC,GEN,2,842,921
IISc Bangalore,MICROELECTRONICS AND VLSI DESIGN,EC,OBC,2,795,850
IISc Bangalore,MICROELECTRONICS AND VLSI DESIGN,EC,EWS,2,795,803
IISc Bangalore,MICROELECTRONICS AND VLSI DESIGN,EE,GEN,2,878,890
IISc Bangalore,MICROELECTRONICS AND VLSI DESIGN,EE,OBC,2,846,846
IISc Bangalore,MICROELECTRONICS AND VLSI DESIGN,EE,EWS,2,854,854
IISc Bangalore,MICROELECTRONICS AND VLSI DESIGN,IN,SC,2,721,721
IISc Bangalore,Mobility Engineering,CE,ST,2,332,332
IISc Bangalore,Mobility Engineering,CS,GEN,2,660,660
IISc Bangalore,Mobility Engineering,EE,GEN,2,673,673
IISc Bangalore,Mobility Engineering,ME,GEN,2,663,715
IISc Bangalore,Mobility Engineering,ME,OBC,2,632,667
IISc Bangalore,Mobility Engineering,ME,SC,2,414,425
IISc Bangalore,Mobility Engineering,ME,ST,2,407,407
IISc Bangalore,Mobility Engineering,PI,GEN,2,632,632
IISc Bangalore,Mobility Engineering,XE,GEN,2,648,828
IISc Bangalore,Mobility Engineering,XE,SC,2,415,415
IISc Bangalore,PRODUCT DESIGN DEVELOPMENT AND MANAGEMENT,AR,GEN,2,801,857
IISc Bangalore,PRODUCT DESIGN DEVELOPMENT AND MANAGEMENT,EC,SC,2,479,479
IISc Bangalore,PRODUCT DESIGN DEVELOPMENT AND MANAGEMENT,EE,EWS,2,527,527
IISc Bangalore,PRODUCT DESIGN DEVELOPMENT AND MANAGEMENT,ME,GEN,2,819,819
IISc Bangalore,PRODUCT DESIGN DEVELOPMENT AND MANAGEMENT,PI,OBC,2,737,737
IISc Bangalore,QUANTUM TECHNOLOGY,CS,GEN,2,741,847
IISc Bangalore,QUANTUM TECHNOLOGY,CS,OBC,2,608,727
IISc Bangalore,QUANTUM TECHNOLOGY,CS,SC,2,512,514
IISc Bangalore,QUANTUM TECHNOLOGY,CS,EWS,2,638,638
IISc Bangalore,QUANTUM TECHNOLOGY,DA,OBC,2,721,721
IISc Bangalore,QUANTUM TECHNOLOGY,EC,GEN,2,682,682
IISc Bangalore,QUANTUM TECHNOLOGY,EC,OBC,2,631,631
IISc Bangalore,QUANTUM TECHNOLOGY,EC,SC,2,526,526
IISc Bangalore,QUANTUM TECHNOLOGY,ME,EWS,2,629,629
IISc Bangalore,QUANTUM TECHNOLOGY,PH,SC,2,443,553
IISc Bangalore,ROBOTICS AND AUTONOMOUS SYSTEMS,AE,OBC,2,667,667
IISc Bangalore,ROBOTICS AND AUTONOMOUS SYSTEMS,CS,GEN,2,826,831
IISc Bangalore,ROBOTICS AND AUTONOMOUS SYSTEMS,CS,SC,2,585,643
IISc Bangalore,ROBOTICS AND AUTONOMOUS SYSTEMS,DA,GEN,2,831,831
IISc Bangalore,ROBOTICS AND AUTONOMOUS SYSTEMS,DA,SC,2,577,577
IISc Bangalore,ROBOTICS AND AUTONOMOUS SYSTEMS,DA,EWS,2,729,729
IISc Bangalore,ROBOTICS AND AUTONOMOUS SYSTEMS,EC,OBC,2,729,729
IISc Bangalore,ROBOTICS AND AUTONOMOUS SYSTEMS,ME,GEN,2,884,884
IISc Bangalore,ROBOTICS AND AUTONOMOUS SYSTEMS,ME,EWS,2,767,767
IISc Bangalore,ROBOTICS AND AUTONOMOUS SYSTEMS,XE,OBC,2,740,740
IISc Bangalore,Semiconductor Technology,EC,OBC,2,745,745
IISc Bangalore,Semiconductor Technology,EC,SC,2,584,596
IISc Bangalore,Semiconductor Technology,EC,ST,2,432,514
IISc Bangalore,Semiconductor Technology,EE,SC,2,610,610
IISc Bangalore,Semiconductor Technology,IN,GEN,2,789,789
IISc Bangalore,Semiconductor Technology,IN,OBC,2,743,743
IISc Bangalore,Semiconductor Technology,IN,SC,2,634,634
IISc Bangalore,Semiconductor Technology,IN,ST,2,525,525
IISc Bangalore,Semiconductor Technology,ME,OBC,2,732,746
IISc Bangalore,Semiconductor Technology,ME,ST,2,449,449
IISc Bangalore,Semiconductor Technology,MT,GEN,2,885,885
IISc Bangalore,Semiconductor Technology,MT,SC,2,731,731
IISc Bangalore,Semiconductor Technology,PH,OBC,2,761,761
IISc Bangalore,SIGNAL PROCESSING,DA,GEN,2,835,929
IISc Bangalore,SIGNAL PROCESSING,DA,OBC,2,717,733
IISc Bangalore,SIGNAL PROCESSING,DA,SC,2,690,690
IISc Bangalore,SIGNAL PROCESSING,DA,EWS,2,721,721
IISc Bangalore,SIGNAL PROCESSING,EE,OBC,2,720,720
IISc Bangalore,SIGNAL PROCESSING,EE,EWS,2,712,712
IISc Bangalore,Smart Manufacturing,AE,GEN,2,675,675
IISc Bangalore,Smart Manufacturing,AG,OBC,2,711,711
IISc Bangalore,Smart Manufacturing,AG,ST,2,368,368
IISc Bangalore,Smart Manufacturing,DA,ST,2,334,334
IISc Bangalore,Smart Manufacturing,EC,OBC,2,506,506
IISc Bangalore,Smart Manufacturing,EE,GEN,2,567,606
IISc Bangalore,Smart Manufacturing,EE,OBC,2,437,500
IISc Bangalore,Smart Manufacturing,IN,GEN,2,541,541
IISc Bangalore,Smart Manufacturing,IN,OBC,2,487,487
IISc Bangalore,Smart Manufacturing,IN,EWS,2,405,405
IISc Bangalore,Smart Manufacturing,ME,SC,2,369,369
IISc Bangalore,Smart Manufacturing,ME,ST,2,400,400
IISc Bangalore,Smart Manufacturing,PI,GEN,2,728,728
IISc Bangalore,Smart Manufacturing,PI,EWS,2,662,662
IISc Bangalore,Smart Manufacturing,XE,OBC,2,661,661
IISc Bangalore,Smart Mobility and Logistics Systems,CS,GEN,2,569,615
IISc Bangalore,Smart Mobility and Logistics Systems,CS,OBC,2,647,647
IISc Bangalore,Smart Mobility and Logistics Systems,CS,SC,2,436,436
IISc Bangalore,Smart Mobility and Logistics Systems,DA,GEN,2,616,737
IISc Bangalore,Smart Mobility and Logistics Systems,DA,OBC,2,483,483
IISc Bangalore,Smart Mobility and Logistics Systems,DA,EWS,2,530,530
IISc Bangalore,Smart Mobility and Logistics Systems,ES,SC,2,424,424
IISc Bangalore,SUSTAINABLE TECHNOLOGIES,AR,GEN,2,885,981
IISc Bangalore,SUSTAINABLE TECHNOLOGIES,AR,SC,2,457,463
IISc Bangalore,SUSTAINABLE TECHNOLOGIES,AR,ST,2,378,378
IISc Bangalore,SUSTAINABLE TECHNOLOGIES,AR,EWS,2,744,744
IISc Bangalore,SUSTAINABLE TECHNOLOGIES,BT,GEN,2,852,852
IISc Bangalore,SUSTAINABLE TECHNOLOGIES,BT,SC,2,487,487
IISc Bangalore,SUSTAINABLE TECHNOLOGIES,CE,GEN,2,639,639
IISc Bangalore,SUSTAINABLE TECHNOLOGIES,CE,OBC,2,511,609
IISc Bangalore,SUSTAINABLE TECHNOLOGIES,CE,SC,2,457,457
IISc Bangalore,SUSTAINABLE TECHNOLOGIES,CE,ST,2,370,393
IISc Bangalore,SUSTAINABLE TECHNOLOGIES,ME,GEN,2,832,832
IISc Bangalore,SUSTAINABLE TECHNOLOGIES,ME,OBC,2,701,753
IISc Bangalore,SUSTAINABLE TECHNOLOGIES,ME,SC,2,435,435
IISc Bangalore,SUSTAINABLE TECHNOLOGIES,XL,GEN,2,847,847
IISc Bangalore,AEROSPACE ENGINEERING,AE,GEN,3,785,785
IISc Bangalore,AEROSPACE ENGINEERING,CE,OBC,3,731,731
IISc Bangalore,AEROSPACE ENGINEERING,EC,OBC,3,651,651
IISc Bangalore,AEROSPACE ENGINEERING,EC,ST,3,499,499
IISc Bangalore,AEROSPACE ENGINEERING,ME,GEN,3,909,909
IISc Bangalore,AEROSPACE ENGINEERING,ME,OBC,3,864,864
IISc Bangalore,AEROSPACE ENGINEERING,ME,EWS,3,836,846
IISc Bangalore,AEROSPACE ENGINEERING,XE,GEN,3,880,880
IISc Bangalore,AEROSPACE ENGINEERING,XE,SC,3,718,718
IISc Bangalore,AEROSPACE ENGINEERING,XE,EWS,3,644,644
IISc Bangalore,Artificial Intelligence,DA,OBC,3,745,745
IISc Bangalore,BIOENGINEERING,BM,OBC,3,565,565
IISc Bangalore,BIOENGINEERING,BT,GEN,3,813,813
IISc Bangalore,BIOENGINEERING,BT,OBC,3,689,689
IISc Bangalore,BIOENGINEERING,BT,SC,3,545,545
IISc Bangalore,BIOENGINEERING,BT,EWS,3,630,630
IISc Bangalore,CHEMICAL ENGINEERING,CH,GEN,3,570,736
IISc Bangalore,CHEMICAL ENGINEERING,CH,OBC,3,516,516
IISc Bangalore,CHEMICAL ENGINEERING,CH,SC,3,491,589
IISc Bangalore,CHEMICAL ENGINEERING,CH,EWS,3,506,604
IISc Bangalore,CIVIL ENGINEERING,CE,GEN,3,667,742
IISc Bangalore,CIVIL ENGINEERING,CE,OBC,3,535,640
IISc Bangalore,CIVIL ENGINEERING,CE,SC,3,487,547
IISc Bangalore,CIVIL ENGINEERING,CE,ST,3,408,518
IISc Bangalore,CIVIL ENGINEERING,CE,EWS,3,469,659
IISc Bangalore,COMPUTER SCIENCE AND ENGINEERING,CS,GEN,3,914,936
IISc Bangalore,COMPUTER SCIENCE AND ENGINEERING,CS,OBC,3,833,863
IISc Bangalore,COMPUTER SCIENCE AND ENGINEERING,CS,SC,3,678,744
IISc Bangalore,COMPUTER SCIENCE AND ENGINEERING,CS,ST,3,523,615
IISc Bangalore,COMPUTER SCIENCE AND ENGINEERING,CS,EWS,3,868,868
IISc Bangalore,COMPUTER SCIENCE AND ENGINEERING,CS,PwD,3,443,443
IISc Bangalore,CP COMPUTATIONAL AND DATA SCIENCE,BT,OBC,3,845,845
IISc Bangalore,CP COMPUTATIONAL AND DATA SCIENCE,CS,GEN,3,860,860
IISc Bangalore,CP COMPUTATIONAL AND DATA SCIENCE,CS,SC,3,579,602
IISc Bangalore,CP COMPUTATIONAL AND DATA SCIENCE,DA,SC,3,604,686
IISc Bangalore,CP COMPUTATIONAL AND DATA SCIENCE,ME,GEN,3,867,867
IISc Bangalore,CP COMPUTATIONAL AND DATA SCIENCE,ME,OBC,3,784,784
IISc Bangalore,CP COMPUTATIONAL AND DATA SCIENCE,ST,EWS,3,693,693
IISc Bangalore,Earth and Climate Sciences,CS,GEN,3,665,665
IISc Bangalore,Earth and Climate Sciences,CS,EWS,3,614,614
IISc Bangalore,Earth and Climate Sciences,ME,GEN,3,670,763
IISc Bangalore,Earth and Climate Sciences,ME,OBC,3,563,580
IISc Bangalore,Earth and Climate Sciences,ME,SC,3,463,463
IISc Bangalore,ELECTRICAL ENGINEERING,EE,GEN,3,645,799
IISc Bangalore,ELECTRICAL ENGINEERING,EE,OBC,3,594,677
IISc Bangalore,ELECTRICAL ENGINEERING,EE,SC,3,389,496
IISc Bangalore,ELECTRICAL ENGINEERING,EE,EWS,3,685,685
IISc Bangalore,Electronic Product Design,EC,GEN,3,698,795
IISc Bangalore,Electronic Product Design,EC,OBC,3,620,729
IISc Bangalore,Electronic Product Design,EC,SC,3,428,495
IISc Bangalore,Electronic Product Design,EC,EWS,3,686,706
IISc Bangalore,Electronic Product Design,EE,OBC,3,740,740
IISc Bangalore,Electronic Product Design,EE,SC,3,366,421
IISc Bangalore,Electronic Product Design,IN,GEN,3,775,775
IISc Bangalore,ELECTRONIC SYSTEMS ENGINEERING,EC,GEN,3,749,854
IISc Bangalore,ELECTRONIC SYSTEMS ENGINEERING,EC,OBC,3,682,776
IISc Bangalore,ELECTRONIC SYSTEMS ENGINEERING,EC,SC,3,534,577
IISc Bangalore,ELECTRONIC SYSTEMS ENGINEERING,EC,EWS,3,690,737
IISc Bangalore,ELECTRONIC SYSTEMS ENGINEERING,EE,GEN,3,748,850
IISc Bangalore,ELECTRONIC SYSTEMS ENGINEERING,EE,SC,3,551,551
IISc Bangalore,ELECTRONIC SYSTEMS ENGINEERING,EE,EWS,3,791,791
IISc Bangalore,ELECTRONIC SYSTEMS ENGINEERING,IN,GEN,3,747,747
IISc Bangalore,ELECTRONICS AND COMMUNICATION ENGINEERING,EC,GEN,3,659,706
IISc Bangalore,ELECTRONICS AND COMMUNICATION ENGINEERING,EC,OBC,3,592,639
IISc Bangalore,ELECTRONICS AND COMMUNICATION ENGINEERING,EC,SC,3,436,569
IISc Bangalore,ELECTRONICS AND COMMUNICATION ENGINEERING,EC,ST,3,412,439
IISc Bangalore,ELECTRONICS AND COMMUNICATION ENGINEERING,EC,EWS,3,581,616
IISc Bangalore,ELECTRONICS AND COMMUNICATION ENGINEERING,EE,OBC,3,559,559
IISc Bangalore,INSTRUMENTATION SYSTEMS,EC,GEN,3,725,725
IISc Bangalore,INSTRUMENTATION SYSTEMS,EC,OBC,3,600,600
IISc Bangalore,INSTRUMENTATION SYSTEMS,EC,SC,3,452,452
IISc Bangalore,INSTRUMENTATION SYSTEMS,EE,GEN,3,623,623
IISc Bangalore,INSTRUMENTATION SYSTEMS,EE,OBC,3,539,578
IISc Bangalore,INSTRUMENTATION SYSTEMS,EE,EWS,3,598,598
IISc Bangalore,INSTRUMENTATION SYSTEMS,IN,GEN,3,743,743
IISc Bangalore,INSTRUMENTATION SYSTEMS,IN,OBC,3,574,634
IISc Bangalore,INSTRUMENTATION SYSTEMS,IN,ST,3,514,514
IISc Bangalore,INSTRUMENTATION SYSTEMS,PH,GEN,3,728,728
IISc Bangalore,INSTRUMENTATION SYSTEMS,PH,ST,3,423,423
IISc Bangalore,MATERIALS ENGINEERING,CY,OBC,3,558,558
IISc Bangalore,MATERIALS ENGINEERING,CY,ST,3,222,222
IISc Bangalore,MATERIALS ENGINEERING,MT,GEN,3,707,909
IISc Bangalore,MATERIALS ENGINEERING,MT,OBC,3,513,616
IISc Bangalore,MATERIALS ENGINEERING,MT,SC,3,433,433
IISc Bangalore,MATERIALS ENGINEERING,MT,ST,3,437,437
IISc Bangalore,MATERIALS ENGINEERING,MT,EWS,3,453,481
IISc Bangalore,MATERIALS ENGINEERING,PH,GEN,3,673,673
IISc Bangalore,MATERIALS ENGINEERING,PH,OBC,3,543,638
IISc Bangalore,MATERIALS ENGINEERING,XE,GEN,3,689,689
IISc Bangalore,MECHANICAL ENGINEERING,ME,GEN,3,774,812
IISc Bangalore,MECHANICAL ENGINEERING,ME,OBC,3,725,760
IISc Bangalore,MECHANICAL ENGINEERING,ME,SC,3,622,684
IISc Bangalore,MECHANICAL ENGINEERING,ME,EWS,3,753,753
IISc Bangalore,MECHANICAL ENGINEERING,XE,GEN,3,846,894
IISc Bangalore,MECHANICAL ENGINEERING,XE,OBC,3,661,758
IISc Bangalore,MECHANICAL ENGINEERING,XE,ST,3,472,472
IISc Bangalore,MICROELECTRONICS AND VLSI DESIGN,EC,GEN,3,878,921
IISc Bangalore,MICROELECTRONICS AND VLSI DESIGN,EC,OBC,3,795,795
IISc Bangalore,MICROELECTRONICS AND VLSI DESIGN,EC,EWS,3,795,803
IISc Bangalore,MICROELECTRONICS AND VLSI DESIGN,EE,GEN,3,878,890
IISc Bangalore,MICROELECTRONICS AND VLSI DESIGN,EE,OBC,3,846,846
IISc Bangalore,MICROELECTRONICS AND VLSI DESIGN,EE,EWS,3,854,854
IISc Bangalore,Mobility Engineering,CE,ST,3,332,332
IISc Bangalore,Mobility Engineering,ME,GEN,3,663,715
IISc Bangalore,Mobility Engineering,ME,OBC,3,632,667
IISc Bangalore,Mobility Engineering,ME,SC,3,414,425
IISc Bangalore,Mobility Engineering,XE,GEN,3,692,692
IISc Bangalore,Mobility Engineering,XE,SC,3,415,415
IISc Bangalore,PRODUCT DESIGN DEVELOPMENT AND MANAGEMENT,AR,GEN,3,857,857
IISc Bangalore,PRODUCT DESIGN DEVELOPMENT AND MANAGEMENT,EC,SC,3,479,479
IISc Bangalore,PRODUCT DESIGN DEVELOPMENT AND MANAGEMENT,EE,EWS,3,527,527
IISc Bangalore,PRODUCT DESIGN DEVELOPMENT AND MANAGEMENT,ME,GEN,3,819,819
IISc Bangalore,QUANTUM TECHNOLOGY,CS,GEN,3,741,847
IISc Bangalore,QUANTUM TECHNOLOGY,CS,OBC,3,608,727
IISc Bangalore,QUANTUM TECHNOLOGY,CS,SC,3,512,514
IISc Bangalore,QUANTUM TECHNOLOGY,CS,EWS,3,638,638
IISc Bangalore,QUANTUM TECHNOLOGY,EC,GEN,3,682,682
IISc Bangalore,QUANTUM TECHNOLOGY,EC,OBC,3,631,631
IISc Bangalore,QUANTUM TECHNOLOGY,ME,EWS,3,629,629
IISc Bangalore,ROBOTICS AND AUTONOMOUS SYSTEMS,AE,OBC,3,667,667
IISc Bangalore,ROBOTICS AND AUTONOMOUS SYSTEMS,CS,GEN,3,826,831
IISc Bangalore,ROBOTICS AND AUTONOMOUS SYSTEMS,CS,SC,3,585,585
IISc Bangalore,ROBOTICS AND AUTONOMOUS SYSTEMS,DA,SC,3,577,577
IISc Bangalore,ROBOTICS AND AUTONOMOUS SYSTEMS,DA,EWS,3,729,729
IISc Bangalore,ROBOTICS AND AUTONOMOUS SYSTEMS,EC,OBC,3,729,729
IISc Bangalore,ROBOTICS AND AUTONOMOUS SYSTEMS,ME,GEN,3,884,884
IISc Bangalore,ROBOTICS AND AUTONOMOUS SYSTEMS,ME,EWS,3,767,767
IISc Bangalore,Semiconductor Technology,EC,ST,3,432,514
IISc Bangalore,Semiconductor Technology,IN,GEN,3,789,789
IISc Bangalore,Semiconductor Technology,IN,OBC,3,743,743
IISc Bangalore,Semiconductor Technology,IN,ST,3,525,525
IISc Bangalore,Semiconductor Technology,ME,OBC,3,732,746
IISc Bangalore,Semiconductor Technology,ME,ST,3,449,449
IISc Bangalore,Semiconductor Technology,MT,SC,3,731,731
IISc Bangalore,Semiconductor Technology,PH,OBC,3,761,761
IISc Bangalore,SIGNAL PROCESSING,DA,GEN,3,815,850
IISc Bangalore,SIGNAL PROCESSING,DA,OBC,3,717,733
IISc Bangalore,SIGNAL PROCESSING,DA,EWS,3,721,721
IISc Bangalore,SIGNAL PROCESSING,EE,OBC,3,704,704
IISc Bangalore,SIGNAL PROCESSING,EE,EWS,3,712,712
IISc Bangalore,Smart Manufacturing,AE,GEN,3,675,675
IISc Bangalore,Smart Manufacturing,AG,OBC,3,711,711
IISc Bangalore,Smart Manufacturing,DA,ST,3,334,334
IISc Bangalore,Smart Manufacturing,EC,OBC,3,506,506
IISc Bangalore,Smart Manufacturing,EE,GEN,3,606,606
IISc Bangalore,Smart Manufacturing,EE,OBC,3,437,437
IISc Bangalore,Smart Manufacturing,IN,GEN,3,541,541
IISc Bangalore,Smart Manufacturing,IN,OBC,3,487,487
IISc Bangalore,Smart Manufacturing,IN,EWS,3,405,405
IISc Bangalore,Smart Manufacturing,ME,SC,3,369,369
IISc Bangalore,Smart Manufacturing,PI,EWS,3,662,662
IISc Bangalore,Smart Manufacturing,XE,OBC,3,661,661
IISc Bangalore,Smart Mobility and Logistics Systems,CS,GEN,3,615,615
IISc Bangalore,Smart Mobility and Logistics Systems,CS,SC,3,436,436
IISc Bangalore,Smart Mobility and Logistics Systems,DA,GEN,3,737,737
IISc Bangalore,Smart Mobility and Logistics Systems,DA,EWS,3,530,530
IISc Bangalore,Smart Mobility and Logistics Systems,ES,SC,3,424,424
IISc Bangalore,SUSTAINABLE TECHNOLOGIES,AR,GEN,3,767,885
IISc Bangalore,SUSTAINABLE TECHNOLOGIES,AR,OBC,3,614,649
IISc Bangalore,SUSTAINABLE TECHNOLOGIES,AR,SC,3,457,463
IISc Bangalore,SUSTAINABLE TECHNOLOGIES,AR,EWS,3,489,691
IISc Bangalore,SUSTAINABLE TECHNOLOGIES,BT,GEN,3,754,780
IISc Bangalore,SUSTAINABLE TECHNOLOGIES,BT,OBC,3,617,637
IISc Bangalore,SUSTAINABLE TECHNOLOGIES,BT,SC,3,402,448
IISc Bangalore,SUSTAINABLE TECHNOLOGIES,CE,OBC,3,511,609
IISc Bangalore,SUSTAINABLE TECHNOLOGIES,CE,SC,3,415,438
IISc Bangalore,SUSTAINABLE TECHNOLOGIES,CE,ST,3,320,393
IISc Bangalore,SUSTAINABLE TECHNOLOGIES,CE,EWS,3,503,503
IISc Bangalore,SUSTAINABLE TECHNOLOGIES,CH,SC,3,413,413
IISc Bangalore,SUSTAINABLE TECHNOLOGIES,CH,ST,3,330,330
IISc Bangalore,SUSTAINABLE TECHNOLOGIES,CH,EWS,3,486,609
IISc Bangalore,SUSTAINABLE TECHNOLOGIES,ES,OBC,3,649,649
IISc Bangalore,SUSTAINABLE TECHNOLOGIES,ES,EWS,3,450,450
IISc Bangalore,SUSTAINABLE TECHNOLOGIES,ME,OBC,3,656,656
IISc Bangalore,SUSTAINABLE TECHNOLOGIES,ME,SC,3,435,435
IISc Bangalore,SUSTAINABLE TECHNOLOGIES,ME,ST,3,314,318
IISc Bangalore,SUSTAINABLE TECHNOLOGIES,ME,EWS,3,463,739
IISc Bangalore,SUSTAINABLE TECHNOLOGIES,XE,EWS,3,525,547
IISc Bangalore,AEROSPACE ENGINEERING,AE,GEN,4,978,978
IISc Bangalore,AEROSPACE ENGINEERING,ME,GEN,4,909,909
IISc Bangalore,COMPUTER SCIENCE AND ENGINEERING,CS,GEN,4,903,903
IISc Bangalore,COMPUTER SCIENCE AND ENGINEERING,CS,SC,4,678,714
IISc Bangalore,COMPUTER SCIENCE AND ENGINEERING,CS,ST,4,542,562
IISc Bangalore,Earth and Climate Sciences,CS,GEN,4,665,665
IISc Bangalore,Earth and Climate Sciences,CS,EWS,4,614,614
IISc Bangalore,Earth and Climate Sciences,ME,OBC,4,563,566
IISc Bangalore,Electronic Product Design,EC,SC,4,428,428
IISc Bangalore,Electronic Product Design,EE,SC,4,421,421
IISc Bangalore,ELECTRONICS AND COMMUNICATION ENGINEERING,EC,SC,4,549,549
IISc Bangalore,ELECTRONICS AND COMMUNICATION ENGINEERING,EC,ST,4,412,412
IISc Bangalore,Mobility Engineering,ME,GEN,4,663,663
IISc Bangalore,Semiconductor Technology,IN,OBC,4,743,743
IISc Bangalore,Semiconductor Technology,ME,OBC,4,746,746
IISc Bangalore,Semiconductor Technology,PH,OBC,4,761,761
IISc Bangalore,SIGNAL PROCESSING,DA,GEN,4,815,831
IISc Bangalore,SIGNAL PROCESSING,EE,OBC,4,704,704
IISc Bangalore,SUSTAINABLE TECHNOLOGIES,AR,GEN,4,767,801
IISc Bangalore,SUSTAINABLE TECHNOLOGIES,AR,OBC,4,626,626
IISc Bangalore,SUSTAINABLE TECHNOLOGIES,AR,SC,4,457,463
IISc Bangalore,SUSTAINABLE TECHNOLOGIES,AR,EWS,4,691,691
IISc Bangalore,SUSTAINABLE TECHNOLOGIES,BT,GEN,4,754,754
IISc Bangalore,SUSTAINABLE TECHNOLOGIES,BT,SC,4,402,402
IISc Bangalore,SUSTAINABLE TECHNOLOGIES,CE,SC,4,415,438
IISc Bangalore,SUSTAINABLE TECHNOLOGIES,CE,ST,4,370,370
IISc Bangalore,SUSTAINABLE TECHNOLOGIES,CH,ST,4,330,330
IISc Bangalore,SUSTAINABLE TECHNOLOGIES,CH,EWS,4,486,486
IISc Bangalore,SUSTAINABLE TECHNOLOGIES,ES,OBC,4,649,649
IISc Bangalore,SUSTAINABLE TECHNOLOGIES,ES,EWS,4,450,450
IISc Bangalore,SUSTAINABLE TECHNOLOGIES,ME,ST,4,314,318
IISc Bangalore,SUSTAINABLE TECHNOLOGIES,ME,EWS,4,490,739
IISc Bangalore,SIGNAL PROCESSING,DA,GEN,5,815,815
IISc Bangalore,SIGNAL PROCESSING,EE,OBC,5,704,704
IISc Bangalore,SUSTAINABLE TECHNOLOGIES,AR,GEN,5,801,801
IISc Bangalore,SUSTAINABLE TECHNOLOGIES,BT,SC,5,402,402
IISc Bangalore,SUSTAINABLE TECHNOLOGIES,CE,SC,5,415,438
IISc Bangalore,SUSTAINABLE TECHNOLOGIES,CH,ST,5,330,330
IISc Bangalore,SUSTAINABLE TECHNOLOGIES,ES,OBC,5,649,649
IISc Bangalore,SUSTAINABLE TECHNOLOGIES,ES,EWS,5,450,450
IISc Bangalore,SUSTAINABLE TECHNOLOGIES,ME,EWS,5,490,490
IIT Goa,CSE,,GEN,1,743,797
IIT Goa,CSE,,OBC,1,706,714
IIT Goa,CSE,,SC,1,688,688
IIT Goa,CSE,,EWS,1,731,731
IIT Goa,EE,,GEN,1,559,635
IIT Goa,EE,,OBC,1,539,584
IIT Goa,EE,,SC,1,506,506
IIT Goa,EE,,EWS,1,480,480
IIT Goa,MST,,GEN,1,527,585
IIT Goa,MST,,OBC,1,516,516
IIT Goa,ME,,GEN,1,615,565
IIT Goa,ME,,OBC,1,458,518
IIT Goa,ME,,SC,1,532,518
IIT Goa,ME,,ST,1,355,355
IIT Goa,ME,,EWS,1,482,482
IIT Goa,Ch.E,,GEN,1,448,610
IIT Goa,Ch.E,,OBC,1,389,389
IIT Goa,CSE,,GEN,2,727,735
IIT Goa,CSE,,OBC,2,698,702
IIT Goa,CSE,,SC,2,675,675
IIT Goa,CSE,,EWS,2,689,689
IIT Goa,EE,,GEN,2,530,620
IIT Goa,EE,,OBC,2,499,512
IIT Goa,EE,,SC,2,434,434
IIT Goa,EE,,EWS,2,460,460
IIT Goa,MST,,GEN,2,483,585
IIT Goa,MST,,OBC,2,483,483
IIT Goa,ME,,GEN,2,470,553
IIT Goa,ME,,OBC,2,421,518
IIT Goa,ME,,SC,2,432,480
IIT Goa,ME,,ST,2,277,277
IIT Goa,ME,,EWS,2,463,463
IIT Goa,Ch.E,,GEN,2,428,461
IIT Goa,Ch.E,,OBC,2,379,379
IIT Goa,CSE,,GEN,3,704,734
IIT Goa,CSE,,OBC,3,689,693
IIT Goa,CSE,,SC,3,615,615
IIT Goa,CSE,,EWS,3,689,689
IIT Goa,EE,,GEN,3,515,612
IIT Goa,EE,,OBC,3,491,512
IIT Goa,EE,,SC,3,434,434
IIT Goa,EE,,EWS,3,460,460
IIT Goa,MST,,GEN,3,483,585
IIT Goa,MST,,OBC,3,441,441
IIT Goa,ME,,GEN,3,449,525
IIT Goa,ME,,OBC,3,421,494
IIT Goa,ME,,SC,3,369,432
IIT Goa,ME,,EWS,3,425,425
IIT Goa,Ch.E,,GEN,3,389,428
IIT Goa,Ch.E,,OBC,3,379,379
IIT Goa,CSE,,GEN,4,698,734
IIT Goa,CSE,,OBC,4,681,693
IIT Goa,CSE,,SC,4,602,602
IIT Goa,CSE,,EWS,4,689,689
IIT Goa,EE,,GEN,4,508,592
IIT Goa,EE,,OBC,4,476,483
IIT Goa,EE,,SC,4,434,434
IIT Goa,EE,,EWS,4,460,460
IIT Goa,MST,,GEN,4,444,464
IIT Goa,ME,,GEN,4,397,508
IIT Goa,ME,,OBC,4,351,470
IIT Goa,ME,,SC,4,362,432
IIT Goa,ME,,EWS,4,397,397
IIT Goa,Ch.E,,GEN,4,389,428
IIT Goa,Ch.E,,OBC,4,376,376
IIT Goa,CSE,,GEN,5,681,724
IIT Goa,CSE,,OBC,5,671,693
IIT Goa,CSE,,SC,5,585,585
IIT Goa,EE,,GEN,5,476,561
IIT Goa,EE,,OBC,5,472,483
IIT Goa,EE,,SC,5,424,424
IIT Goa,EE,,EWS,5,429,429
IIT Goa,MST,,GEN,5,440,464
IIT Goa,MST,,OBC,5,421,421
IIT Goa,ME,,GEN,5,392,508
IIT Goa,ME,,OBC,5,351,470
IIT Goa,ME,,SC,5,352,355
IIT Goa,ME,,EWS,5,397,397
IIT Goa,Ch.E,,GEN,5,374,389
IIT Goa,Ch.E,,OBC,5,359,359
IIT Goa,CSE,,GEN,6,668,684
IIT Goa,CSE,,OBC,6,661,668
IIT Goa,CSE,,SC,6,572,572
IIT Goa,CSE,,EWS,6,661,661
IIT Goa,EE,,GEN,6,464,555
IIT Goa,EE,,OBC,6,460,467
IIT Goa,EE,,SC,6,414,414
IIT Goa,EE,,EWS,6,421,421
IIT Goa,MST,,GEN,6,412,431
IIT Goa,MST,,OBC,6,410,410
IIT Goa,ME,,GEN,6,375,470
IIT Goa,ME,,OBC,6,445,456
IIT Goa,ME,,SC,6,307,342
IIT Goa,Ch.E,,GEN,6,359,374
IIT Goa,Ch.E,,OBC,6,356,356
IIT Goa,CSE,,GEN,7,647,681
IIT Goa,CSE,,OBC,7,658,661
IIT Goa,CSE,,SC,7,568,568
IIT Goa,CSE,,EWS,7,639,639
IIT Goa,EE,,GEN,7,459,549
IIT Goa,EE,,OBC,7,452,463
IIT Goa,EE,,SC,7,389,389
IIT Goa,EE,,EWS,7,413,413
IIT Goa,MST,,GEN,7,410,410
IIT Goa,MST,,OBC,7,408,408
IIT Goa,ME,,GEN,7,361,459
IIT Goa,ME,,OBC,7,424,435
IIT Goa,ME,,EWS,7,302,302
IIT Goa,Ch.E,,GEN,7,332,356
IIT Goa,Ch.E,,OBC,7,330,330
IIT Goa,CSE,,GEN,8,643,661
IIT Goa,CSE,,OBC,8,643,647
IIT Goa,CSE,,SC,8,564,564
IIT Goa,CSE,,EWS,8,622,622
IIT Goa,EE,,GEN,8,445,530
IIT Goa,EE,,OBC,8,459,459
IIT Goa,EE,,SC,8,385,385
IIT Goa,EE,,EWS,8,409,409
IIT Goa,MST,,GEN,8,409,409
IIT Goa,MST,,OBC,8,392,392
IIT Goa,ME,,GEN,8,293,445
IIT Goa,ME,,OBC,8,390,411
IIT Goa,ME,,SC,8,296,300
IIT Goa,Ch.E,,GEN,8,310,320
IIT Goa,Ch.E,,OBC,8,298,298
IIT Goa,CSE,,GEN,9,622,650
IIT Goa,CSE,,OBC,9,635,643
IIT Goa,CSE,,SC,9,546,546
IIT Goa,CSE,,EWS,9,614,614
IIT Goa,EE,,GEN,9,441,502
IIT Goa,EE,,OBC,9,445,452
IIT Goa,EE,,SC,9,362,362
IIT Goa,EE,,EWS,9,405,405
IIT Goa,MST,,GEN,9,400,400
IIT Goa,MST,,OBC,9,377,377
IIT Goa,ME,,GEN,9,236,435
IIT Goa,ME,,OBC,9,383,390
IIT Goa,ME,,SC,9,281,286
IIT Goa,Ch.E,,GEN,9,237,273
IIT Goa,CSE,,GEN,10,618,641
IIT Goa,CSE,,OBC,10,622,622
IIT Goa,CSE,,EWS,10,602,602
IIT Goa,EE,,GEN,10,437,502
IIT Goa,EE,,OBC,10,441,448
IIT Goa,EE,,SC,10,362,362
IIT Goa,EE,,EWS,10,401,401
IIT Goa,MST,,OBC,10,376,376
IIT Goa,ME,,GEN,10,424,428
IIT Goa,ME,,OBC,10,373,379
IIT Goa,ME,,SC,10,276,279
IIT Goa,Ch.E,,GEN,10,227,227
IIT Delhi,AMA,ALL,GEN,1,511,511
IIT Delhi,AMA,ALL,EWS,1,563,563
IIT Delhi,AMA,ALL,OBC,1,543,543
IIT Delhi,AMA,ALL,SC,1,369,369
IIT Delhi,AMA,ALL,ST,1,314,314
IIT Delhi,AIB,,GEN,1,720,720
IIT Delhi,AIB,,EWS,1,680,680
IIT Delhi,AIB,,OBC,1,640,640
IIT Delhi,AIB,,SC,1,470,470
IIT Delhi,AIB,,ST,1,300,300
IIT Delhi,AIB,,PwD,1,200,200
IIT Delhi,BMT,,GEN,1,450,450
IIT Delhi,BMT,,EWS,1,450,450
IIT Delhi,BMT,,OBC,1,427,427
IIT Delhi,BMT,,SC,1,405,405
IIT Delhi,BMT,,ST,1,405,405
IIT Delhi,BMT,,PwD,1,405,405
IIT Delhi,CRF,,GEN,1,630,630
IIT Delhi,CRF,,EWS,1,600,600
IIT Delhi,CRF,,OBC,1,590,590
IIT Delhi,CRF,,SC,1,375,375
IIT Delhi,CRF,,ST,1,300,300
IIT Delhi,CRF,,PwD,1,319,319
IIT Delhi,AST,"XE with optional paper H, CY,PH,MA,ST,GG,AG,CE,CH,ME,AE,PI,MN,ES,GE,NM,XE",GEN,1,472,472
IIT Delhi,AST,"XE with optional paper H, CY,PH,MA,ST,GG,AG,CE,CH,ME,AE,PI,MN,ES,GE,NM,XE",OBC,1,422,422
IIT Delhi,AST,"XE with optional paper H, CY,PH,MA,ST,GG,AG,CE,CH,ME,AE,PI,MN,ES,GE,NM,XE",SC,1,379,379
IIT Delhi,CYM,IIT graduates with CGPA >=8 are exempted,GEN,1,430,430
IIT Delhi,CYM,IIT graduates with CGPA >=8 are exempted,OBC,1,371,371
IIT Delhi,CYM,IIT graduates with CGPA >=8 are exempted,SC,1,217,217
IIT Delhi,CHE,,GEN,1,497,497
IIT Delhi,CHE,,EWS,1,511,511
IIT Delhi,CHE,,OBC,1,408,408
IIT Delhi,CHE,,SC,1,301,301
IIT Delhi,CHE,,ST,1,310,310
IIT Delhi,CET,,GEN,1,639,639
IIT Delhi,CET,,EWS,1,662,662
IIT Delhi,CET,,OBC,1,636,636
IIT Delhi,CET,,SC,1,535,535
IIT Delhi,CET,,ST,1,321,321
IIT Delhi,CET,,PwD,1,344,344
IIT Delhi,CEV,,GEN,1,607,607
IIT Delhi,CEV,,OBC,1,571,571
IIT Delhi,CEV,,SC,1,520,520
IIT Delhi,CEU,IIT graduates with CGPA >=8 are exempted,GEN,1,475,475
IIT Delhi,CEU,IIT graduates with CGPA >=8 are exempted,EWS,1,475,475
IIT Delhi,CEU,IIT graduates with CGPA >=8 are exempted,OBC,1,475,475
IIT Delhi,CEU,IIT graduates with CGPA >=8 are exempted,SC,1,425,425
IIT Delhi,CEU,IIT graduates with CGPA >=8 are exempted,ST,1,425,425
IIT Delhi,CEG,,GEN,1,524,524
IIT Delhi,CEG,,EWS,1,469,469
IIT Delhi,CEG,,OBC,1,502,502
IIT Delhi,CEG,,SC,1,520,520
IIT Delhi,CEG,,ST,1,325,325
IIT Delhi,CES,IIT graduates with CGPA >=8 are exempted,GEN,1,624,624
IIT Delhi,CES,IIT graduates with CGPA >=8 are exempted,EWS,1,677,677
IIT Delhi,CES,IIT graduates with CGPA >=8 are exempted,OBC,1,618,618
IIT Delhi,CES,IIT graduates with CGPA >=8 are exempted,SC,1,517,517
IIT Delhi,CES,IIT graduates with CGPA >=8 are exempted,ST,1,389,389
IIT Delhi,CEW,,GEN,1,509,509
IIT Delhi,CEW,,EWS,1,569,569
IIT Delhi,CEW,,OBC,1,461,461
IIT Delhi,CEW,,SC,1,509,509
IIT Delhi,CEW,,ST,1,412,412
IIT Delhi,CEP,,GEN,1,632,632
IIT Delhi,CEP,,OBC,1,625,625
IIT Delhi,CEP,,SC,1,488,488
IIT Delhi,MCS,CS,GEN,1,800,800
IIT Delhi,MCS,CS,EWS,1,815,815
IIT Delhi,MCS,CS,OBC,1,718,718
IIT Delhi,MCS,CS,SC,1,589,589
IIT Delhi,MCS,CS,ST,1,556,556
IIT Delhi,MCS,CS,PwD,1,784,784
IIT Delhi,EEE,EC,GEN,1,596,596
IIT Delhi,EEE,EC,EWS,1,608,608
IIT Delhi,EEE,EC,OBC,1,600,600
IIT Delhi,EEE,EC,SC,1,397,397
IIT Delhi,EET,CS/DA/EC,GEN,1,760,760
IIT Delhi,EET,CS/DA/EC,EWS,1,761,761
IIT Delhi,EET,CS/DA/EC,OBC,1,718,718
IIT Delhi,EET,CS/DA/EC,SC,1,552,552
IIT Delhi,EET,CS/DA/EC,ST,1,440,440
IIT Delhi,EEA,AE/BM/BT/CH/SC/EC/EE/IN/ME,GEN,1,635,635
IIT Delhi,EEA,AE/BM/BT/CH/SC/EC/EE/IN/ME,EWS,1,543,543
IIT Delhi,EEA,AE/BM/BT/CH/SC/EC/EE/IN/ME,OBC,1,571,571
IIT Delhi,EEA,AE/BM/BT/CH/SC/EC/EE/IN/ME,SC,1,452,452
IIT Delhi,EEN,CS/DA/EE/EC/IN/PH,GEN,1,772,772
IIT Delhi,EEN,CS/DA/EE/EC/IN/PH,EWS,1,788,788
IIT Delhi,EEN,CS/DA/EE/EC/IN/PH,OBC,1,721,721
IIT Delhi,EEN,CS/DA/EE/EC/IN/PH,SC,1,512,512
IIT Delhi,EEN,CS/DA/EE/EC/IN/PH,ST,1,413,413
IIT Delhi,EEP,EE/EC/IN,GEN,1,614,614
IIT Delhi,EEP,EE/EC/IN,EWS,1,519,519
IIT Delhi,EEP,EE/EC/IN,OBC,1,547,547
IIT Delhi,EEP,EE/EC/IN,SC,1,393,393
IIT Delhi,EEP,EE/EC/IN,ST,1,346,346
IIT Delhi,EES,EE,GEN,1,582,582
IIT Delhi,EES,EE,EWS,1,504,504
IIT Delhi,EES,EE,OBC,1,515,515
IIT Delhi,EES,EE,SC,1,496,496
IIT Delhi,MEM,ME and PI,GEN,1,746,746
IIT Delhi,MEM,ME and PI,EWS,1,615,615
IIT Delhi,MEM,ME and PI,OBC,1,715,715
IIT Delhi,MEM,ME and PI,SC,1,497,497
IIT Delhi,MEM,ME and PI,ST,1,359,359
IIT Delhi,MEM,ME and PI,PwD,1,352,352
IIT Delhi,MEE,ALL,GEN,1,715,715
IIT Delhi,MEE,ALL,EWS,1,700,700
IIT Delhi,MEE,ALL,OBC,1,628,628
IIT Delhi,MEE,ALL,SC,1,380,380
IIT Delhi,MEE,ALL,ST,1,290,290
IIT Delhi,MEE,ALL,PwD,1,255,255
IIT Delhi,MEP,ME and PI,GEN,1,511,511
IIT Delhi,MEP,ME and PI,EWS,1,461,461
IIT Delhi,MEP,ME and PI,OBC,1,504,504
IIT Delhi,MEP,ME and PI,SC,1,361,361
IIT Delhi,MEP,ME and PI,ST,1,266,266
IIT Delhi,MET,ME and PI,GEN,1,632,632
IIT Delhi,MET,ME and PI,EWS,1,504,504
IIT Delhi,MET,ME and PI,OBC,1,539,539
IIT Delhi,MET,ME and PI,SC,1,428,428
IIT Delhi,MET,ME and PI,ST,1,318,318
IIT Delhi,MSM,Materials,ST,1,323,323
IIT Delhi,PHA,Physics,GEN,1,403,403
IIT Delhi,PHA,Physics,EWS,1,423,423
IIT Delhi,PHA,Physics,OBC,1,368,368
IIT Delhi,PHA,Physics,SC,1,268,268
IIT Delhi,PHM,physics,GEN,1,448,448
IIT Delhi,PHM,physics,EWS,1,423,423
IIT Delhi,PHM,physics,OBC,1,370,370
IIT Delhi,PHM,physics,SC,1,273,273
IIT Delhi,PHM,physics,ST,1,288,288
IIT Delhi,TTE,,GEN,1,429,429
IIT Delhi,TTE,,EWS,1,486,486
IIT Delhi,TTE,,OBC,1,378,378
IIT Delhi,TTE,,SC,1,406,406
IIT Delhi,TTE,,ST,1,269,269
IIT Delhi,TTP,,GEN,1,373,373
IIT Delhi,ESN,B.TECH/B.E,GEN,1,500,500
IIT Delhi,ESN,B.TECH/B.E,EWS,1,500,500
IIT Delhi,ESN,B.TECH/B.E,OBC,1,500,500
IIT Delhi,ESN,B.TECH/B.E,SC,1,300,300
IIT Delhi,ESN,B.TECH/B.E,ST,1,300,300
IIT Delhi,ESN,B.TECH/B.E,PwD,1,300,300
IIT Delhi,JID,Electectonics,GEN,1,583,583
IIT Delhi,JID,Electectonics,OBC,1,553,553
IIT Delhi,JID,Electectonics,SC,1,455,455
IIT Delhi,JOP,Physics,GEN,1,528,528
IIT Delhi,JOP,Physics,EWS,1,513,513
IIT Delhi,JOP,Physics,OBC,1,373,373
IIT Delhi,JOP,Physics,SC,1,290,290
IIT Delhi,JTM,GATE,GEN,1,616,616
IIT Delhi,JTM,GATE,EWS,1,622,622
IIT Delhi,JTM,GATE,OBC,1,508,508
IIT Delhi,JTM,GATE,SC,1,385,385
IIT Delhi,JTM,GATE,ST,1,314,314
IIT Delhi,JCS,GATE,GEN,1,761,761
IIT Delhi,JCS,GATE,EWS,1,731,731
IIT Delhi,JCS,GATE,OBC,1,710,710
IIT Delhi,JCS,GATE,SC,1,564,564
IIT Delhi,JRB,GATE,GEN,1,675,675
IIT Delhi,JRB,GATE,OBC,1,652,652
IIT Delhi,JRB,GATE,SC,1,486,486
IIT Delhi,JVL,EC,GEN,1,710,710
IIT Delhi,JVL,EC,OBC,1,842,842
IIT Delhi,CTE,ME,OBC,1,535,535
IIT Delhi,CTE,ME,ST,1,437,437
IIT Delhi,BEM,Valid GATE Score in Life Sciences or Biotechnology or CHemical Engg.,GEN,1,793,793
IIT Delhi,BEM,Valid GATE Score in Life Sciences or Biotechnology or CHemical Engg.,EWS,1,676,676
IIT Delhi,BEM,Valid GATE Score in Life Sciences or Biotechnology or CHemical Engg.,OBC,1,669,669
IIT Delhi,BEM,Valid GATE Score in Life Sciences or Biotechnology or CHemical Engg.,SC,1,441,441
IIT Delhi,BEM,Valid GATE Score in Life Sciences or Biotechnology or CHemical Engg.,ST,1,342,342
IIT Delhi,AMA,ALL,GEN,2,511,511
IIT Delhi,AMA,ALL,OBC,2,543,543
IIT Delhi,AIB,,EWS,2,760,760
IIT Delhi,AIB,,OBC,2,694,694
IIT Delhi,BMT,,GEN,2,424,424
IIT Delhi,BMT,,EWS,2,460,460
IIT Delhi,BMT,,OBC,2,534,534
IIT Delhi,AST,,GEN,2,464,464
IIT Delhi,AST,,OBC,2,370,370
IIT Delhi,AST,,SC,2,310,310
IIT Delhi,AST,,ST,2,304,304
IIT Delhi,CET,,GEN,2,592,592
IIT Delhi,CET,,OBC,2,509,509
IIT Delhi,CET,,ST,2,321,321
IIT Delhi,CEV,,GEN,2,426,426
IIT Delhi,CEV,,EWS,2,382,382
IIT Delhi,CEG,,GEN,2,464,464
IIT Delhi,CEG,,OBC,2,392,392
IIT Delhi,CES,,GEN,2,366,366
IIT Delhi,CES,,EWS,2,487,487
IIT Delhi,CES,,OBC,2,348,348
IIT Delhi,CES,,SC,2,434,434
IIT Delhi,CES,,ST,2,355,355
IIT Delhi,CEW,,OBC,2,404,404
IIT Delhi,CEW,,SC,2,393,393
IIT Delhi,CEP,,GEN,2,598,598
IIT Delhi,CEP,,SC,2,472,472
IIT Delhi,EEE,EC,GEN,2,593,593
IIT Delhi,EEE,EC,EWS,2,495,495
IIT Delhi,EEE,EC,OBC,2,568,568
IIT Delhi,EET,CS/DA/EC,GEN,2,752,752
IIT Delhi,EET,CS/DA/EC,OBC,2,711,711
IIT Delhi,EEA,AE/BM/BT/CH/SC/EC/EE/IN/ME,EWS,2,718,718
IIT Delhi,EEA,AE/BM/BT/CH/SC/EC/EE/IN/ME,OBC,2,562,562
IIT Delhi,EEA,AE/BM/BT/CH/SC/EC/EE/IN/ME,SC,2,444,444
IIT Delhi,EEN,CS/DA/EE/EC/IN/PH,GEN,2,767,767
IIT Delhi,EEN,CS/DA/EE/EC/IN/PH,OBC,2,689,689
IIT Delhi,EEP,EE/EC/IN,EWS,2,547,547
IIT Delhi,EEP,EE/EC/IN,SC,2,393,393
IIT Delhi,EES,EE,GEN,2,496,496
IIT Delhi,EES,EE,OBC,2,480,480
IIT Delhi,EES,EE,SC,2,425,425
IIT Delhi,MEE,ALL,GEN,2,668,668
IIT Delhi,MEE,ALL,OBC,2,626,626
IIT Delhi,MEE,ALL,ST,2,253,253
IIT Delhi,MEP,ME and PI,GEN,2,456,456
IIT Delhi,MEP,ME and PI,SC,2,359,359
IIT Delhi,MEP,ME and PI,ST,2,253,253
IIT Delhi,MET,ME and PI,GEN,2,546,546
IIT Delhi,MET,ME and PI,OBC,2,501,501
IIT Delhi,MET,ME and PI,SC,2,383,383
IIT Delhi,MET,ME and PI,ST,2,253,253
IIT Delhi,MSM,Metallurgical Engineering,GEN,2,362,362
IIT Delhi,PHM,,GEN,2,463,463
IIT Delhi,JOP,Electronics and Communication,GEN,2,526,526
IIT Delhi,JTM,,GEN,2,710,710
IIT Delhi,JTM,,OBC,2,531,531
IIT Delhi,JCS,,OBC,2,706,706
IIT Delhi,BEM,,GEN,2,613,613
IIT Patna,M.Tech Computer Science and Engineering,,GEN,1,747,747
IIT Patna,M.Tech Computer Science and Engineering,,GEN,2,743,743
IIT Patna,M.Tech Computer Science and Engineering,,GEN,3,735,735
IIT Patna,M.Tech Computer Science and Engineering,,GEN,4,731,731
IIT Patna,M.Tech Computer Science and Engineering,,GEN,5,727,727
IIT Patna,M.Tech Computer Science and Engineering,,GEN,6,722,722
IIT Patna,M.Tech Computer Science and Engineering,,GEN,7,718,718
IIT Patna,M.Tech Computer Science and Engineering,,GEN,8,714,714
IIT Patna,M.Tech Computer Science and Engineering,,GEN,9,710,710
IIT Patna,M.Tech Computer Science and Engineering,,GEN,10,704,704
IIT Patna,M.Tech Artificial Intelligence,,GEN,1,743,743
IIT Patna,M.Tech Artificial Intelligence,,GEN,2,734,734
IIT Patna,M.Tech Artificial Intelligence,,GEN,3,731,731
IIT Patna,M.Tech Artificial Intelligence,,GEN,4,731,731
IIT Patna,M.Tech Artificial Intelligence,,GEN,5,717,717
IIT Patna,M.Tech Artificial Intelligence,,GEN,6,706,706
IIT Patna,M.Tech Artificial Intelligence,,GEN,7,697,697
IIT Patna,M.Tech Artificial Intelligence,,GEN,8,693,693
IIT Patna,M.Tech Artificial Intelligence,,GEN,9,685,685
IIT Patna,M.Tech Artificial Intelligence,,GEN,10,681,681
IIT Patna,M.Tech Mathematics and Computing,,GEN,1,678,678
IIT Patna,M.Tech Mathematics and Computing,,GEN,2,668,668
IIT Patna,M.Tech Mathematics and Computing,,GEN,3,657,657
IIT Patna,M.Tech Mathematics and Computing,,GEN,4,635,635
IIT Patna,M.Tech Mathematics and Computing,,GEN,5,635,635
IIT Patna,M.Tech Mathematics and Computing,,GEN,6,627,627
IIT Patna,M.Tech Mathematics and Computing,,GEN,7,622,622
IIT Patna,M.Tech Mathematics and Computing,,GEN,8,618,618
IIT Patna,M.Tech Mathematics and Computing,,GEN,10,612,612
IIT Patna,M.Tech VLSI Design & Embedded System,,GEN,1,664,664
IIT Patna,M.Tech VLSI Design & Embedded System,,GEN,2,656,656
IIT Patna,M.Tech VLSI Design & Embedded System,,GEN,3,641,641
IIT Patna,M.Tech VLSI Design & Embedded System,,GEN,4,631,631
IIT Patna,M.Tech VLSI Design & Embedded System,,GEN,5,612,612
IIT Patna,M.Tech VLSI Design & Embedded System,,GEN,6,596,596
IIT Patna,M.Tech VLSI Design & Embedded System,,GEN,7,573,573
IIT Patna,M.Tech VLSI Design & Embedded System,,GEN,8,541,541
IIT Patna,M.Tech VLSI Design & Embedded System,,GEN,9,535,535
IIT Patna,M.Tech VLSI Design & Embedded System,,GEN,10,525,525
IIT Patna,M.Tech Mechanical Design,,GEN,1,573,573
IIT Patna,M.Tech Mechanical Design,,GEN,2,539,539
IIT Patna,M.Tech Mechanical Design,,GEN,3,526,526
IIT Patna,M.Tech Mechanical Design,,GEN,4,505,505
IIT Patna,M.Tech Mechanical Design,,GEN,5,470,470
IIT Patna,M.Tech Mechanical Design,,GEN,6,461,461
IIT Patna,M.Tech Mechanical Design,,GEN,7,449,449
IIT Patna,M.Tech Mechanical Design,,GEN,8,442,442
IIT Patna,M.Tech Mechanical Design,,GEN,9,425,425
IIT Patna,M.Tech Mechanical Design,,GEN,10,414,414
IIT Patna,M.Tech Thermal and Fluid Engineering,,GEN,1,566,566
IIT Patna,M.Tech Thermal and Fluid Engineering,,GEN,2,494,494
IIT Patna,M.Tech Thermal and Fluid Engineering,,GEN,3,470,470
IIT Patna,M.Tech Thermal and Fluid Engineering,,GEN,4,463,463
IIT Patna,M.Tech Thermal and Fluid Engineering,,GEN,5,452,452
IIT Patna,M.Tech Thermal and Fluid Engineering,,GEN,6,432,432
IIT Patna,M.Tech Thermal and Fluid Engineering,,GEN,7,421,421
IIT Patna,M.Tech Thermal and Fluid Engineering,,GEN,8,400,400
IIT Patna,M.Tech Thermal and Fluid Engineering,,GEN,9,400,400
IIT Patna,M.Tech Thermal and Fluid Engineering,,GEN,10,390,390
IIT Patna,M.Tech Transportation Engineering,,GEN,1,565,565
IIT Patna,M.Tech Transportation Engineering,,GEN,2,464,464
IIT Patna,M.Tech Transportation Engineering,,GEN,3,461,461
IIT Patna,M.Tech Transportation Engineering,,GEN,4,461,461
IIT Patna,M.Tech Transportation Engineering,,GEN,5,451,451
IIT Patna,M.Tech Transportation Engineering,,GEN,6,435,435
IIT Patna,M.Tech Transportation Engineering,,GEN,7,430,430
IIT Patna,M.Tech Transportation Engineering,,GEN,8,422,422
IIT Patna,M.Tech Transportation Engineering,,GEN,9,412,412
IIT Patna,M.Tech Transportation Engineering,,GEN,10,412,412
IIT Patna,M.Tech. Mechatronics,,GEN,1,561,561
IIT Patna,M.Tech. Mechatronics,,GEN,2,490,490
IIT Patna,M.Tech. Mechatronics,,GEN,3,483,483
IIT Patna,M.Tech. Mechatronics,,GEN,4,477,477
IIT Patna,M.Tech. Mechatronics,,GEN,5,459,459
IIT Patna,M.Tech. Mechatronics,,GEN,6,432,432
IIT Patna,M.Tech. Mechatronics,,GEN,7,415,415
IIT Patna,M.Tech. Mechatronics,,GEN,8,396,396
IIT Patna,M.Tech. Mechatronics,,GEN,9,387,387
IIT Patna,M.Tech. Mechatronics,,GEN,10,366,366
IIT Patna,M.Tech Structural Engineering,,GEN,1,547,547
IIT Patna,M.Tech Structural Engineering,,GEN,2,520,520
IIT Patna,M.Tech Structural Engineering,,GEN,3,505,505
IIT Patna,M.Tech Structural Engineering,,GEN,4,499,499
IIT Patna,M.Tech Structural Engineering,,GEN,5,488,488
IIT Patna,M.Tech Structural Engineering,,GEN,6,464,464
IIT Patna,M.Tech Structural Engineering,,GEN,7,460,460
IIT Patna,M.Tech Structural Engineering,,GEN,8,454,454
IIT Patna,M.Tech Structural Engineering,,GEN,9,454,454
IIT Patna,M.Tech Structural Engineering,,GEN,10,447,447
IIT Patna,M.Tech Power System & Control,,GEN,1,539,539
IIT Patna,M.Tech Power System & Control,,GEN,2,527,527
IIT Patna,M.Tech Power System & Control,,GEN,3,508,508
IIT Patna,M.Tech Power System & Control,,GEN,4,492,492
IIT Patna,M.Tech Power System & Control,,GEN,5,460,460
IIT Patna,M.Tech Power System & Control,,GEN,6,445,445
IIT Patna,M.Tech Power System & Control,,GEN,7,429,429
IIT Patna,M.Tech Communication Systems,,GEN,1,534,534
IIT Patna,M.Tech Communication Systems,,GEN,2,530,530
IIT Patna,M.Tech Communication Systems,,GEN,3,506,506
IIT Patna,M.Tech Communication Systems,,GEN,4,479,479
IIT Patna,M.Tech Communication Systems,,GEN,5,459,459
IIT Patna,M.Tech Communication Systems,,GEN,6,436,436
IIT Patna,M.Tech Communication Systems,,GEN,7,428,428
IIT Patna,M.Tech Communication Systems,,GEN,8,426,426
IIT Patna,M.Tech Geotechnical Engineering,,GEN,1,513,513
IIT Patna,M.Tech Geotechnical Engineering,,GEN,2,464,464
IIT Patna,M.Tech Geotechnical Engineering,,GEN,3,461,461
IIT Patna,M.Tech Geotechnical Engineering,,GEN,4,451,451
IIT Patna,M.Tech Geotechnical Engineering,,GEN,5,450,450
IIT Patna,M.Tech Geotechnical Engineering,,GEN,6,434,434
IIT Patna,M.Tech Geotechnical Engineering,,GEN,7,412,412
IIT Patna,M.Tech Geotechnical Engineering,,GEN,8,397,397
IIT Patna,M.Tech Geotechnical Engineering,,GEN,9,389,389
IIT Patna,M.Tech Geotechnical Engineering,,GEN,10,382,382
IIT Patna,M.Tech Environmental Engineering,,GEN,1,498,498
IIT Patna,M.Tech Environmental Engineering,,GEN,2,460,460
IIT Patna,M.Tech Environmental Engineering,,GEN,3,450,450
IIT Patna,M.Tech Environmental Engineering,,GEN,4,442,442
IIT Patna,M.Tech Environmental Engineering,,GEN,5,438,438
IIT Patna,M.Tech Environmental Engineering,,GEN,6,430,430
IIT Patna,M.Tech Environmental Engineering,,GEN,7,424,424
IIT Patna,M.Tech Environmental Engineering,,GEN,8,412,412
IIT Patna,M.Tech Environmental Engineering,,GEN,9,412,412
IIT Patna,M.Tech Environmental Engineering,,GEN,10,404,404
IIT Patna,M.Tech. Advanced Manufacturing,,GEN,1,490,490
IIT Patna,M.Tech. Advanced Manufacturing,,GEN,2,449,449
IIT Patna,M.Tech. Advanced Manufacturing,,GEN,3,442,442
IIT Patna,M.Tech. Advanced Manufacturing,,GEN,4,411,411
IIT Patna,M.Tech. Advanced Manufacturing,,GEN,5,390,390
IIT Patna,M.Tech. Advanced Manufacturing,,GEN,6,362,362
IIT Patna,M.Tech. Advanced Manufacturing,,GEN,7,352,352
IIT Patna,M.Tech. Advanced Manufacturing,,GEN,8,261,261
IIT Patna,M.Tech. Advanced Manufacturing,,GEN,9,338,338
IIT Patna,M.Tech. Advanced Manufacturing,,GEN,10,236,236
IIT Patna,M.Tech Material Science and Engineering,,GEN,1,463,463
IIT Patna,M.Tech Material Science and Engineering,,GEN,2,441,441
IIT Patna,M.Tech Material Science and Engineering,,GEN,3,410,410
IIT Patna,M.Tech Material Science and Engineering,,GEN,4,389,389
IIT Patna,M.Tech Material Science and Engineering,,GEN,5,383,383
IIT Patna,M.Tech Material Science and Engineering,,GEN,6,372,372
IIT Patna,M.Tech Material Science and Engineering,,GEN,7,356,356
IIT Patna,M.Tech Material Science and Engineering,,GEN,8,311,311
IIT Patna,M.Tech Material Science and Engineering,,GEN,9,218,218
IIT Patna,M.Tech Chemical Engineering,,GEN,1,454,454
IIT Patna,M.Tech Chemical Engineering,,GEN,2,394,394
IIT Patna,M.Tech Chemical Engineering,,GEN,3,370,370
IIT Patna,M.Tech Chemical Engineering,,GEN,4,364,364
IIT Patna,M.Tech Chemical Engineering,,GEN,5,359,359
IIT Patna,M.Tech Chemical Engineering,,GEN,6,356,356
IIT Patna,M.Tech Chemical Engineering,,GEN,7,242,242
IIT Patna,M.Tech Rock Engineering and Underground Structures,,GEN,1,445,445
IIT Patna,M.Tech Rock Engineering and Underground Structures,,GEN,2,412,412
IIT Patna,M.Tech Rock Engineering and Underground Structures,,GEN,3,400,400
IIT Patna,M.Tech Rock Engineering and Underground Structures,,GEN,4,389,389
IIT Patna,M.Tech Rock Engineering and Underground Structures,,GEN,5,292,292
IIT Patna,M.Tech Rock Engineering and Underground Structures,,GEN,6,247,247
IIT Patna,M.Tech Computer Science and Engineering,,OBC,1,710,710
IIT Patna,M.Tech Computer Science and Engineering,,OBC,2,708,708
IIT Patna,M.Tech Computer Science and Engineering,,OBC,3,706,706
IIT Patna,M.Tech Computer Science and Engineering,,OBC,4,694,694
IIT Patna,M.Tech Computer Science and Engineering,,OBC,5,691,691
IIT Patna,M.Tech Computer Science and Engineering,,OBC,6,684,684
IIT Patna,M.Tech Computer Science and Engineering,,OBC,7,679,679
IIT Patna,M.Tech Artificial Intelligence,,OBC,1,708,708
IIT Patna,M.Tech Artificial Intelligence,,OBC,2,698,698
IIT Patna,M.Tech Artificial Intelligence,,OBC,3,690,690
IIT Patna,M.Tech Artificial Intelligence,,OBC,4,685,685
IIT Patna,M.Tech Artificial Intelligence,,OBC,5,681,681
IIT Patna,M.Tech Artificial Intelligence,,OBC,6,664,664
IIT Patna,M.Tech Artificial Intelligence,,OBC,7,661,661
IIT Patna,M.Tech Artificial Intelligence,,OBC,8,656,656
IIT Patna,M.Tech Artificial Intelligence,,OBC,9,655,655
IIT Patna,M.Tech Artificial Intelligence,,OBC,10,339,339
IIT Patna,M.Tech Mathematics and Computing,,OBC,1,632,632
IIT Patna,M.Tech Mathematics and Computing,,OBC,2,627,627
IIT Patna,M.Tech Mathematics and Computing,,OBC,3,627,627
IIT Patna,M.Tech Mathematics and Computing,,OBC,4,622,622
IIT Patna,M.Tech Mathematics and Computing,,OBC,5,618,618
IIT Patna,M.Tech Mathematics and Computing,,OBC,6,602,602
IIT Patna,M.Tech Mathematics and Computing,,OBC,7,597,597
IIT Patna,M.Tech Mathematics and Computing,,OBC,8,595,595
IIT Patna,M.Tech VLSI Design & Embedded System,,OBC,1,584,584
IIT Patna,M.Tech VLSI Design & Embedded System,,OBC,2,574,574
IIT Patna,M.Tech VLSI Design & Embedded System,,OBC,3,573,573
IIT Patna,M.Tech VLSI Design & Embedded System,,OBC,4,571,571
IIT Patna,M.Tech VLSI Design & Embedded System,,OBC,5,565,565
IIT Patna,M.Tech VLSI Design & Embedded System,,OBC,6,553,553
IIT Patna,M.Tech VLSI Design & Embedded System,,OBC,7,539,539
IIT Patna,M.Tech VLSI Design & Embedded System,,OBC,8,527,527
IIT Patna,M.Tech VLSI Design & Embedded System,,OBC,9,519,519
IIT Patna,M.Tech VLSI Design & Embedded System,,OBC,10,299,299
IIT Patna,M.Tech Mechanical Design,,OBC,1,528,528
IIT Patna,M.Tech Mechanical Design,,OBC,2,508,508
IIT Patna,M.Tech Mechanical Design,,OBC,3,490,490
IIT Patna,M.Tech Mechanical Design,,OBC,4,478,478
IIT Patna,M.Tech Mechanical Design,,OBC,5,466,466
IIT Patna,M.Tech Mechanical Design,,OBC,6,456,456
IIT Patna,M.Tech Mechanical Design,,OBC,7,442,442
IIT Patna,M.Tech Mechanical Design,,OBC,8,434,434
IIT Patna,M.Tech Mechanical Design,,OBC,9,414,414
IIT Patna,M.Tech Structural Engineering,,OBC,1,520,520
IIT Patna,M.Tech Structural Engineering,,OBC,2,520,520
IIT Patna,M.Tech Structural Engineering,,OBC,3,520,520
IIT Patna,M.Tech Structural Engineering,,OBC,4,472,472
IIT Patna,M.Tech Structural Engineering,,OBC,5,472,472
IIT Patna,M.Tech Structural Engineering,,OBC,6,450,450
IIT Patna,M.Tech Structural Engineering,,OBC,7,429,429
IIT Patna,M.Tech Structural Engineering,,OBC,8,422,422
IIT Patna,M.Tech Thermal and Fluid Engineering,,OBC,1,515,515
IIT Patna,M.Tech Thermal and Fluid Engineering,,OBC,2,452,452
IIT Patna,M.Tech Thermal and Fluid Engineering,,OBC,3,445,445
IIT Patna,M.Tech Thermal and Fluid Engineering,,OBC,4,437,437
IIT Patna,M.Tech Thermal and Fluid Engineering,,OBC,5,434,434
IIT Patna,M.Tech Thermal and Fluid Engineering,,OBC,6,418,418
IIT Patna,M.Tech Thermal and Fluid Engineering,,OBC,7,380,380
IIT Patna,M.Tech Thermal and Fluid Engineering,,OBC,8,397,397
IIT Patna,M.Tech Thermal and Fluid Engineering,,OBC,9,396,396
IIT Patna,M.Tech. Mechatronics,,OBC,1,494,494
IIT Patna,M.Tech. Mechatronics,,OBC,2,477,477
IIT Patna,M.Tech. Mechatronics,,OBC,3,473,473
IIT Patna,M.Tech. Mechatronics,,OBC,4,461,461
IIT Patna,M.Tech. Mechatronics,,OBC,5,461,461
IIT Patna,M.Tech. Mechatronics,,OBC,6,428,428
IIT Patna,M.Tech. Mechatronics,,OBC,7,400,400
IIT Patna,M.Tech. Mechatronics,,OBC,8,389,389
IIT Patna,M.Tech. Mechatronics,,OBC,9,373,373
IIT Patna,M.Tech Power System & Control,,OBC,1,488,488
IIT Patna,M.Tech Power System & Control,,OBC,2,488,488
IIT Patna,M.Tech Power System & Control,,OBC,3,488,488
IIT Patna,M.Tech Power System & Control,,OBC,4,476,476
IIT Patna,M.Tech Power System & Control,,OBC,5,448,448
IIT Patna,M.Tech Power System & Control,,OBC,6,441,441
IIT Patna,M.Tech Transportation Engineering,,OBC,1,484,484
IIT Patna,M.Tech Transportation Engineering,,OBC,2,464,464
IIT Patna,M.Tech Transportation Engineering,,OBC,3,464,464
IIT Patna,M.Tech Transportation Engineering,,OBC,4,445,445
IIT Patna,M.Tech Transportation Engineering,,OBC,5,442,442
IIT Patna,M.Tech Transportation Engineering,,OBC,6,434,434
IIT Patna,M.Tech Transportation Engineering,,OBC,7,423,423
IIT Patna,M.Tech Transportation Engineering,,OBC,8,415,415
IIT Patna,M.Tech Communication Systems,,OBC,1,471,471
IIT Patna,M.Tech Communication Systems,,OBC,2,459,459
IIT Patna,M.Tech Communication Systems,,OBC,3,459,459
IIT Patna,M.Tech Communication Systems,,OBC,4,456,456
IIT Patna,M.Tech Communication Systems,,OBC,5,448,448
IIT Patna,M.Tech Communication Systems,,OBC,6,432,432
IIT Patna,M.Tech Communication Systems,,OBC,7,405,405
IIT Patna,M.Tech Communication Systems,,OBC,8,401,401
IIT Patna,M.Tech Communication Systems,,OBC,9,389,389
IIT Patna,M.Tech Geotechnical Engineering,,OBC,1,465,465
IIT Patna,M.Tech Geotechnical Engineering,,OBC,2,461,461
IIT Patna,M.Tech Geotechnical Engineering,,OBC,3,457,457
IIT Patna,M.Tech Geotechnical Engineering,,OBC,4,445,445
IIT Patna,M.Tech Geotechnical Engineering,,OBC,5,442,442
IIT Patna,M.Tech Geotechnical Engineering,,OBC,6,423,423
IIT Patna,M.Tech Geotechnical Engineering,,OBC,7,401,401
IIT Patna,M.Tech Geotechnical Engineering,,OBC,8,393,393
IIT Patna,M.Tech Geotechnical Engineering,,OBC,9,389,389
IIT Patna,M.Tech Environmental Engineering,,OBC,1,464,464
IIT Patna,M.Tech Environmental Engineering,,OBC,2,449,449
IIT Patna,M.Tech Environmental Engineering,,OBC,3,449,449
IIT Patna,M.Tech Environmental Engineering,,OBC,4,449,449
IIT Patna,M.Tech Environmental Engineering,,OBC,5,434,434
IIT Patna,M.Tech Environmental Engineering,,OBC,6,423,423
IIT Patna,M.Tech Environmental Engineering,,OBC,7,419,419
IIT Patna,M.Tech Environmental Engineering,,OBC,8,404,404
IIT Patna,M.Tech Environmental Engineering,,OBC,9,401,401
IIT Patna,M.Tech. Advanced Manufacturing,,OBC,1,445,445
IIT Patna,M.Tech. Advanced Manufacturing,,OBC,2,449,449
IIT Patna,M.Tech. Advanced Manufacturing,,OBC,3,438,438
IIT Patna,M.Tech. Advanced Manufacturing,,OBC,4,400,400
IIT Patna,M.Tech. Advanced Manufacturing,,OBC,5,368,368
IIT Patna,M.Tech. Advanced Manufacturing,,OBC,6,355,355
IIT Patna,M.Tech. Advanced Manufacturing,,OBC,7,342,342
IIT Patna,M.Tech Rock Engineering and Underground Structures,,OBC,1,422,422
IIT Patna,M.Tech Rock Engineering and Underground Structures,,OBC,2,422,422
IIT Patna,M.Tech Rock Engineering and Underground Structures,,OBC,3,422,422
IIT Patna,M.Tech Rock Engineering and Underground Structures,,OBC,4,322,322
IIT Patna,M.Tech Rock Engineering and Underground Structures,,OBC,5,322,322
IIT Patna,M.Tech Material Science and Engineering,,OBC,1,408,408
IIT Patna,M.Tech Material Science and Engineering,,OBC,2,393,393
IIT Patna,M.Tech Material Science and Engineering,,OBC,3,371,371
IIT Patna,M.Tech Material Science and Engineering,,OBC,4,366,366
IIT Patna,M.Tech Material Science and Engineering,,OBC,5,338,338
IIT Patna,M.Tech Material Science and Engineering,,OBC,6,330,330
IIT Patna,M.Tech Chemical Engineering,,OBC,1,369,369
IIT Patna,M.Tech Chemical Engineering,,OBC,2,320,320
IIT Patna,M.Tech Chemical Engineering,,OBC,3,320,320
IIT Patna,M.Tech Chemical Engineering,,OBC,4,320,320
IIT Patna,M.Tech Computer Science and Engineering,,SC,1,598,598
IIT Patna,M.Tech Computer Science and Engineering,,SC,2,572,572
IIT Patna,M.Tech Computer Science and Engineering,,SC,3,572,572
IIT Patna,M.Tech Computer Science and Engineering,,SC,4,572,572
IIT Patna,M.Tech Computer Science and Engineering,,SC,5,552,552
IIT Patna,M.Tech Computer Science and Engineering,,SC,6,531,531
IIT Patna,M.Tech Computer Science and Engineering,,SC,7,496,496
IIT Patna,M.Tech Artificial Intelligence,,SC,1,552,552
IIT Patna,M.Tech Artificial Intelligence,,SC,2,519,519
IIT Patna,M.Tech Artificial Intelligence,,SC,3,506,506
IIT Patna,M.Tech Artificial Intelligence,,SC,4,499,499
IIT Patna,M.Tech Artificial Intelligence,,SC,5,499,499
IIT Patna,M.Tech Artificial Intelligence,,SC,10,647,647
IIT Patna,M.Tech Power System & Control,,SC,1,515,515
IIT Patna,M.Tech Power System & Control,,SC,2,476,476
IIT Patna,M.Tech Power System & Control,,SC,3,413,413
IIT Patna,M.Tech Power System & Control,,SC,4,413,413
IIT Patna,M.Tech Power System & Control,,SC,5,389,389
IIT Patna,M.Tech Power System & Control,,SC,6,362,362
IIT Patna,M.Tech VLSI Design & Embedded System,,SC,1,495,495
IIT Patna,M.Tech VLSI Design & Embedded System,,SC,2,448,448
IIT Patna,M.Tech VLSI Design & Embedded System,,SC,3,436,436
IIT Patna,M.Tech VLSI Design & Embedded System,,SC,4,424,424
IIT Patna,M.Tech VLSI Design & Embedded System,,SC,5,412,412
IIT Patna,M.Tech VLSI Design & Embedded System,,SC,6,400,400
IIT Patna,M.Tech VLSI Design & Embedded System,,SC,7,385,385
IIT Patna,M.Tech VLSI Design & Embedded System,,SC,8,385,385
IIT Patna,M.Tech VLSI Design & Embedded System,,SC,9,370,370
IIT Patna,M.Tech VLSI Design & Embedded System,,SC,10,518,518
IIT Patna,M.Tech Thermal and Fluid Engineering,,SC,1,483,483
IIT Patna,M.Tech Thermal and Fluid Engineering,,SC,2,307,307
IIT Patna,M.Tech Thermal and Fluid Engineering,,SC,3,290,290
IIT Patna,M.Tech Thermal and Fluid Engineering,,SC,4,286,286
IIT Patna,M.Tech Thermal and Fluid Engineering,,SC,5,283,283
IIT Patna,M.Tech Thermal and Fluid Engineering,,SC,10,380,380
IIT Patna,M.Tech Mechanical Design,,SC,1,483,483
IIT Patna,M.Tech Mechanical Design,,SC,2,449,449
IIT Patna,M.Tech Mechanical Design,,SC,3,449,449
IIT Patna,M.Tech Mechanical Design,,SC,4,434,434
IIT Patna,M.Tech Mechanical Design,,SC,5,380,380
IIT Patna,M.Tech Mechanical Design,,SC,6,359,359
IIT Patna,M.Tech Mechanical Design,,SC,7,285,285
IIT Patna,M.Tech Mechanical Design,,SC,8,273,273
IIT Patna,M.Tech Mechanical Design,,SC,9,269,269
IIT Patna,M.Tech Mathematics and Computing,,SC,1,452,452
IIT Patna,M.Tech Mathematics and Computing,,SC,2,410,410
IIT Patna,M.Tech Mathematics and Computing,,SC,3,410,410
IIT Patna,M.Tech Mathematics and Computing,,SC,4,406,406
IIT Patna,M.Tech Mathematics and Computing,,SC,5,393,393
IIT Patna,M.Tech Environmental Engineering,,SC,1,434,434
IIT Patna,M.Tech Environmental Engineering,,SC,2,385,385
IIT Patna,M.Tech Environmental Engineering,,SC,3,385,385
IIT Patna,M.Tech Environmental Engineering,,SC,4,363,363
IIT Patna,M.Tech Environmental Engineering,,SC,5,344,344
IIT Patna,M.Tech Environmental Engineering,,SC,10,397,397
IIT Patna,M.Tech Structural Engineering,,SC,1,434,434
IIT Patna,M.Tech Structural Engineering,,SC,2,434,434
IIT Patna,M.Tech Structural Engineering,,SC,3,434,434
IIT Patna,M.Tech Structural Engineering,,SC,4,416,416
IIT Patna,M.Tech Structural Engineering,,SC,5,416,416
IIT Patna,M.Tech Structural Engineering,,SC,6,406,406
IIT Patna,M.Tech Structural Engineering,,SC,7,344,344
IIT Patna,M.Tech Transportation Engineering,,SC,1,434,434
IIT Patna,M.Tech Transportation Engineering,,SC,2,401,401
IIT Patna,M.Tech Transportation Engineering,,SC,3,401,401
IIT Patna,M.Tech Transportation Engineering,,SC,4,401,401
IIT Patna,M.Tech Geotechnical Engineering,,SC,1,430,430
IIT Patna,M.Tech Geotechnical Engineering,,SC,2,421,421
IIT Patna,M.Tech Geotechnical Engineering,,SC,10,378,378
IIT Patna,M.Tech Communication Systems,,SC,1,390,390
IIT Patna,M.Tech Communication Systems,,SC,2,385,385
IIT Patna,M.Tech Communication Systems,,SC,3,362,362
IIT Patna,M.Tech Communication Systems,,SC,4,358,358
IIT Patna,M.Tech Communication Systems,,SC,5,346,346
IIT Patna,M.Tech Communication Systems,,SC,6,346,346
IIT Patna,M.Tech Communication Systems,,SC,7,342,342
IIT Patna,M.Tech Communication Systems,,SC,8,340,340
IIT Patna,M.Tech Communication Systems,,SC,9,340,340
IIT Patna,M.Tech Communication Systems,,SC,10,370,370
IIT Patna,M.Tech Material Science and Engineering,,SC,1,340,340
IIT Patna,M.Tech Material Science and Engineering,,SC,2,310,310
IIT Patna,M.Tech Material Science and Engineering,,SC,3,280,280
IIT Patna,M.Tech Material Science and Engineering,,SC,4,280,280
IIT Patna,M.Tech Material Science and Engineering,,SC,5,245,245
IIT Patna,M.Tech Material Science and Engineering,,SC,6,232,232
IIT Patna,M.Tech. Mechatronics,,SC,1,340,340
IIT Patna,M.Tech. Mechatronics,,SC,2,325,325
IIT Patna,M.Tech. Mechatronics,,SC,3,302,302
IIT Patna,M.Tech. Mechatronics,,SC,4,285,285
IIT Patna,M.Tech. Mechatronics,,SC,5,273,273
IIT Patna,M.Tech. Mechatronics,,SC,6,273,273
IIT Patna,M.Tech. Mechatronics,,SC,7,266,266
IIT Patna,M.Tech. Mechatronics,,SC,8,259,259
IIT Patna,M.Tech Rock Engineering and Underground Structures,,SC,1,328,328
IIT Patna,M.Tech Rock Engineering and Underground Structures,,SC,2,314,314
IIT Patna,M.Tech Rock Engineering and Underground Structures,,SC,3,314,314
IIT Patna,M.Tech Rock Engineering and Underground Structures,,SC,4,314,314
IIT Patna,M.Tech. Advanced Manufacturing,,SC,1,307,307
IIT Patna,M.Tech. Advanced Manufacturing,,SC,2,307,307
IIT Patna,M.Tech. Advanced Manufacturing,,SC,3,297,297
IIT Patna,M.Tech. Advanced Manufacturing,,SC,4,286,286
IIT Patna,M.Tech. Advanced Manufacturing,,SC,5,273,273
IIT Patna,M.Tech. Advanced Manufacturing,,SC,6,266,266
IIT Patna,M.Tech. Advanced Manufacturing,,SC,7,262,262
IIT Patna,M.Tech. Advanced Manufacturing,,SC,8,259,259
IIT Patna,M.Tech. Advanced Manufacturing,,SC,9,259,259
IIT Patna,M.Tech Chemical Engineering,,SC,1,286,286
IIT Patna,M.Tech Chemical Engineering,,SC,2,286,286
IIT Patna,M.Tech Chemical Engineering,,SC,3,286,286
IIT Patna,M.Tech Chemical Engineering,,SC,4,271,271
IIT Patna,M.Tech Chemical Engineering,,SC,5,271,271
IIT Patna,M.Tech Chemical Engineering,,SC,6,247,247
IIT Patna,M.Tech Computer Science and Engineering,,ST,1,486,486
IIT Patna,M.Tech Computer Science and Engineering,,ST,2,436,436
IIT Patna,M.Tech Computer Science and Engineering,,ST,3,436,436
IIT Patna,M.Tech Computer Science and Engineering,,ST,4,418,418
IIT Patna,M.Tech Computer Science and Engineering,,ST,5,418,418
IIT Patna,M.Tech Artificial Intelligence,,ST,1,476,476
IIT Patna,M.Tech Artificial Intelligence,,ST,2,476,476
IIT Patna,M.Tech Artificial Intelligence,,ST,3,476,476
IIT Patna,M.Tech Artificial Intelligence,,ST,4,456,456
IIT Patna,M.Tech Artificial Intelligence,,ST,5,417,417
IIT Patna,M.Tech Artificial Intelligence,,ST,6,393,393
IIT Patna,M.Tech Artificial Intelligence,,ST,7,370,370
IIT Patna,M.Tech Artificial Intelligence,,ST,8,366,366
IIT Patna,M.Tech Artificial Intelligence,,ST,9,342,342
IIT Patna,M.Tech Power System & Control,,ST,1,433,433
IIT Patna,M.Tech Power System & Control,,ST,2,358,358
IIT Patna,M.Tech Power System & Control,,ST,3,346,346
IIT Patna,M.Tech Power System & Control,,ST,4,303,303
IIT Patna,M.Tech Power System & Control,,ST,5,303,303
IIT Patna,M.Tech Power System & Control,,ST,6,303,303
IIT Patna,M.Tech VLSI Design & Embedded System,,ST,1,433,433
IIT Patna,M.Tech VLSI Design & Embedded System,,ST,2,424,424
IIT Patna,M.Tech VLSI Design & Embedded System,,ST,3,358,358
IIT Patna,M.Tech VLSI Design & Embedded System,,ST,4,344,344
IIT Patna,M.Tech VLSI Design & Embedded System,,ST,5,342,342
IIT Patna,M.Tech VLSI Design & Embedded System,,ST,6,311,311
IIT Patna,M.Tech VLSI Design & Embedded System,,ST,10,370,370
IIT Patna,M.Tech Communication Systems,,ST,1,424,424
IIT Patna,M.Tech Communication Systems,,ST,2,307,307
IIT Patna,M.Tech Communication Systems,,ST,3,307,307
IIT Patna,M.Tech Communication Systems,,ST,4,307,307
IIT Patna,M.Tech Communication Systems,,ST,10,334,334
IIT Patna,M.Tech Chemical Engineering,,ST,1,364,364
IIT Patna,M.Tech Chemical Engineering,,ST,2,232,232
IIT Patna,M.Tech Chemical Engineering,,ST,3,220,220
IIT Patna,M.Tech Chemical Engineering,,ST,4,220,220
IIT Patna,M.Tech Environmental Engineering,,ST,1,364,364
IIT Patna,M.Tech Environmental Engineering,,ST,2,364,364
IIT Patna,M.Tech Environmental Engineering,,ST,3,364,364
IIT Patna,M.Tech Environmental Engineering,,ST,4,337,337
IIT Patna,M.Tech Environmental Engineering,,ST,5,287,287
IIT Patna,M.Tech Environmental Engineering,,ST,6,272,272
IIT Patna,M.Tech Geotechnical Engineering,,ST,1,340,340
IIT Patna,M.Tech Geotechnical Engineering,,ST,2,319,319
IIT Patna,M.Tech Geotechnical Engineering,,ST,3,303,303
IIT Patna,M.Tech Geotechnical Engineering,,ST,4,303,303
IIT Patna,M.Tech Geotechnical Engineering,,ST,5,303,303
IIT Patna,M.Tech Geotechnical Engineering,,ST,6,287,287
IIT Patna,M.Tech Geotechnical Engineering,,ST,10,344,344
IIT Patna,M.Tech Structural Engineering,,ST,1,325,325
IIT Patna,M.Tech Structural Engineering,,ST,2,325,325
IIT Patna,M.Tech Structural Engineering,,ST,3,319,319
IIT Patna,M.Tech Structural Engineering,,ST,4,319,319
IIT Patna,M.Tech Structural Engineering,,ST,5,319,319
IIT Patna,M.Tech Transportation Engineering,,ST,1,319,319
IIT Patna,M.Tech Transportation Engineering,,ST,2,319,319
IIT Patna,M.Tech Transportation Engineering,,ST,3,319,319
IIT Patna,M.Tech Transportation Engineering,,ST,4,287,287
IIT Patna,M.Tech Transportation Engineering,,ST,5,275,275
IIT Patna,M.Tech Transportation Engineering,,ST,6,273,273
IIT Patna,M.Tech Transportation Engineering,,ST,7,247,247
IIT Patna,M.Tech Mathematics and Computing,,ST,1,318,318
IIT Patna,M.Tech Mathematics and Computing,,ST,2,318,318
IIT Patna,M.Tech Mathematics and Computing,,ST,3,318,318
IIT Patna,M.Tech. Advanced Manufacturing,,ST,1,314,314
IIT Patna,M.Tech. Advanced Manufacturing,,ST,2,273,273
IIT Patna,M.Tech. Advanced Manufacturing,,ST,3,273,273
IIT Patna,M.Tech. Advanced Manufacturing,,ST,4,273,273
IIT Patna,M.Tech Thermal and Fluid Engineering,,ST,1,314,314
IIT Patna,M.Tech Mechanical Design,,ST,1,314,314
IIT Patna,M.Tech Mechanical Design,,ST,2,265,265
IIT Patna,M.Tech Mechanical Design,,ST,3,265,265
IIT Patna,M.Tech Mechanical Design,,ST,10,229,229
IIT Patna,M.Tech Material Science and Engineering,,ST,1,313,313
IIT Patna,M.Tech Material Science and Engineering,,ST,2,255,255
IIT Patna,M.Tech Material Science and Engineering,,ST,3,222,222
IIT Patna,M.Tech Rock Engineering and Underground Structures,,ST,1,256,256
IIT Patna,M.Tech Rock Engineering and Underground Structures,,ST,2,256,256
IIT Patna,M.Tech Rock Engineering and Underground Structures,,ST,3,256,256
IIT Patna,M.Tech. Mechatronics,,ST,1,256,256
IIT Patna,M.Tech. Mechatronics,,ST,2,256,256
IIT Patna,M.Tech. Mechatronics,,ST,3,256,256
IIT Patna,M.Tech Computer Science and Engineering,,EWS,1,727,727
IIT Patna,M.Tech Computer Science and Engineering,,EWS,2,727,727
IIT Patna,M.Tech Computer Science and Engineering,,EWS,3,727,727
IIT Patna,M.Tech Computer Science and Engineering,,EWS,4,718,718
IIT Patna,M.Tech Computer Science and Engineering,,EWS,5,718,718
IIT Patna,M.Tech Computer Science and Engineering,,EWS,6,711,711
IIT Patna,M.Tech Computer Science and Engineering,,EWS,7,710,710
IIT Patna,M.Tech Computer Science and Engineering,,EWS,8,702,702
IIT Patna,M.Tech Computer Science and Engineering,,EWS,9,698,698
IIT Patna,M.Tech Computer Science and Engineering,,EWS,10,689,689
IIT Patna,M.Tech Artificial Intelligence,,EWS,1,706,706
IIT Patna,M.Tech Artificial Intelligence,,EWS,2,704,704
IIT Patna,M.Tech Artificial Intelligence,,EWS,3,698,698
IIT Patna,M.Tech Artificial Intelligence,,EWS,4,690,690
IIT Patna,M.Tech Artificial Intelligence,,EWS,5,690,690
IIT Patna,M.Tech Artificial Intelligence,,EWS,6,678,678
IIT Patna,M.Tech Artificial Intelligence,,EWS,7,677,677
IIT Patna,M.Tech Mathematics and Computing,,EWS,1,658,658
IIT Patna,M.Tech Mathematics and Computing,,EWS,2,648,648
IIT Patna,M.Tech Mathematics and Computing,,EWS,3,648,648
IIT Patna,M.Tech Mathematics and Computing,,EWS,4,628,628
IIT Patna,M.Tech Mathematics and Computing,,EWS,5,628,628
IIT Patna,M.Tech VLSI Design & Embedded System,,EWS,1,616,616
IIT Patna,M.Tech VLSI Design & Embedded System,,EWS,2,596,596
IIT Patna,M.Tech VLSI Design & Embedded System,,EWS,3,584,584
IIT Patna,M.Tech VLSI Design & Embedded System,,EWS,4,561,561
IIT Patna,M.Tech VLSI Design & Embedded System,,EWS,5,561,561
IIT Patna,M.Tech VLSI Design & Embedded System,,EWS,6,557,557
IIT Patna,M.Tech VLSI Design & Embedded System,,EWS,7,548,548
IIT Patna,M.Tech VLSI Design & Embedded System,,EWS,8,538,538
IIT Patna,M.Tech VLSI Design & Embedded System,,EWS,9,534,534
IIT Patna,M.Tech VLSI Design & Embedded System,,EWS,10,522,522
IIT Patna,M.Tech Transportation Engineering,,EWS,1,517,517
IIT Patna,M.Tech Transportation Engineering,,EWS,2,517,517
IIT Patna,M.Tech Transportation Engineering,,EWS,3,517,517
IIT Patna,M.Tech Transportation Engineering,,EWS,4,450,450
IIT Patna,M.Tech Transportation Engineering,,EWS,5,427,427
IIT Patna,M.Tech Transportation Engineering,,EWS,6,412,412
IIT Patna,M.Tech Transportation Engineering,,EWS,7,382,382
IIT Patna,M.Tech Transportation Engineering,,EWS,8,378,378
IIT Patna,M.Tech Transportation Engineering,,EWS,9,347,347
IIT Patna,M.Tech Power System & Control,,EWS,1,500,500
IIT Patna,M.Tech Communication Systems,,EWS,1,491,491
IIT Patna,M.Tech Communication Systems,,EWS,2,491,491
IIT Patna,M.Tech Communication Systems,,EWS,3,491,491
IIT Patna,M.Tech Communication Systems,,EWS,4,424,424
IIT Patna,M.Tech Communication Systems,,EWS,5,420,420
IIT Patna,M.Tech Communication Systems,,EWS,6,397,397
IIT Patna,M.Tech Communication Systems,,EWS,7,362,362
IIT Patna,M.Tech Communication Systems,,EWS,8,350,350
IIT Patna,M.Tech Structural Engineering,,EWS,1,490,490
IIT Patna,M.Tech Structural Engineering,,EWS,2,450,450
IIT Patna,M.Tech Structural Engineering,,EWS,3,442,442
IIT Patna,M.Tech Structural Engineering,,EWS,4,430,430
IIT Patna,M.Tech Geotechnical Engineering,,EWS,1,479,479
IIT Patna,M.Tech Geotechnical Engineering,,EWS,2,479,479
IIT Patna,M.Tech Mechanical Design,,EWS,1,477,477
IIT Patna,M.Tech Mechanical Design,,EWS,2,473,473
IIT Patna,M.Tech Mechanical Design,,EWS,3,473,473
IIT Patna,M.Tech Mechanical Design,,EWS,4,469,469
IIT Patna,M.Tech Mechanical Design,,EWS,5,469,469
IIT Patna,M.Tech Mechanical Design,,EWS,6,461,461
IIT Patna,M.Tech. Advanced Manufacturing,,EWS,1,469,469
IIT Patna,M.Tech. Advanced Manufacturing,,EWS,2,445,445
IIT Patna,M.Tech. Advanced Manufacturing,,EWS,3,445,445
IIT Patna,M.Tech. Advanced Manufacturing,,EWS,4,400,400
IIT Patna,M.Tech. Advanced Manufacturing,,EWS,5,400,400
IIT Patna,M.Tech. Advanced Manufacturing,,EWS,6,359,359
IIT Patna,M.Tech Thermal and Fluid Engineering,,EWS,1,469,469
IIT Patna,M.Tech Thermal and Fluid Engineering,,EWS,2,469,469
IIT Patna,M.Tech Thermal and Fluid Engineering,,EWS,3,463,463
IIT Patna,M.Tech Thermal and Fluid Engineering,,EWS,4,445,445
IIT Patna,M.Tech Thermal and Fluid Engineering,,EWS,5,445,445
IIT Patna,M.Tech Thermal and Fluid Engineering,,EWS,6,362,362
IIT Patna,M.Tech Thermal and Fluid Engineering,,EWS,10,361,361
IIT Patna,M.Tech. Mechatronics,,EWS,1,463,463
IIT Patna,M.Tech. Mechatronics,,EWS,2,433,433
IIT Patna,M.Tech. Mechatronics,,EWS,3,433,433
IIT Patna,M.Tech. Mechatronics,,EWS,4,433,433
IIT Patna,M.Tech Rock Engineering and Underground Structures,,EWS,1,436,436
IIT Patna,M.Tech Rock Engineering and Underground Structures,,EWS,2,436,436
IIT Patna,M.Tech Rock Engineering and Underground Structures,,EWS,3,436,436
IIT Patna,M.Tech Environmental Engineering,,EWS,1,431,431
IIT Patna,M.Tech Environmental Engineering,,EWS,2,419,419
IIT Patna,M.Tech Environmental Engineering,,EWS,3,419,419
IIT Patna,M.Tech Environmental Engineering,,EWS,4,419,419
IIT Patna,M.Tech Environmental Engineering,,EWS,5,400,400
IIT Patna,M.Tech Material Science and Engineering,,EWS,1,385,385
IIT Patna,M.Tech Material Science and Engineering,,EWS,2,371,371
IIT Patna,M.Tech Material Science and Engineering,,EWS,3,358,358
IIT Patna,M.Tech Material Science and Engineering,,EWS,4,358,358
IIT Patna,M.Tech Material Science and Engineering,,EWS,5,358,358
IIT Patna,M.Tech Chemical Engineering,,EWS,1,320,320
IIT Patna,M.Tech Chemical Engineering,,EWS,2,320,320
IIT Patna,M.Tech Chemical Engineering,,EWS,3,320,320
IIT Patna,M.Tech Chemical Engineering,,EWS,4,310,310
IIT Patna,M.Tech Chemical Engineering,,EWS,5,310,310
IIT Dharwad,CSE,,GEN,1,747,718
IIT Dharwad,CSE,,EWS,1,675,664
IIT Dharwad,CSE,,OBC,1,714,664
IIT Dharwad,CSE,,SC,1,615,539
IIT Dharwad,CSE,,ST,1,529,486
IIT Dharwad,CSE,,PwD,1,443,443
IIT Dharwad,CSE,,GEN,2,714,689
IIT Dharwad,CSE,,EWS,2,661,661
IIT Dharwad,CSE,,OBC,2,661,651
IIT Dharwad,CSE,,SC,2,536,531
IIT Dharwad,CSE,,ST,2,452,418
IIT Dharwad,CSE,,GEN,3,688,681
IIT Dharwad,CSE,,EWS,3,658,658
IIT Dharwad,CSE,,OBC,3,648,639
IIT Dharwad,CSE,,SC,3,505,499
IIT Dharwad,CSE,,GEN,4,681,672
IIT Dharwad,CSE,,EWS,4,652,645
IIT Dharwad,CSE,,OBC,4,639,627
IIT Dharwad,CSE,,SC,4,473,460
IIT Dharwad,CSE,,GEN,5,674,664
IIT Dharwad,CSE,,EWS,5,639,639
IIT Dharwad,CSE,,OBC,5,625,625
IIT Dharwad,CSE,,SC,5,460,450
IIT Dharwad,CSE,,GEN,6,661,645
IIT Dharwad,CSE,,EWS,6,639,638
IIT Dharwad,CSE,,OBC,6,622,612
IIT Dharwad,CSE,,SC,6,440,431
IIT Dharwad,CSE,,GEN,7,643,635
IIT Dharwad,CSE,,EWS,7,632,631
IIT Dharwad,CSE,,OBC,7,610,605
IIT Dharwad,CSE,,SC,7,431,427
IIT Dharwad,CSE,,GEN,8,632,622
IIT Dharwad,CSE,,EWS,8,622,622
IIT Dharwad,CSE,,OBC,8,605,589
IIT Dharwad,CSE,,SC,8,418,410
IIT Dharwad,CSE,,GEN,9,622,614
IIT Dharwad,CSE,,EWS,9,605,605
IIT Dharwad,CSE,,OBC,9,589,585
IIT Dharwad,CSE,,SC,9,407,406
IIT Dharwad,CSE,,GEN,10,612,606
IIT Dharwad,CSE,,OBC,10,579,579
IIT Dharwad,CSE,,SC,10,404,404
IIT Dharwad,CSE,,GEN,11,678,643
IIT Dharwad,CSE,,EWS,11,651,638
IIT Dharwad,CSE,,OBC,11,572,568
IIT Dharwad,CSE,,SC,11,489,489
IIT Dharwad,CSPML,,GEN,1,635,561
IIT Dharwad,CSPML,,EWS,1,480,480
IIT Dharwad,CSPML,,OBC,1,559,510
IIT Dharwad,CSPML,,SC,1,456,448
IIT Dharwad,CSPML,,ST,1,307,307
IIT Dharwad,CSPML,,PwD,1,272,272
IIT Dharwad,CSPML,,GEN,2,549,543
IIT Dharwad,CSPML,,EWS,2,479,479
IIT Dharwad,CSPML,,OBC,2,508,471
IIT Dharwad,CSPML,,SC,2,421,397
IIT Dharwad,CSPML,,GEN,3,530,510
IIT Dharwad,CSPML,,EWS,3,456,456
IIT Dharwad,CSPML,,OBC,3,471,459
IIT Dharwad,CSPML,,SC,3,397,397
IIT Dharwad,CSPML,,ST,3,295,295
IIT Dharwad,CSPML,,GEN,4,508,499
IIT Dharwad,CSPML,,EWS,4,444,444
IIT Dharwad,CSPML,,OBC,4,456,456
IIT Dharwad,CSPML,,SC,4,390,389
IIT Dharwad,CSPML,,ST,4,286,286
IIT Dharwad,CSPML,,GEN,5,492,468
IIT Dharwad,CSPML,,OBC,5,448,445
IIT Dharwad,CSPML,,SC,5,385,374
IIT Dharwad,CSPML,,ST,5,280,280
IIT Dharwad,CSPML,,GEN,6,467,459
IIT Dharwad,CSPML,,EWS,6,424,424
IIT Dharwad,CSPML,,OBC,6,441,436
IIT Dharwad,CSPML,,SC,6,362,342
IIT Dharwad,CSPML,,GEN,7,456,444
IIT Dharwad,CSPML,,EWS,7,424,424
IIT Dharwad,CSPML,,OBC,7,436,428
IIT Dharwad,CSPML,,SC,7,332,327
IIT Dharwad,CSPML,,GEN,8,444,440
IIT Dharwad,CSPML,,EWS,8,409,409
IIT Dharwad,CSPML,,OBC,8,424,414
IIT Dharwad,CSPML,,SC,8,325,319
IIT Dharwad,CSPML,,GEN,9,440,428
IIT Dharwad,CSPML,,EWS,9,405,405
IIT Dharwad,CSPML,,OBC,9,405,401
IIT Dharwad,CSPML,,SC,9,315,310
IIT Dharwad,CSPML,,GEN,10,427,417
IIT Dharwad,CSPML,,EWS,10,401,401
IIT Dharwad,CSPML,,OBC,10,401,393
IIT Dharwad,CSPML,,SC,10,303,299
IIT Dharwad,CSPML,,GEN,11,538,436
IIT Dharwad,CSPML,,EWS,11,397,397
IIT Dharwad,CSPML,,OBC,11,436,414
IIT Dharwad,CSPML,,SC,11,346,346
IIT Dharwad,MVLSI,,GEN,1,725,627
IIT Dharwad,MVLSI,,EWS,1,616,557
IIT Dharwad,MVLSI,,OBC,1,584,571
IIT Dharwad,MVLSI,,SC,1,456,448
IIT Dharwad,MVLSI,,ST,1,433,433
IIT Dharwad,MVLSI,,GEN,2,620,590
IIT Dharwad,MVLSI,,EWS,2,502,502
IIT Dharwad,MVLSI,,OBC,2,565,553
IIT Dharwad,MVLSI,,SC,2,424,421
IIT Dharwad,MVLSI,,ST,2,358,358
IIT Dharwad,MVLSI,,GEN,3,582,565
IIT Dharwad,MVLSI,,EWS,3,487,487
IIT Dharwad,MVLSI,,OBC,3,545,538
IIT Dharwad,MVLSI,,SC,3,414,414
IIT Dharwad,MVLSI,,ST,3,307,307
IIT Dharwad,MVLSI,,GEN,4,561,561
IIT Dharwad,MVLSI,,EWS,4,480,480
IIT Dharwad,MVLSI,,OBC,4,527,527
IIT Dharwad,MVLSI,,SC,4,413,397
IIT Dharwad,MVLSI,,GEN,5,555,549
IIT Dharwad,MVLSI,,SC,5,397,390
IIT Dharwad,MVLSI,,GEN,6,545,534
IIT Dharwad,MVLSI,,EWS,6,479,476
IIT Dharwad,MVLSI,,OBC,6,522,512
IIT Dharwad,MVLSI,,SC,6,385,374
IIT Dharwad,MVLSI,,ST,6,305,305
IIT Dharwad,MVLSI,,GEN,7,530,510
IIT Dharwad,MVLSI,,EWS,7,471,469
IIT Dharwad,MVLSI,,OBC,7,510,495
IIT Dharwad,MVLSI,,SC,7,362,358
IIT Dharwad,MVLSI,,ST,7,303,303
IIT Dharwad,MVLSI,,GEN,8,508,499
IIT Dharwad,MVLSI,,EWS,8,463,460
IIT Dharwad,MVLSI,,OBC,8,483,472
IIT Dharwad,MVLSI,,SC,8,354,346
IIT Dharwad,MVLSI,,ST,8,288,288
IIT Dharwad,MVLSI,,GEN,9,491,483
IIT Dharwad,MVLSI,,EWS,9,456,456
IIT Dharwad,MVLSI,,OBC,9,464,460
IIT Dharwad,MVLSI,,SC,9,346,346
IIT Dharwad,MVLSI,,GEN,10,483,479
IIT Dharwad,MVLSI,,EWS,10,436,433
IIT Dharwad,MVLSI,,OBC,10,456,456
IIT Dharwad,MVLSI,,SC,10,346,342
IIT Dharwad,MVLSI,,GEN,11,571,534
IIT Dharwad,MVLSI,,EWS,11,469,469
IIT Dharwad,MVLSI,,OBC,11,475,448
IIT Dharwad,PEPS,,GEN,1,634,539
IIT Dharwad,PEPS,,EWS,1,480,437
IIT Dharwad,PEPS,,OBC,1,527,496
IIT Dharwad,PEPS,,SC,1,515,448
IIT Dharwad,PEPS,,ST,1,433,433
IIT Dharwad,PEPS,,GEN,2,530,508
IIT Dharwad,PEPS,,EWS,2,429,429
IIT Dharwad,PEPS,,OBC,2,496,472
IIT Dharwad,PEPS,,SC,2,413,397
IIT Dharwad,PEPS,,ST,2,354,354
IIT Dharwad,PEPS,,GEN,3,504,492
IIT Dharwad,PEPS,,OBC,3,471,448
IIT Dharwad,PEPS,,SC,3,397,397
IIT Dharwad,PEPS,,ST,3,346,346
IIT Dharwad,PEPS,,GEN,4,492,468
IIT Dharwad,PEPS,,EWS,4,425,425
IIT Dharwad,PEPS,,OBC,4,448,448
IIT Dharwad,PEPS,,ST,4,315,315
IIT Dharwad,PEPS,,GEN,5,467,463
IIT Dharwad,PEPS,,EWS,5,421,421
IIT Dharwad,PEPS,,OBC,5,421,417
IIT Dharwad,PEPS,,SC,5,390,389
IIT Dharwad,PEPS,,ST,5,295,295
IIT Dharwad,PEPS,,GEN,6,460,448
IIT Dharwad,PEPS,,EWS,6,409,409
IIT Dharwad,PEPS,,OBC,6,445,429
IIT Dharwad,PEPS,,SC,6,374,346
IIT Dharwad,PEPS,,ST,6,272,272
IIT Dharwad,PEPS,,GEN,7,441,421
IIT Dharwad,PEPS,,EWS,7,409,409
IIT Dharwad,PEPS,,OBC,7,424,401
IIT Dharwad,PEPS,,SC,7,346,342
IIT Dharwad,PEPS,,ST,7,263,263
IIT Dharwad,PEPS,,GEN,8,421,411
IIT Dharwad,PEPS,,EWS,8,405,405
IIT Dharwad,PEPS,,OBC,8,393,389
IIT Dharwad,PEPS,,SC,8,342,334
IIT Dharwad,PEPS,,GEN,9,409,405
IIT Dharwad,PEPS,,EWS,9,397,397
IIT Dharwad,PEPS,,OBC,9,389,389
IIT Dharwad,PEPS,,SC,9,334,332
IIT Dharwad,PEPS,,GEN,10,405,397
IIT Dharwad,PEPS,,OBC,10,382,378
IIT Dharwad,PEPS,,SC,10,326,318
IIT Dharwad,PEPS,,GEN,11,459,409
IIT Dharwad,PEPS,,EWS,11,397,367
IIT Dharwad,PEPS,,OBC,11,414,362
IIT Dharwad,PEPS,,SC,11,342,342
IIT Dharwad,Design,,GEN,1,573,556
IIT Dharwad,Design,,EWS,1,525,525
IIT Dharwad,Design,,OBC,1,508,490
IIT Dharwad,Design,,SC,1,532,532
IIT Dharwad,Design,,ST,1,279,279
IIT Dharwad,Design,,GEN,2,525,494
IIT Dharwad,Design,,OBC,2,483,483
IIT Dharwad,Design,,SC,2,373,373
IIT Dharwad,Design,,ST,2,262,262
IIT Dharwad,Design,,GEN,3,483,480
IIT Dharwad,Design,,OBC,3,463,461
IIT Dharwad,Design,,SC,3,362,362
IIT Dharwad,Design,,ST,3,259,259
IIT Dharwad,Design,,GEN,4,470,463
IIT Dharwad,Design,,EWS,4,387,387
IIT Dharwad,Design,,OBC,4,459,459
IIT Dharwad,Design,,SC,4,314,314
IIT Dharwad,Design,,ST,4,248,248
IIT Dharwad,Design,,GEN,5,459,452
IIT Dharwad,Design,,OBC,5,442,442
IIT Dharwad,Design,,ST,5,238,238
IIT Dharwad,Design,,GEN,6,449,445
IIT Dharwad,Design,,OBC,6,404,404
IIT Dharwad,Design,,SC,6,296,296
IIT Dharwad,Design,,GEN,7,411,407
IIT Dharwad,Design,,OBC,7,390,390
IIT Dharwad,Design,,SC,7,281,281
IIT Dharwad,Design,,GEN,8,407,387
IIT Dharwad,Design,,OBC,8,369,369
IIT Dharwad,Design,,SC,8,273,273
IIT Dharwad,Design,,GEN,9,373,366
IIT Dharwad,Design,,OBC,9,362,362
IIT Dharwad,Design,,SC,9,236,236
IIT Dharwad,Design,,GEN,10,363,355
IIT Dharwad,Design,,OBC,10,352,352
IIT Dharwad,Design,,SC,10,249,249
IIT Dharwad,Design,,GEN,1,719,611
IIT Dharwad,Design,,EWS,1,578,578
IIT Dharwad,Design,,OBC,1,569,521
IIT Dharwad,Design,,SC,1,565,565
IIT Dharwad,Design,,GEN,2,600,585
IIT Dharwad,Design,,EWS,2,485,485
IIT Dharwad,Design,,OBC,2,487,487
IIT Dharwad,Design,,SC,2,428,428
IIT Dharwad,Design,,GEN,3,552,531
IIT Dharwad,Design,,EWS,3,463,463
IIT Dharwad,Design,,OBC,3,470,470
IIT Dharwad,Design,,SC,3,406,406
IIT Dharwad,Design,,GEN,4,485,470
IIT Dharwad,Design,,EWS,4,463,463
IIT Dharwad,Design,,OBC,4,466,466
IIT Dharwad,Design,,SC,4,359,359
IIT Dharwad,Design,,GEN,5,459,459
IIT Dharwad,Design,,EWS,5,445,445
IIT Dharwad,Design,,OBC,5,456,456
IIT Dharwad,Design,,SC,5,347,347
IIT Dharwad,Design,,GEN,6,459,458
IIT Dharwad,Design,,EWS,6,367,367
IIT Dharwad,Design,,OBC,6,424,414
IIT Dharwad,Design,,SC,6,331,331
IIT Dharwad,Design,,GEN,7,430,428
IIT Dharwad,Design,,OBC,7,397,397
IIT Dharwad,Design,,SC,7,302,302
IIT Dharwad,Design,,GEN,8,420,402
IIT Dharwad,Design,,EWS,8,385,383
IIT Dharwad,Design,,SC,8,276,276
IIT Dharwad,Design,,GEN,9,397,395
IIT Dharwad,Design,,OBC,9,368,362
IIT Dharwad,Design,,SC,9,270,270
IIT Dharwad,Design,,GEN,10,389,368
IIT Dharwad,Design,,OBC,10,359,358
IIT Dharwad,Design,,SC,10,253,253
IIT Dharwad,Design,,GEN,11,395,351
IIT Dharwad,Design,,OBC,11,318,397
IIT Dharwad,Design,,SC,11,270,270
IIT Dharwad,Manufacturing,,GEN,1,570,483
IIT Dharwad,Manufacturing,,EWS,1,380,380
IIT Dharwad,Manufacturing,,OBC,1,463,459
IIT Dharwad,Manufacturing,,SC,1,428,428
IIT Dharwad,Manufacturing,,ST,1,262,262
IIT Dharwad,Manufacturing,,GEN,2,483,470
IIT Dharwad,Manufacturing,,EWS,2,366,366
IIT Dharwad,Manufacturing,,OBC,2,452,452
IIT Dharwad,Manufacturing,,SC,2,362,362
IIT Dharwad,Manufacturing,,ST,2,259,259
IIT Dharwad,Manufacturing,,GEN,3,449,445
IIT Dharwad,Manufacturing,,OBC,3,442,404
IIT Dharwad,Manufacturing,,SC,3,300,300
IIT Dharwad,Manufacturing,,GEN,5,411,411
IIT Dharwad,Manufacturing,,OBC,5,390,362
IIT Dharwad,Manufacturing,,SC,5,297,297
IIT Dharwad,Manufacturing,,GEN,6,6,411
IIT Dharwad,Manufacturing,,EWS,6,400,400
IIT Dharwad,Manufacturing,,OBC,6,362,352
IIT Dharwad,Manufacturing,,SC,6,283,283
IIT Dharwad,Manufacturing,,GEN,7,397,363
IIT Dharwad,Manufacturing,,OBC,7,349,345
IIT Dharwad,Manufacturing,,SC,7,281,281
IIT Dharwad,Manufacturing,,GEN,8,352,334
IIT Dharwad,Manufacturing,,OBC,8,331,326
IIT Dharwad,Manufacturing,,SC,8,273,273
IIT Dharwad,Manufacturing,,GEN,9,321,321
IIT Dharwad,Manufacturing,,GEN,1,660,573
IIT Dharwad,Manufacturing,,EWS,1,463,463
IIT Dharwad,Manufacturing,,OBC,1,508,503
IIT Dharwad,Manufacturing,,SC,1,459,459
IIT Dharwad,Manufacturing,,GEN,2,490,487
IIT Dharwad,Manufacturing,,EWS,2,425,425
IIT Dharwad,Manufacturing,,OBC,2,466,456
IIT Dharwad,Manufacturing,,SC,2,373,373
IIT Dharwad,Manufacturing,,GEN,3,470,463
IIT Dharwad,Manufacturing,,EWS,3,371,371
IIT Dharwad,Manufacturing,,SC,3,359,359
IIT Dharwad,Manufacturing,,GEN,4,459,459
IIT Dharwad,Manufacturing,,EWS,4,352,352
IIT Dharwad,Manufacturing,,OBC,4,424,404
IIT Dharwad,Manufacturing,,SC,4,351,351
IIT Dharwad,Manufacturing,,GEN,5,450,441
IIT Dharwad,Manufacturing,,OBC,5,387,385
IIT Dharwad,Manufacturing,,SC,5,340,340
IIT Dharwad,Manufacturing,,GEN,6,430,428
IIT Dharwad,Manufacturing,,OBC,6,385,385
IIT Dharwad,Manufacturing,,SC,6,331,331
IIT Dharwad,Manufacturing,,GEN,7,420,397
IIT Dharwad,Manufacturing,,OBC,7,371,371
IIT Dharwad,Manufacturing,,SC,7,302,302
IIT Dharwad,Manufacturing,,GEN,8,395,389
IIT Dharwad,Manufacturing,,OBC,8,368,368
IIT Dharwad,Manufacturing,,SC,8,276,276
IIT Dharwad,Manufacturing,,GEN,9,380,335
IIT Dharwad,Manufacturing,,OBC,9,358,327
IIT Dharwad,Manufacturing,,SC,9,245,241
IIT Dharwad,Manufacturing,,OBC,10,327,320
IIT Dharwad,Manufacturing,,SC,10,241,241
IIT Dharwad,Manufacturing,,GEN,11,389,352
IIT Dharwad,Manufacturing,,OBC,11,335,318
IIT Dharwad,Thermal,,GEN,1,573,532
IIT Dharwad,Thermal,,EWS,1,463,463
IIT Dharwad,Thermal,,OBC,1,521,490
IIT Dharwad,Thermal,,SC,1,459,459
IIT Dharwad,Thermal,,ST,1,407,407
IIT Dharwad,Thermal,,GEN,2,525,483
IIT Dharwad,Thermal,,EWS,2,442,442
IIT Dharwad,Thermal,,OBC,2,483,470
IIT Dharwad,Thermal,,SC,2,373,373
IIT Dharwad,Thermal,,ST,2,262,262
IIT Dharwad,Thermal,,GEN,3,480,470
IIT Dharwad,Thermal,,OBC,3,463,463
IIT Dharwad,Thermal,,ST,3,259,259
IIT Dharwad,Thermal,,GEN,4,463,452
IIT Dharwad,Thermal,,OBC,4,404,390
IIT Dharwad,Thermal,,SC,4,328,328
IIT Dharwad,Thermal,,ST,4,248,248
IIT Dharwad,Thermal,,GEN,5,449,442
IIT Dharwad,Thermal,,OBC,5,390,390
IIT Dharwad,Thermal,,ST,5,238,238
IIT Dharwad,Thermal,,GEN,6,425,404
IIT Dharwad,Thermal,,OBC,6,390,362
IIT Dharwad,Thermal,,SC,6,300,300
IIT Dharwad,Thermal,,GEN,7,400,383
IIT Dharwad,Thermal,,EWS,7,369,369
IIT Dharwad,Thermal,,OBC,7,362,355
IIT Dharwad,Thermal,,SC,7,293,293
IIT Dharwad,Thermal,,GEN,8,366,352
IIT Dharwad,Thermal,,OBC,8,349,349
IIT Dharwad,Thermal,,GEN,9,338,321
IIT Dharwad,Thermal,,GEN,1,611,600
IIT Dharwad,Thermal,,EWS,1,566,566
IIT Dharwad,Thermal,,OBC,1,569,569
IIT Dharwad,Thermal,,SC,1,565,565
IIT Dharwad,Thermal,,PwD,1,279,279
IIT Dharwad,Thermal,,GEN,2,552,552
IIT Dharwad,Thermal,,EWS,2,486,486
IIT Dharwad,Thermal,,OBC,2,508,508
IIT Dharwad,Thermal,,SC,2,428,428
IIT Dharwad,Thermal,,GEN,3,519,519
IIT Dharwad,Thermal,,OBC,3,477,466
IIT Dharwad,Thermal,,SC,3,359,359
IIT Dharwad,Thermal,,GEN,5,459,459
IIT Dharwad,Thermal,,EWS,5,429,429
IIT Dharwad,Thermal,,OBC,5,458,437
IIT Dharwad,Thermal,,SC,5,347,347
IIT Dharwad,Thermal,,GEN,6,459,459
IIT Dharwad,Thermal,,OBC,6,424,421
IIT Dharwad,Thermal,,SC,6,331,331
IIT Dharwad,Thermal,,GEN,7,454,454
IIT Dharwad,Thermal,,OBC,7,385,371
IIT Dharwad,Thermal,,SC,7,302,302
IIT Dharwad,Thermal,,GEN,8,450,450
IIT Dharwad,Thermal,,OBC,8,368,368
IIT Dharwad,Thermal,,SC,8,290,290
IIT Dharwad,Thermal,,GEN,9,430,429
IIT Dharwad,Thermal,,OBC,9,364,335
IIT Dharwad,Thermal,,GEN,10,428,409
IIT Dharwad,Thermal,,OBC,10,327,327
IIT Dharwad,Thermal,,GEN,11,454,389
IIT Dharwad,Thermal,,OBC,11,368,368
IIT Indore,M.Tech. in Applied Optics and Laser Technology (AOLT),,GEN,1,570,449
IIT Indore,M.Tech. in Applied Optics and Laser Technology (AOLT),,EWS,1,397,397
IIT Indore,M.Tech. in Applied Optics and Laser Technology (AOLT),,OBC,1,405,354
IIT Indore,M.Tech. in Applied Optics and Laser Technology (AOLT),,SC,1,459,291
IIT Indore,M.Tech. in Applied Optics and Laser Technology (AOLT),,ST,1,255,255
IIT Indore,M.Tech. in Electric Vehicle Technology (EVT),,GEN,1,645,570
IIT Indore,M.Tech. in Electric Vehicle Technology (EVT),,EWS,1,485,485
IIT Indore,M.Tech. in Electric Vehicle Technology (EVT),,OBC,1,637,511
IIT Indore,M.Tech. in Electric Vehicle Technology (EVT),,SC,1,565,565
IIT Indore,M.Tech. in Advanced Manufacturing (AM),,GEN,1,646,546
IIT Indore,M.Tech. in Advanced Manufacturing (AM),,EWS,1,425,387
IIT Indore,M.Tech. in Advanced Manufacturing (AM),,OBC,1,525,459
IIT Indore,M.Tech. in Advanced Manufacturing (AM),,SC,1,629,434
IIT Indore,M.Tech. in Advanced Manufacturing (AM),,ST,1,314,314
IIT Indore,M.Tech. in Biomedical Devices (BMD),,GEN,1,639,487
IIT Indore,M.Tech. in Biomedical Devices (BMD),,EWS,1,597,503
IIT Indore,M.Tech. in Biomedical Devices (BMD),,OBC,1,524,422
IIT Indore,M.Tech. in Biomedical Devices (BMD),,SC,1,597,319
IIT Indore,M.Tech. in Biomedical Devices (BMD),,ST,1,466,466
IIT Indore,M.Tech. in Biomedical Engineering (BME),,GEN,1,787,681
IIT Indore,M.Tech. in Biomedical Engineering (BME),,EWS,1,676,676
IIT Indore,M.Tech. in Biomedical Engineering (BME),,OBC,1,530,526
IIT Indore,M.Tech. in Biomedical Engineering (BME),,SC,1,319,314
IIT Indore,M.Tech. in Biomedical Engineering (BME),,ST,1,301,301
IIT Indore,M.Tech. in Communication & Signal Processing (CSP),,GEN,1,710,659
IIT Indore,M.Tech. in Communication & Signal Processing (CSP),,EWS,1,664,664
IIT Indore,M.Tech. in Communication & Signal Processing (CSP),,OBC,1,592,546
IIT Indore,M.Tech. in Communication & Signal Processing (CSP),,SC,1,534,401
IIT Indore,M.Tech. in Communication & Signal Processing (CSP),,ST,1,365,365
IIT Indore,M.Tech. in Computer Science and Engineering (CSE),,GEN,1,823,806
IIT Indore,M.Tech. in Computer Science and Engineering (CSE),,EWS,1,827,767
IIT Indore,M.Tech. in Computer Science and Engineering (CSE),,OBC,1,789,752
IIT Indore,M.Tech. in Computer Science and Engineering (CSE),,SC,1,688,678
IIT Indore,M.Tech. in Computer Science and Engineering (CSE),,ST,1,643,643
IIT Indore,M.Tech. in Materials Science and Engineering (MSE),,GEN,1,579,512
IIT Indore,M.Tech. in Materials Science and Engineering (MSE),,EWS,1,408,408
IIT Indore,M.Tech. in Materials Science and Engineering (MSE),,OBC,1,487,425
IIT Indore,M.Tech. in Materials Science and Engineering (MSE),,SC,1,310,263
IIT Indore,M.Tech. in Materials Science and Engineering (MSE),,ST,1,283,283
IIT Indore,M.Tech. in Mechanical Systems Design (MSD),,GEN,1,687,629
IIT Indore,M.Tech. in Mechanical Systems Design (MSD),,GEN-PwD,1,442,442
IIT Indore,M.Tech. in Mechanical Systems Design (MSD),,EWS,1,622,622
IIT Indore,M.Tech. in Mechanical Systems Design (MSD),,OBC,1,660,596
IIT Indore,M.Tech. in Mechanical Systems Design (MSD),,SC,1,483,463
IIT Indore,M.Tech. in Mechanical Systems Design (MSD),,ST,1,380,380
IIT Indore,M.Tech. in Metallurgical Engineering (ME),,GEN,1,474,420
IIT Indore,M.Tech. in Metallurgical Engineering (ME),,EWS,1,332,332
IIT Indore,M.Tech. in Metallurgical Engineering (ME),,OBC,1,409,371
IIT Indore,M.Tech. in Metallurgical Engineering (ME),,SC,1,255,236
IIT Indore,M.Tech. in Metallurgical Engineering (ME),,ST,1,222,222
IIT Indore,M.Tech. in Power Systems and Power Electronics (PSPE),,GEN,1,858,641
IIT Indore,M.Tech. in Power Systems and Power Electronics (PSPE),,EWS,1,610,610
IIT Indore,M.Tech. in Power Systems and Power Electronics (PSPE),,OBC,1,634,535
IIT Indore,M.Tech. in Power Systems and Power Electronics (PSPE),,SC,1,653,653
IIT Indore,M.Tech. in Power Systems and Power Electronics (PSPE),,ST,1,433,433
IIT Indore,M.Tech. in Space Engineering (SE),,GEN,1,653,530
IIT Indore,M.Tech. in Space Engineering (SE),,EWS,1,420,420
IIT Indore,M.Tech. in Space Engineering (SE),,OBC,1,658,602
IIT Indore,M.Tech. in Space Engineering (SE),,SC,1,323,293
IIT Indore,M.Tech. in Space Engineering (SE),,ST,1,334,334
IIT Indore,M.Tech. in Structural Engineering (CESE),,GEN,1,727,614
IIT Indore,M.Tech. in Structural Engineering (CESE),,EWS,1,659,659
IIT Indore,M.Tech. in Structural Engineering (CESE),,OBC,1,580,569
IIT Indore,M.Tech. in Structural Engineering (CESE),,SC,1,528,528
IIT Indore,M.Tech. in Structural Engineering (CESE),,ST,1,592,592
IIT Indore,M.Tech. in Thermal Energy Systems (TES),,GEN,1,629,594
IIT Indore,M.Tech. in Thermal Energy Systems (TES),,EWS,1,566,566
IIT Indore,M.Tech. in Thermal Energy Systems (TES),,OBC,1,646,563
IIT Indore,M.Tech. in Thermal Energy Systems (TES),,SC,1,532,532
IIT Indore,M.Tech. in Thermal Energy Systems (TES),,ST,1,314,314
IIT Indore,M.Tech. in VLSI Design and Nanoelectronics (VDN),,GEN,1,749,710
IIT Indore,M.Tech. in VLSI Design and Nanoelectronics (VDN),,EWS,1,732,732
IIT Indore,M.Tech. in VLSI Design and Nanoelectronics (VDN),,OBC,1,757,673
IIT Indore,M.Tech. in VLSI Design and Nanoelectronics (VDN),,OBC-PwD,1,311,311
IIT Indore,M.Tech. in VLSI Design and Nanoelectronics (VDN),,SC,1,686,686
IIT Indore,M.Tech. in VLSI Design and Nanoelectronics (VDN),,ST,1,358,358
IIT Indore,"M.Tech. in Water, Climate and Sustainability (WCS)",,GEN,1,625,578
IIT Indore,"M.Tech. in Water, Climate and Sustainability (WCS)",,EWS,1,457,457
IIT Indore,"M.Tech. in Water, Climate and Sustainability (WCS)",,OBC,1,616,603
IIT Indore,"M.Tech. in Water, Climate and Sustainability (WCS)",,SC,1,393,355
IIT Indore,"M.Tech. in Water, Climate and Sustainability (WCS)",,ST,1,314,314
IIT Indore,MS (Research) Electrical Engineering (EE),,GEN,1,604,506
IIT Indore,MS (Research) Electrical Engineering (EE),,EWS,1,327,327
IIT Indore,MS (Research) Electrical Engineering (EE),,OBC,1,561,385
IIT Indore,MS (Research) Electrical Engineering (EE),,SC,1,354,267
IIT Indore,MS (Research) Computer Science and Engineering (CSE),,GEN,1,731,688
IIT Indore,MS (Research) Computer Science and Engineering (CSE),,EWS,1,660,660
IIT Indore,MS (Research) Computer Science and Engineering (CSE),,OBC,1,689,656
IIT Indore,MS (Research) Computer Science and Engineering (CSE),,SC,1,512,460
IIT Indore,MS (Research) Computer Science and Engineering (CSE),,ST,1,393,393
IIT Indore,MS (Research) Mechanical Engineering (ME),,GEN,1,459,362
IIT Indore,MS (Research) Mechanical Engineering (ME),,EWS,1,463,463
IIT Indore,MS (Research) Mechanical Engineering (ME),,OBC,1,434,380
IIT Indore,MS (Research) Mechanical Engineering (ME),,SC,1,380,380
IIT Indore,MS (Research) Space Science and Engineering (SSE),,GEN,1,530,458
IIT Indore,MS (Research) Space Science and Engineering (SSE),,EWS,1,444,444
IIT Indore,MS (Research) Space Science and Engineering (SSE),,OBC,1,568,335
IIT Indore,Row Labels Max of Min of Max of Min of Max of Min of Max of Min of Max of Min of Max of Min of Max of Min of M.Tech. in Applied Optics and Laser Technology (AOLT),,GEN,2,459,433
IIT Indore,Row Labels Max of Min of Max of Min of Max of Min of Max of Min of Max of Min of Max of Min of Max of Min of M.Tech. in Applied Optics and Laser Technology (AOLT),,EWS,2,397,397
IIT Indore,Row Labels Max of Min of Max of Min of Max of Min of Max of Min of Max of Min of Max of Min of Max of Min of M.Tech. in Applied Optics and Laser Technology (AOLT),,OBC,2,405,350
IIT Indore,Row Labels Max of Min of Max of Min of Max of Min of Max of Min of Max of Min of Max of Min of Max of Min of M.Tech. in Applied Optics and Laser Technology (AOLT),,SC,2,351,284
IIT Indore,M.Tech. in Electric Vehicle Technology (EVT),,GEN,2,608,548
IIT Indore,M.Tech. in Electric Vehicle Technology (EVT),,EWS,2,485,485
IIT Indore,M.Tech. in Electric Vehicle Technology (EVT),,OBC,2,637,492
IIT Indore,M.Tech. in Electric Vehicle Technology (EVT),,SC,2,448,448
IIT Indore,M.Tech. in Advanced Manufacturing (AM),,GEN,2,594,535
IIT Indore,M.Tech. in Advanced Manufacturing (AM),,EWS,2,425,387
IIT Indore,M.Tech. in Advanced Manufacturing (AM),,OBC,2,525,459
IIT Indore,M.Tech. in Advanced Manufacturing (AM),,SC,2,434,412
IIT Indore,M.Tech. in Advanced Manufacturing (AM),,ST,2,283,283
IIT Indore,M.Tech. in Biomedical Devices (BMD) 618 456 - - 529 424 487 389 - - 450 302 M.Tech. in Biomedical Engineering (BME),,GEN,2,682,651
IIT Indore,M.Tech. in Biomedical Devices (BMD) 618 456 - - 529 424 487 389 - - 450 302 M.Tech. in Biomedical Engineering (BME),,EWS,2,597,597
IIT Indore,M.Tech. in Biomedical Devices (BMD) 618 456 - - 529 424 487 389 - - 450 302 M.Tech. in Biomedical Engineering (BME),,OBC,2,526,524
IIT Indore,M.Tech. in Biomedical Devices (BMD) 618 456 - - 529 424 487 389 - - 450 302 M.Tech. in Biomedical Engineering (BME),,SC,2,319,314
IIT Indore,M.Tech. in Biomedical Devices (BMD) 618 456 - - 529 424 487 389 - - 450 302 M.Tech. in Biomedical Engineering (BME),,ST,2,272,272
IIT Indore,M.Tech. in Communication & Signal Processing (CSP),,GEN,2,668,620
IIT Indore,M.Tech. in Communication & Signal Processing (CSP),,EWS,2,664,612
IIT Indore,M.Tech. in Communication & Signal Processing (CSP),,OBC,2,564,542
IIT Indore,M.Tech. in Communication & Signal Processing (CSP),,SC,2,393,393
IIT Indore,M.Tech. in Communication & Signal Processing (CSP),,ST,2,365,365
IIT Indore,M.Tech. in Computer Science and Engineering (CSE),,GEN,2,823,780
IIT Indore,M.Tech. in Computer Science and Engineering (CSE),,EWS,2,767,761
IIT Indore,M.Tech. in Computer Science and Engineering (CSE),,OBC,2,756,744
IIT Indore,M.Tech. in Computer Science and Engineering (CSE),,SC,2,688,668
IIT Indore,M.Tech. in Computer Science and Engineering (CSE),,ST,2,585,585
IIT Indore,M.Tech. in Materials Science and Engineering (MSE),,GEN,2,528,291
IIT Indore,M.Tech. in Materials Science and Engineering (MSE),,EWS,2,408,408
IIT Indore,M.Tech. in Materials Science and Engineering (MSE),,OBC,2,393,366
IIT Indore,M.Tech. in Materials Science and Engineering (MSE),,SC,2,285,252
IIT Indore,M.Tech. in Materials Science and Engineering (MSE),,ST,2,232,232
IIT Indore,M.Tech. in Mechanical Systems Design (MSD),,GEN,2,687,601
IIT Indore,M.Tech. in Mechanical Systems Design (MSD),,GEN-PwD,2,594,594
IIT Indore,M.Tech. in Mechanical Systems Design (MSD),,EWS,2,591,591
IIT Indore,M.Tech. in Mechanical Systems Design (MSD),,OBC,2,660,580
IIT Indore,M.Tech. in Mechanical Systems Design (MSD),,SC,2,463,432
IIT Indore,M.Tech. in Mechanical Systems Design (MSD),,ST,2,380,380
IIT Indore,M.Tech. in Metallurgical Engineering (ME),,GEN,2,474,366
IIT Indore,M.Tech. in Metallurgical Engineering (ME),,OBC,2,371,345
IIT Indore,M.Tech. in Metallurgical Engineering (ME),,SC,2,255,236
IIT Indore,M.Tech. in Power Systems and Power Electronics (PSPE),,GEN,2,634,598
IIT Indore,M.Tech. in Power Systems and Power Electronics (PSPE),,EWS,2,536,536
IIT Indore,M.Tech. in Power Systems and Power Electronics (PSPE),,OBC,2,519,512
IIT Indore,M.Tech. in Power Systems and Power Electronics (PSPE),,SC,2,522,522
IIT Indore,M.Tech. in Power Systems and Power Electronics (PSPE),,ST,2,358,358
IIT Indore,M.Tech. in Space Engineering (SE),,GEN,2,653,487
IIT Indore,M.Tech. in Space Engineering (SE),,EWS,2,420,420
IIT Indore,M.Tech. in Space Engineering (SE),,OBC,2,459,403
IIT Indore,M.Tech. in Space Engineering (SE),,SC,2,323,323
IIT Indore,M.Tech. in Space Engineering (SE),,ST,2,334,334
IIT Indore,M.Tech. in Structural Engineering (CESE),,GEN,2,727,610
IIT Indore,M.Tech. in Structural Engineering (CESE),,EWS,2,575,575
IIT Indore,M.Tech. in Structural Engineering (CESE),,OBC,2,569,550
IIT Indore,M.Tech. in Structural Engineering (CESE),,SC,2,511,511
IIT Indore,M.Tech. in Structural Engineering (CESE),,ST,2,401,401
IIT Indore,M.Tech. in Thermal Energy Systems (TES),,GEN,2,608,584
IIT Indore,M.Tech. in Thermal Energy Systems (TES),,EWS,2,559,559
IIT Indore,M.Tech. in Thermal Energy Systems (TES),,OBC,2,563,549
IIT Indore,M.Tech. in Thermal Energy Systems (TES),,SC,2,483,483
IIT Indore,M.Tech. in Thermal Energy Systems (TES),,ST,2,314,314
IIT Indore,M.Tech. in VLSI Design and Nanoelectronics (VDN),,GEN,2,706,697
IIT Indore,M.Tech. in VLSI Design and Nanoelectronics (VDN),,EWS,2,732,732
IIT Indore,M.Tech. in VLSI Design and Nanoelectronics (VDN),,OBC,2,673,641
IIT Indore,M.Tech. in VLSI Design and Nanoelectronics (VDN),,OBC-PwD,2,311,311
IIT Indore,M.Tech. in VLSI Design and Nanoelectronics (VDN),,SC,2,543,543
IIT Indore,M.Tech. in VLSI Design and Nanoelectronics (VDN),,ST,2,448,448
IIT Indore,"M.Tech. in Water, Climate and Sustainability (WCS)",,GEN,2,610,515
IIT Indore,"M.Tech. in Water, Climate and Sustainability (WCS)",,EWS,2,450,450
IIT Indore,"M.Tech. in Water, Climate and Sustainability (WCS)",,OBC,2,546,502
IIT Indore,"M.Tech. in Water, Climate and Sustainability (WCS)",,SC,2,393,350
IIT Indore,"M.Tech. in Water, Climate and Sustainability (WCS)",,ST,2,314,314
IIT Indore,MS (Research) Electrical Engineering (EE),,GEN,2,604,506
IIT Indore,MS (Research) Electrical Engineering (EE),,EWS,2,327,327
IIT Indore,MS (Research) Electrical Engineering (EE),,OBC,2,489,385
IIT Indore,MS (Research) Electrical Engineering (EE),,SC,2,354,267
IIT Indore,MS (Research) Computer Science and Engineering (CSE),,GEN,2,731,688
IIT Indore,MS (Research) Computer Science and Engineering (CSE),,EWS,2,660,660
IIT Indore,MS (Research) Computer Science and Engineering (CSE),,OBC,2,689,656
IIT Indore,MS (Research) Computer Science and Engineering (CSE),,SC,2,512,446
IIT Indore,MS (Research) Computer Science and Engineering (CSE),,ST,2,393,393
IIT Indore,MS (Research) Mechanical Engineering (ME),,GEN,2,459,362
IIT Indore,MS (Research) Mechanical Engineering (ME),,EWS,2,324,324
IIT Indore,MS (Research) Mechanical Engineering (ME),,OBC,2,434,380
IIT Indore,MS (Research) Mechanical Engineering (ME),,SC,2,380,380
IIT Indore,MS (Research) Space Science and Engineering (SSE),,GEN,2,530,458
IIT Indore,MS (Research) Space Science and Engineering (SSE),,EWS,2,335,335
IIT Indore,MS (Research) Space Science and Engineering (SSE),,OBC,2,385,335
IIT Indore,Grand Total,,GEN,2,823,291
IIT Indore,Grand Total,,GEN-PwD,2,594,594
IIT Indore,Grand Total,,EWS,2,767,324
IIT Indore,Grand Total,,OBC,2,756,335
IIT Indore,Grand Total,,OBC-PwD,2,311,311
IIT Indore,Grand Total,,SC,2,688,236
IIT Indore,Grand Total,,ST,2,585,232
IIT Indore,M.Tech. in Applied Optics and Laser Technology (AOLT),,GEN,3,459,420
IIT Indore,M.Tech. in Applied Optics and Laser Technology (AOLT),,EWS,3,397,397
IIT Indore,M.Tech. in Applied Optics and Laser Technology (AOLT),,OBC,3,405,345
IIT Indore,M.Tech. in Applied Optics and Laser Technology (AOLT),,SC,3,291,279
IIT Indore,M.Tech. in Electric Vehicle Technology (EVT),,GEN,3,582,544
IIT Indore,M.Tech. in Electric Vehicle Technology (EVT),,EWS,3,485,485
IIT Indore,M.Tech. in Electric Vehicle Technology (EVT),,OBC,3,637,483
IIT Indore,M.Tech. in Electric Vehicle Technology (EVT),,SC,3,442,442
IIT Indore,M.Tech. in Advanced Manufacturing (AM),,GEN,3,594,526
IIT Indore,M.Tech. in Advanced Manufacturing (AM),,EWS,3,425,387
IIT Indore,M.Tech. in Advanced Manufacturing (AM),,OBC,3,525,445
IIT Indore,M.Tech. in Advanced Manufacturing (AM),,SC,3,434,335
IIT Indore,M.Tech. in Advanced Manufacturing (AM),,ST,3,269,269
IIT Indore,M.Tech. in Biomedical Devices (BMD),,GEN,3,618,445
IIT Indore,M.Tech. in Biomedical Devices (BMD),,EWS,3,529,424
IIT Indore,M.Tech. in Biomedical Devices (BMD),,OBC,3,487,366
IIT Indore,M.Tech. in Biomedical Devices (BMD),,SC,3,319,301
IIT Indore,M.Tech. in Biomedical Engineering (BME),,GEN,3,682,624
IIT Indore,M.Tech. in Biomedical Engineering (BME),,EWS,3,560,560
IIT Indore,M.Tech. in Biomedical Engineering (BME),,OBC,3,526,497
IIT Indore,M.Tech. in Biomedical Engineering (BME),,SC,3,319,314
IIT Indore,M.Tech. in Biomedical Engineering (BME),,ST,3,272,272
IIT Indore,M.Tech. in Communication & Signal Processing (CSP),,GEN,3,668,612
IIT Indore,M.Tech. in Communication & Signal Processing (CSP),,EWS,3,664,584
IIT Indore,M.Tech. in Communication & Signal Processing (CSP),,OBC,3,564,538
IIT Indore,M.Tech. in Communication & Signal Processing (CSP),,SC,3,393,393
IIT Indore,M.Tech. in Computer Science and Engineering (CSE),,GEN,3,823,780
IIT Indore,M.Tech. in Computer Science and Engineering (CSE),,EWS,3,767,760
IIT Indore,M.Tech. in Computer Science and Engineering (CSE),,OBC,3,756,744
IIT Indore,M.Tech. in Computer Science and Engineering (CSE),,SC,3,668,652
IIT Indore,M.Tech. in Computer Science and Engineering (CSE),,ST,3,546,546
IIT Indore,M.Tech. in Materials Science and Engineering (MSE),,GEN,3,518,442
IIT Indore,M.Tech. in Materials Science and Engineering (MSE),,EWS,3,408,408
IIT Indore,M.Tech. in Materials Science and Engineering (MSE),,OBC,3,366,338
IIT Indore,M.Tech. in Materials Science and Engineering (MSE),,SC,3,285,239
IIT Indore,M.Tech. in Materials Science and Engineering (MSE),,ST,3,222,222
IIT Indore,M.Tech. in Mechanical Systems Design (MSD),,GEN,3,635,584
IIT Indore,M.Tech. in Mechanical Systems Design (MSD),,GEN-PwD,3,594,594
IIT Indore,M.Tech. in Mechanical Systems Design (MSD),,EWS,3,591,591
IIT Indore,M.Tech. in Mechanical Systems Design (MSD),,OBC,3,660,566
IIT Indore,M.Tech. in Mechanical Systems Design (MSD),,SC,3,432,428
IIT Indore,M.Tech. in Mechanical Systems Design (MSD),,ST,3,314,314
IIT Indore,M.Tech. in Metallurgical Engineering (ME),,GEN,3,474,358
IIT Indore,M.Tech. in Metallurgical Engineering (ME),,OBC,3,371,345
IIT Indore,M.Tech. in Metallurgical Engineering (ME),,SC,3,255,204
IIT Indore,M.Tech. in Power Systems and Power Electronics (PSPE),,GEN,3,602,574
IIT Indore,M.Tech. in Power Systems and Power Electronics (PSPE),,EWS,3,536,536
IIT Indore,M.Tech. in Power Systems and Power Electronics (PSPE),,OBC,3,519,512
IIT Indore,M.Tech. in Power Systems and Power Electronics (PSPE),,SC,3,506,506
IIT Indore,M.Tech. in Power Systems and Power Electronics (PSPE),,ST,3,322,322
IIT Indore,M.Tech. in Space Engineering (SE),,GEN,3,653,487
IIT Indore,M.Tech. in Space Engineering (SE),,OBC,3,459,403
IIT Indore,M.Tech. in Space Engineering (SE),,SC,3,323,323
IIT Indore,M.Tech. in Space Engineering (SE),,ST,3,334,334
IIT Indore,M.Tech. in Structural Engineering (CESE),,GEN,3,609,583
IIT Indore,M.Tech. in Structural Engineering (CESE),,EWS,3,575,575
IIT Indore,M.Tech. in Structural Engineering (CESE),,OBC,3,550,550
IIT Indore,M.Tech. in Structural Engineering (CESE),,SC,3,434,434
IIT Indore,M.Tech. in Structural Engineering (CESE),,ST,3,401,401
IIT Indore,M.Tech. in Thermal Energy Systems (TES),,GEN,3,573,563
IIT Indore,M.Tech. in Thermal Energy Systems (TES),,EWS,3,559,559
IIT Indore,M.Tech. in Thermal Energy Systems (TES),,OBC,3,563,542
IIT Indore,M.Tech. in Thermal Energy Systems (TES),,SC,3,477,477
IIT Indore,M.Tech. in Thermal Energy Systems (TES),,ST,3,314,314
IIT Indore,M.Tech. in VLSI Design and Nanoelectronics (VDN),,GEN,3,706,674
IIT Indore,M.Tech. in VLSI Design and Nanoelectronics (VDN),,EWS,3,732,732
IIT Indore,M.Tech. in VLSI Design and Nanoelectronics (VDN),,OBC,3,673,622
IIT Indore,M.Tech. in VLSI Design and Nanoelectronics (VDN),,OBC-PwD,3,311,311
IIT Indore,M.Tech. in VLSI Design and Nanoelectronics (VDN),,SC,3,534,534
IIT Indore,M.Tech. in VLSI Design and Nanoelectronics (VDN),,ST,3,429,429
IIT Indore,"M.Tech. in Water, Climate and Sustainability (WCS)",,GEN,3,578,479
IIT Indore,"M.Tech. in Water, Climate and Sustainability (WCS)",,EWS,3,439,439
IIT Indore,"M.Tech. in Water, Climate and Sustainability (WCS)",,OBC,3,495,495
IIT Indore,"M.Tech. in Water, Climate and Sustainability (WCS)",,SC,3,350,344
IIT Indore,"M.Tech. in Water, Climate and Sustainability (WCS)",,ST,3,313,313
IIT Indore,MS (Research) Electrical Engineering (EE),,GEN,3,604,506
IIT Indore,MS (Research) Electrical Engineering (EE),,EWS,3,327,327
IIT Indore,MS (Research) Electrical Engineering (EE),,OBC,3,489,385
IIT Indore,MS (Research) Electrical Engineering (EE),,SC,3,354,267
IIT Indore,MS (Research) Computer Science and Engineering (CSE),,GEN,3,731,688
IIT Indore,MS (Research) Computer Science and Engineering (CSE),,EWS,3,660,660
IIT Indore,MS (Research) Computer Science and Engineering (CSE),,OBC,3,664,651
IIT Indore,MS (Research) Computer Science and Engineering (CSE),,SC,3,446,422
IIT Indore,MS (Research) Computer Science and Engineering (CSE),,ST,3,393,393
IIT Indore,MS (Research) Mechanical Engineering (ME),,GEN,3,459,362
IIT Indore,MS (Research) Mechanical Engineering (ME),,EWS,3,324,324
IIT Indore,MS (Research) Mechanical Engineering (ME),,OBC,3,434,380
IIT Indore,MS (Research) Mechanical Engineering (ME),,SC,3,380,380
IIT Indore,MS (Research) Space Science and Engineering (SSE),,GEN,3,383,383
IIT Indore,Grand Total,,GEN,3,823,358
IIT Indore,Grand Total,,GEN-PwD,3,594,594
IIT Indore,Grand Total,,EWS,3,767,324
IIT Indore,Grand Total,,OBC,3,756,338
IIT Indore,Grand Total,,OBC-PwD,3,311,311
IIT Indore,Grand Total,,SC,3,668,204
IIT Indore,Grand Total,,ST,3,546,222
IIT Ropar,M.TECH MECHANICAL ENGINEERING (SPECIALIZATION IN THERMAL & FLUIDS ENGINEERING),,GEN,1,732,608
IIT Ropar,M.TECH MECHANICAL ENGINEERING (SPECIALIZATION IN THERMAL & FLUIDS ENGINEERING),,OBC,1,592,549
IIT Ropar,M.TECH MECHANICAL ENGINEERING (SPECIALIZATION IN THERMAL & FLUIDS ENGINEERING),,SC,1,532,483
IIT Ropar,M.TECH MECHANICAL ENGINEERING (SPECIALIZATION IN THERMAL & FLUIDS ENGINEERING),,ST,1,314,314
IIT Ropar,M.TECH MECHANICAL ENGINEERING (SPECIALIZATION IN THERMAL & FLUIDS ENGINEERING),,EWS,1,566,518
IIT Ropar,M.TECH MECHANICAL ENGINEERING (SPECIALIZATION IN MANUFACTURING ENGINEERING),,GEN,1,608,544
IIT Ropar,M.TECH MECHANICAL ENGINEERING (SPECIALIZATION IN MANUFACTURING ENGINEERING),,OBC,1,528,459
IIT Ropar,M.TECH MECHANICAL ENGINEERING (SPECIALIZATION IN MANUFACTURING ENGINEERING),,SC,1,483,443
IIT Ropar,M.TECH MECHANICAL ENGINEERING (SPECIALIZATION IN MANUFACTURING ENGINEERING),,ST,1,314,314
IIT Ropar,M.TECH MECHANICAL ENGINEERING (SPECIALIZATION IN MANUFACTURING ENGINEERING),,EWS,1,463,463
IIT Ropar,M.TECH MECHANICAL ENGINEERING (SPECIALIZATION IN MECHANICS AND DESIGN),,GEN,1,719,629
IIT Ropar,M.TECH MECHANICAL ENGINEERING (SPECIALIZATION IN MECHANICS AND DESIGN),,OBC,1,622,591
IIT Ropar,M.TECH MECHANICAL ENGINEERING (SPECIALIZATION IN MECHANICS AND DESIGN),,SC,1,539,532
IIT Ropar,M.TECH MECHANICAL ENGINEERING (SPECIALIZATION IN MECHANICS AND DESIGN),,ST,1,314,314
IIT Ropar,M.TECH MECHANICAL ENGINEERING (SPECIALIZATION IN MECHANICS AND DESIGN),,EWS,1,629,622
IIT Ropar,M.TECH MECHANICAL ENGINEERING (SPECIALIZATION IN COMPUTATIONAL MECHANICS),,GEN,1,677,525
IIT Ropar,M.TECH MECHANICAL ENGINEERING (SPECIALIZATION IN COMPUTATIONAL MECHANICS),,OBC,1,518,483
IIT Ropar,M.TECH MECHANICAL ENGINEERING (SPECIALIZATION IN COMPUTATIONAL MECHANICS),,SC,1,483,322
IIT Ropar,M.TECH MECHANICAL ENGINEERING (SPECIALIZATION IN COMPUTATIONAL MECHANICS),,ST,1,314,314
IIT Ropar,M.TECH MECHANICAL ENGINEERING (SPECIALIZATION IN COMPUTATIONAL MECHANICS),,EWS,1,473,473
IIT Ropar,M.TECH ELECTRICAL ENGINEERING( SPECIALIZATION IN POWER ENGINEERING),,GEN,1,637,538
IIT Ropar,M.TECH ELECTRICAL ENGINEERING( SPECIALIZATION IN POWER ENGINEERING),,OBC,1,535,508
IIT Ropar,M.TECH ELECTRICAL ENGINEERING( SPECIALIZATION IN POWER ENGINEERING),,SC,1,476,437
IIT Ropar,M.TECH ELECTRICAL ENGINEERING( SPECIALIZATION IN POWER ENGINEERING),,ST,1,366,366
IIT Ropar,M.TECH ELECTRICAL ENGINEERING( SPECIALIZATION IN POWER ENGINEERING),,EWS,1,527,486
IIT Ropar,M.TECH ELECTRICAL ENGINEERING (SPECIALIZATION IN COMMUNICATION AND SIGNAL PROCESSING),,GEN,1,733,616
IIT Ropar,M.TECH ELECTRICAL ENGINEERING (SPECIALIZATION IN COMMUNICATION AND SIGNAL PROCESSING),,OBC,1,569,514
IIT Ropar,M.TECH ELECTRICAL ENGINEERING (SPECIALIZATION IN COMMUNICATION AND SIGNAL PROCESSING),,SC,1,534,434
IIT Ropar,M.TECH ELECTRICAL ENGINEERING (SPECIALIZATION IN COMMUNICATION AND SIGNAL PROCESSING),,ST,1,424,424
IIT Ropar,M.TECH ELECTRICAL ENGINEERING (SPECIALIZATION IN COMMUNICATION AND SIGNAL PROCESSING),,EWS,1,479,479
IIT Ropar,M.TECH ELECTRICAL ENGINEERING (SPECIALIZATION IN MICROELECTRONICS & VLSI DESIGN),,GEN,1,733,635
IIT Ropar,M.TECH ELECTRICAL ENGINEERING (SPECIALIZATION IN MICROELECTRONICS & VLSI DESIGN),,OBC,1,616,581
IIT Ropar,M.TECH ELECTRICAL ENGINEERING (SPECIALIZATION IN MICROELECTRONICS & VLSI DESIGN),,SC,1,534,522
IIT Ropar,M.TECH ELECTRICAL ENGINEERING (SPECIALIZATION IN MICROELECTRONICS & VLSI DESIGN),,ST,1,459,424
IIT Ropar,M.TECH ELECTRICAL ENGINEERING (SPECIALIZATION IN MICROELECTRONICS & VLSI DESIGN),,EWS,1,616,584
IIT Ropar,M.TECH ARTIFICIAL INTELLIGENCE,,GEN,1,792,744
IIT Ropar,M.TECH ARTIFICIAL INTELLIGENCE,,OBC,1,741,698
IIT Ropar,M.TECH ARTIFICIAL INTELLIGENCE,,SC,1,678,598
IIT Ropar,M.TECH ARTIFICIAL INTELLIGENCE,,ST,1,440,440
IIT Ropar,M.TECH ARTIFICIAL INTELLIGENCE,,EWS,1,727,727
IIT Ropar,M.TECH COMPUTER SCIENCE & ENGINEERING,,GEN,1,793,760
IIT Ropar,M.TECH COMPUTER SCIENCE & ENGINEERING,,OBC,1,752,741
IIT Ropar,M.TECH COMPUTER SCIENCE & ENGINEERING,,SC,1,678,615
IIT Ropar,M.TECH COMPUTER SCIENCE & ENGINEERING,,ST,1,473,473
IIT Ropar,M.TECH COMPUTER SCIENCE & ENGINEERING,,EWS,1,760,727
IIT Ropar,M.TECH CIVIL ENGINEERING (SPECIALIZATION IN STRUCTURAL ENGINEERING AND GEOMECHANICS),,GEN,1,667,595
IIT Ropar,M.TECH CIVIL ENGINEERING (SPECIALIZATION IN STRUCTURAL ENGINEERING AND GEOMECHANICS),,OBC,1,579,528
IIT Ropar,M.TECH CIVIL ENGINEERING (SPECIALIZATION IN STRUCTURAL ENGINEERING AND GEOMECHANICS),,SC,1,488,484
IIT Ropar,M.TECH CIVIL ENGINEERING (SPECIALIZATION IN STRUCTURAL ENGINEERING AND GEOMECHANICS),,ST,1,370,370
IIT Ropar,M.TECH CIVIL ENGINEERING (SPECIALIZATION IN STRUCTURAL ENGINEERING AND GEOMECHANICS),,EWS,1,554,554
IIT Ropar,M.TECH CIVIL ENGINEERING(SPECIALIZATION IN WATER RESOURCES AND ENVIRONMENT),,GEN,1,614,502
IIT Ropar,M.TECH CIVIL ENGINEERING(SPECIALIZATION IN WATER RESOURCES AND ENVIRONMENT),,OBC,1,490,469
IIT Ropar,M.TECH CIVIL ENGINEERING(SPECIALIZATION IN WATER RESOURCES AND ENVIRONMENT),,SC,1,488,419
IIT Ropar,M.TECH CIVIL ENGINEERING(SPECIALIZATION IN WATER RESOURCES AND ENVIRONMENT),,ST,1,370,370
IIT Ropar,M.TECH CIVIL ENGINEERING(SPECIALIZATION IN WATER RESOURCES AND ENVIRONMENT),,EWS,1,401,401
IIT Ropar,M.TECH MECHANICAL ENGINEERING (SPECIALIZATION IN THERMAL & FLUIDS ENGINEERING),,GEN,2,615,573
IIT Ropar,M.TECH MECHANICAL ENGINEERING (SPECIALIZATION IN THERMAL & FLUIDS ENGINEERING),,OBC,2,542,515
IIT Ropar,M.TECH MECHANICAL ENGINEERING (SPECIALIZATION IN THERMAL & FLUIDS ENGINEERING),,SC,2,383,352
IIT Ropar,M.TECH MECHANICAL ENGINEERING (SPECIALIZATION IN THERMAL & FLUIDS ENGINEERING),,ST,2,279,279
IIT Ropar,M.TECH MECHANICAL ENGINEERING (SPECIALIZATION IN THERMAL & FLUIDS ENGINEERING),,EWS,2,518,463
IIT Ropar,M.TECH MECHANICAL ENGINEERING (SPECIALIZATION IN MANUFACTURING ENGINEERING),,GEN,2,544,494
IIT Ropar,M.TECH MECHANICAL ENGINEERING (SPECIALIZATION IN MANUFACTURING ENGINEERING),,OBC,2,528,445
IIT Ropar,M.TECH MECHANICAL ENGINEERING (SPECIALIZATION IN MANUFACTURING ENGINEERING),,SC,2,442,434
IIT Ropar,M.TECH MECHANICAL ENGINEERING (SPECIALIZATION IN MANUFACTURING ENGINEERING),,ST,2,302,302
IIT Ropar,M.TECH MECHANICAL ENGINEERING (SPECIALIZATION IN MANUFACTURING ENGINEERING),,EWS,2,418,418
IIT Ropar,M.TECH MECHANICAL ENGINEERING (SPECIALIZATION IN MECHANICS AND,,GEN,2,629,587
IIT Ropar,M.TECH MECHANICAL ENGINEERING (SPECIALIZATION IN MECHANICS AND,,OBC,2,618,549
IIT Ropar,M.TECH MECHANICAL ENGINEERING (SPECIALIZATION IN MECHANICS AND,,SC,2,539,483
IIT Ropar,M.TECH MECHANICAL ENGINEERING (SPECIALIZATION IN MECHANICS AND,,ST,2,311,311
IIT Ropar,M.TECH MECHANICAL ENGINEERING (SPECIALIZATION IN MECHANICS AND,,EWS,2,573,566
IIT Ropar,M.TECH MECHANICAL ENGINEERING (SPECIALIZATION IN COMPUTATIONAL MECHANICS),,GEN,2,580,504
IIT Ropar,M.TECH MECHANICAL ENGINEERING (SPECIALIZATION IN COMPUTATIONAL MECHANICS),,OBC,2,518,480
IIT Ropar,M.TECH MECHANICAL ENGINEERING (SPECIALIZATION IN COMPUTATIONAL MECHANICS),,SC,2,322,276
IIT Ropar,M.TECH MECHANICAL ENGINEERING (SPECIALIZATION IN COMPUTATIONAL MECHANICS),,ST,2,311,311
IIT Ropar,M.TECH MECHANICAL ENGINEERING (SPECIALIZATION IN COMPUTATIONAL MECHANICS),,EWS,2,473,473
IIT Ropar,M.TECH ELECTRICAL ENGINEERING ( SPECIALIZATION IN POWER ENGINEERING),,GEN,2,637,535
IIT Ropar,M.TECH ELECTRICAL ENGINEERING ( SPECIALIZATION IN POWER ENGINEERING),,OBC,2,531,492
IIT Ropar,M.TECH ELECTRICAL ENGINEERING ( SPECIALIZATION IN POWER ENGINEERING),,SC,2,437,413
IIT Ropar,M.TECH ELECTRICAL ENGINEERING ( SPECIALIZATION IN POWER ENGINEERING),,ST,2,366,366
IIT Ropar,M.TECH ELECTRICAL ENGINEERING ( SPECIALIZATION IN POWER ENGINEERING),,EWS,2,486,480
IIT Ropar,M.TECH ELECTRICAL ENGINEERING (SPECIALIZATION IN COMMUNICATION AND SIGNAL PROCESSING),,GEN,2,635,561
IIT Ropar,M.TECH ELECTRICAL ENGINEERING (SPECIALIZATION IN COMMUNICATION AND SIGNAL PROCESSING),,OBC,2,514,499
IIT Ropar,M.TECH ELECTRICAL ENGINEERING (SPECIALIZATION IN COMMUNICATION AND SIGNAL PROCESSING),,SC,2,434,420
IIT Ropar,M.TECH ELECTRICAL ENGINEERING (SPECIALIZATION IN COMMUNICATION AND SIGNAL PROCESSING),,ST,2,299,299
IIT Ropar,M.TECH ELECTRICAL ENGINEERING (SPECIALIZATION IN COMMUNICATION AND SIGNAL PROCESSING),,EWS,2,479,479
IIT Ropar,M.TECH ELECTRICAL ENGINEERING (SPECIALIZATION IN MICROELECTRONICS & VLSI DESIGN),,GEN,2,659,616
IIT Ropar,M.TECH ELECTRICAL ENGINEERING (SPECIALIZATION IN MICROELECTRONICS & VLSI DESIGN),,OBC,2,584,569
IIT Ropar,M.TECH ELECTRICAL ENGINEERING (SPECIALIZATION IN MICROELECTRONICS & VLSI DESIGN),,SC,2,522,475
IIT Ropar,M.TECH ELECTRICAL ENGINEERING (SPECIALIZATION IN MICROELECTRONICS & VLSI DESIGN),,ST,2,370,366
IIT Ropar,M.TECH ELECTRICAL ENGINEERING (SPECIALIZATION IN MICROELECTRONICS & VLSI DESIGN),,EWS,2,584,579
IIT Ropar,M.TECH ARTIFICIAL INTELLIGENCE,,GEN,2,792,741
IIT Ropar,M.TECH ARTIFICIAL INTELLIGENCE,,OBC,2,689,671
IIT Ropar,M.TECH ARTIFICIAL INTELLIGENCE,,SC,2,577,573
IIT Ropar,M.TECH ARTIFICIAL INTELLIGENCE,,ST,2,417,417
IIT Ropar,M.TECH ARTIFICIAL INTELLIGENCE,,EWS,2,724,724
IIT Ropar,M.TECH COMPUTER SCIENCE & ENGINEERING,,GEN,2,793,754
IIT Ropar,M.TECH COMPUTER SCIENCE & ENGINEERING,,OBC,2,744,727
IIT Ropar,M.TECH COMPUTER SCIENCE & ENGINEERING,,SC,2,615,579
IIT Ropar,M.TECH COMPUTER SCIENCE & ENGINEERING,,ST,2,473,473
IIT Ropar,M.TECH COMPUTER SCIENCE & ENGINEERING,,EWS,2,724,724
IIT Ropar,M.TECH CIVIL ENGINEERING (SPECIALIZATION IN STRUCTURAL ENGINEERING AND GEOMECHANICS),,GEN,2,579,550
IIT Ropar,M.TECH CIVIL ENGINEERING (SPECIALIZATION IN STRUCTURAL ENGINEERING AND GEOMECHANICS),,OBC,2,517,514
IIT Ropar,M.TECH CIVIL ENGINEERING (SPECIALIZATION IN STRUCTURAL ENGINEERING AND GEOMECHANICS),,SC,2,488,431
IIT Ropar,M.TECH CIVIL ENGINEERING (SPECIALIZATION IN STRUCTURAL ENGINEERING AND GEOMECHANICS),,ST,2,370,370
IIT Ropar,M.TECH CIVIL ENGINEERING (SPECIALIZATION IN STRUCTURAL ENGINEERING AND GEOMECHANICS),,EWS,2,547,547
IIT Ropar,M.TECH CIVIL ENGINEERING (SPECIALIZATION IN RESOURCES AND ENVIRONMENT),,GEN,2,505,482
IIT Ropar,M.TECH CIVIL ENGINEERING (SPECIALIZATION IN RESOURCES AND ENVIRONMENT),,OBC,2,479,445
IIT Ropar,M.TECH CIVIL ENGINEERING (SPECIALIZATION IN RESOURCES AND ENVIRONMENT),,SC,2,419,374
IIT Ropar,M.TECH CIVIL ENGINEERING (SPECIALIZATION IN RESOURCES AND ENVIRONMENT),,ST,2,340,340
IIT Ropar,M.TECH CIVIL ENGINEERING (SPECIALIZATION IN RESOURCES AND ENVIRONMENT),,EWS,2,400,400
IIT Ropar,M.TECH BIOMEDICAL ENGINEERING,,GEN,2,681,597
IIT Ropar,M.TECH BIOMEDICAL ENGINEERING,,OBC,2,532,520
IIT Ropar,M.TECH BIOMEDICAL ENGINEERING,,SC,2,492,445
IIT Ropar,M.TECH BIOMEDICAL ENGINEERING,,ST,2,272,272
IIT Ropar,M.TECH BIOMEDICAL ENGINEERING,,EWS,2,597,585
IIT Ropar,M.TECH CHEMICAL ENGINEERING METALLURGICAL AND MATERIALS,,GEN,2,535,447
IIT Ropar,M.TECH CHEMICAL ENGINEERING METALLURGICAL AND MATERIALS,,OBC,2,448,394
IIT Ropar,M.TECH CHEMICAL ENGINEERING METALLURGICAL AND MATERIALS,,SC,2,359,354
IIT Ropar,M.TECH CHEMICAL ENGINEERING METALLURGICAL AND MATERIALS,,ST,2,301,301
IIT Ropar,M.TECH CHEMICAL ENGINEERING METALLURGICAL AND MATERIALS,,EWS,2,398,398
IIT Ropar,M.TECH MECHANICAL ENGINEERING (SPECIALIZATION IN THERMAL & FLUIDS ENGINEERING),,GEN,3,615,546
IIT Ropar,M.TECH MECHANICAL ENGINEERING (SPECIALIZATION IN THERMAL & FLUIDS ENGINEERING),,OBC,3,535,497
IIT Ropar,M.TECH MECHANICAL ENGINEERING (SPECIALIZATION IN THERMAL & FLUIDS ENGINEERING),,SC,3,351,351
IIT Ropar,M.TECH MECHANICAL ENGINEERING (SPECIALIZATION IN THERMAL & FLUIDS ENGINEERING),,ST,3,279,279
IIT Ropar,M.TECH MECHANICAL ENGINEERING (SPECIALIZATION IN THERMAL & FLUIDS ENGINEERING),,EWS,3,456,456
IIT Ropar,M.TECH MECHANICAL ENGINEERING (SPECIALIZATION IN MANUFACTURING ENGINEERING),,GEN,3,483,463
IIT Ropar,M.TECH MECHANICAL ENGINEERING (SPECIALIZATION IN MANUFACTURING ENGINEERING),,OBC,3,442,421
IIT Ropar,M.TECH MECHANICAL ENGINEERING (SPECIALIZATION IN MANUFACTURING ENGINEERING),,SC,3,434,387
IIT Ropar,M.TECH MECHANICAL ENGINEERING (SPECIALIZATION IN MANUFACTURING ENGINEERING),,EWS,3,418,418
IIT Ropar,M.TECH MECHANICAL ENGINEERING (SPECIALIZATION IN MECHANICS AND DESIGN),,GEN,3,611,580
IIT Ropar,M.TECH MECHANICAL ENGINEERING (SPECIALIZATION IN MECHANICS AND DESIGN),,OBC,3,549,525
IIT Ropar,M.TECH MECHANICAL ENGINEERING (SPECIALIZATION IN MECHANICS AND DESIGN),,SC,3,456,443
IIT Ropar,M.TECH MECHANICAL ENGINEERING (SPECIALIZATION IN MECHANICS AND DESIGN),,ST,3,279,279
IIT Ropar,M.TECH MECHANICAL ENGINEERING (SPECIALIZATION IN MECHANICS AND DESIGN),,EWS,3,559,549
IIT Ropar,M.TECH MECHANICAL ENGINEERING (SPECIALIZATION IN COMPUTATIONAL MECHANICS),,GEN,3,511,483
IIT Ropar,M.TECH MECHANICAL ENGINEERING (SPECIALIZATION IN COMPUTATIONAL MECHANICS),,OBC,3,518,511
IIT Ropar,M.TECH MECHANICAL ENGINEERING (SPECIALIZATION IN COMPUTATIONAL MECHANICS),,SC,3,322,276
IIT Ropar,M.TECH MECHANICAL ENGINEERING (SPECIALIZATION IN COMPUTATIONAL MECHANICS),,ST,3,279,279
IIT Ropar,M.TECH MECHANICAL ENGINEERING (SPECIALIZATION IN COMPUTATIONAL MECHANICS),,EWS,3,473,473
IIT Ropar,M.TECH ELECTRICAL ENGINEERING( SPECIALIZATION IN POWER ENGINEERING),,GEN,3,637,527
IIT Ropar,M.TECH ELECTRICAL ENGINEERING( SPECIALIZATION IN POWER ENGINEERING),,OBC,3,531,472
IIT Ropar,M.TECH ELECTRICAL ENGINEERING( SPECIALIZATION IN POWER ENGINEERING),,SC,3,437,413
IIT Ropar,M.TECH ELECTRICAL ENGINEERING( SPECIALIZATION IN POWER ENGINEERING),,ST,3,366,366
IIT Ropar,M.TECH ELECTRICAL ENGINEERING( SPECIALIZATION IN POWER ENGINEERING),,EWS,3,486,429
IIT Ropar,M.TECH ELECTRICAL ENGINEERING (SPECIALIZATION IN COMMUNICATION AND SIGNAL PROCESSING),,GEN,3,569,553
IIT Ropar,M.TECH ELECTRICAL ENGINEERING (SPECIALIZATION IN COMMUNICATION AND SIGNAL PROCESSING),,OBC,3,514,499
IIT Ropar,M.TECH ELECTRICAL ENGINEERING (SPECIALIZATION IN COMMUNICATION AND SIGNAL PROCESSING),,SC,3,412,401
IIT Ropar,M.TECH ELECTRICAL ENGINEERING (SPECIALIZATION IN COMMUNICATION AND SIGNAL PROCESSING),,ST,3,299,299
IIT Ropar,M.TECH ELECTRICAL ENGINEERING (SPECIALIZATION IN COMMUNICATION AND SIGNAL PROCESSING),,EWS,3,479,475
IIT Ropar,M.TECH ELECTRICAL ENGINEERING (SPECIALIZATION IN MICROELECTRONICS & DESIGN),,GEN,3,659,616
IIT Ropar,M.TECH ELECTRICAL ENGINEERING (SPECIALIZATION IN MICROELECTRONICS & DESIGN),,OBC,3,584,569
IIT Ropar,M.TECH ELECTRICAL ENGINEERING (SPECIALIZATION IN MICROELECTRONICS & DESIGN),,SC,3,475,440
IIT Ropar,M.TECH ELECTRICAL ENGINEERING (SPECIALIZATION IN MICROELECTRONICS & DESIGN),,ST,3,370,366
IIT Ropar,M.TECH ELECTRICAL ENGINEERING (SPECIALIZATION IN MICROELECTRONICS & DESIGN),,EWS,3,584,557
IIT Ropar,M.TECH ARTIFICIAL INTELLIGENCE,,GEN,3,792,734
IIT Ropar,M.TECH ARTIFICIAL INTELLIGENCE,,OBC,3,689,668
IIT Ropar,M.TECH ARTIFICIAL INTELLIGENCE,,SC,3,572,564
IIT Ropar,M.TECH ARTIFICIAL INTELLIGENCE,,ST,3,417,417
IIT Ropar,M.TECH ARTIFICIAL INTELLIGENCE,,EWS,3,724,724
IIT Ropar,M.TECH COMPUTER SCIENCE & ENGINEERING,,GEN,3,793,747
IIT Ropar,M.TECH COMPUTER SCIENCE & ENGINEERING,,OBC,3,731,718
IIT Ropar,M.TECH COMPUTER SCIENCE & ENGINEERING,,SC,3,572,564
IIT Ropar,M.TECH COMPUTER SCIENCE & ENGINEERING,,ST,3,473,473
IIT Ropar,M.TECH COMPUTER SCIENCE & ENGINEERING,,EWS,3,724,718
IIT Ropar,M.TECH CIVIL (SPECIALIZATION IN STRUCTURAL AND GEOMECHANICS),,GEN,3,554,541
IIT Ropar,M.TECH CIVIL (SPECIALIZATION IN STRUCTURAL AND GEOMECHANICS),,OBC,3,514,507
IIT Ropar,M.TECH CIVIL (SPECIALIZATION IN STRUCTURAL AND GEOMECHANICS),,SC,3,488,431
IIT Ropar,M.TECH CIVIL (SPECIALIZATION IN STRUCTURAL AND GEOMECHANICS),,ST,3,370,370
IIT Ropar,M.TECH CIVIL (SPECIALIZATION IN STRUCTURAL AND GEOMECHANICS),,EWS,3,503,503
IIT Ropar,M.TECH CIVIL ON IN WATER RESOURCES AND ENVIRONMENT),,GEN,3,505,463
IIT Ropar,M.TECH CIVIL ON IN WATER RESOURCES AND ENVIRONMENT),,OBC,3,469,423
IIT Ropar,M.TECH CIVIL ON IN WATER RESOURCES AND ENVIRONMENT),,SC,3,374,366
IIT Ropar,M.TECH CIVIL ON IN WATER RESOURCES AND ENVIRONMENT),,ST,3,314,314
IIT Ropar,M.TECH CIVIL ON IN WATER RESOURCES AND ENVIRONMENT),,EWS,3,392,392
IIT Ropar,M.TECH BIOMEDICAL ENGINEERING,,GEN,3,597,585
IIT Ropar,M.TECH BIOMEDICAL ENGINEERING,,OBC,3,530,513
IIT Ropar,M.TECH BIOMEDICAL ENGINEERING,,SC,3,440,429
IIT Ropar,M.TECH BIOMEDICAL ENGINEERING,,ST,3,255,255
IIT Ropar,M.TECH BIOMEDICAL ENGINEERING,,EWS,3,585,576
IIT Ropar,M.TECH CHEMICAL ENGINEERING METALLURGICAL AND MATERIALS ENGINEERING,,GEN,3,535,433
IIT Ropar,M.TECH CHEMICAL ENGINEERING METALLURGICAL AND MATERIALS ENGINEERING,,OBC,3,448,379
IIT Ropar,M.TECH CHEMICAL ENGINEERING METALLURGICAL AND MATERIALS ENGINEERING,,SC,3,359,354
IIT Ropar,M.TECH CHEMICAL ENGINEERING METALLURGICAL AND MATERIALS ENGINEERING,,ST,3,232,232
IIT Ropar,M.TECH CHEMICAL ENGINEERING METALLURGICAL AND MATERIALS ENGINEERING,,EWS,3,398,398
IIT Ropar,M.TECH MECHANICAL ENGINEERING (SPECIALIZATION THERMAL & FLUIDS,,GEN,4,542,518
IIT Ropar,M.TECH MECHANICAL ENGINEERING (SPECIALIZATION THERMAL & FLUIDS,,OBC,4,511,494
IIT Ropar,M.TECH MECHANICAL ENGINEERING (SPECIALIZATION THERMAL & FLUIDS,,SC,4,328,328
IIT Ropar,M.TECH MECHANICAL ENGINEERING (SPECIALIZATION THERMAL & FLUIDS,,ST,4,262,262
IIT Ropar,M.TECH MECHANICAL ENGINEERING (SPECIALIZATION THERMAL & FLUIDS,,EWS,4,456,452
IIT Ropar,M.TECH MECHANICAL ENGINEERING (SPECIALIZATION MANUFACTURING ENGINEERING),,GEN,4,483,459
IIT Ropar,M.TECH MECHANICAL ENGINEERING (SPECIALIZATION MANUFACTURING ENGINEERING),,OBC,4,434,411
IIT Ropar,M.TECH MECHANICAL ENGINEERING (SPECIALIZATION MANUFACTURING ENGINEERING),,SC,4,434,362
IIT Ropar,M.TECH MECHANICAL ENGINEERING (SPECIALIZATION MANUFACTURING ENGINEERING),,EWS,4,418,418
IIT Ropar,M.TECH MECHANICAL ENGINEERING (SPECIALIZATION MECHANICS AND DESIGN),,GEN,4,611,575
IIT Ropar,M.TECH MECHANICAL ENGINEERING (SPECIALIZATION MECHANICS AND DESIGN),,OBC,4,535,518
IIT Ropar,M.TECH MECHANICAL ENGINEERING (SPECIALIZATION MECHANICS AND DESIGN),,SC,4,456,434
IIT Ropar,M.TECH MECHANICAL ENGINEERING (SPECIALIZATION MECHANICS AND DESIGN),,ST,4,279,279
IIT Ropar,M.TECH MECHANICAL ENGINEERING (SPECIALIZATION MECHANICS AND DESIGN),,EWS,4,549,542
IIT Ropar,M.TECH MECHANICAL ENGINEERING (SPECIALIZATION COMPUTATIONAL MECHANICS),,GEN,4,511,473
IIT Ropar,M.TECH MECHANICAL ENGINEERING (SPECIALIZATION COMPUTATIONAL MECHANICS),,OBC,4,480,463
IIT Ropar,M.TECH MECHANICAL ENGINEERING (SPECIALIZATION COMPUTATIONAL MECHANICS),,SC,4,281,276
IIT Ropar,M.TECH MECHANICAL ENGINEERING (SPECIALIZATION COMPUTATIONAL MECHANICS),,ST,4,248,248
IIT Ropar,M.TECH MECHANICAL ENGINEERING (SPECIALIZATION COMPUTATIONAL MECHANICS),,EWS,4,467,467
IIT Ropar,M.TECH ELECTRICAL ENGINEERING( SPECIALIZATION POWER ENGINEERING),,GEN,4,527,519
IIT Ropar,M.TECH ELECTRICAL ENGINEERING( SPECIALIZATION POWER ENGINEERING),,OBC,4,476,468
IIT Ropar,M.TECH ELECTRICAL ENGINEERING( SPECIALIZATION POWER ENGINEERING),,SC,4,413,401
IIT Ropar,M.TECH ELECTRICAL ENGINEERING( SPECIALIZATION POWER ENGINEERING),,EWS,4,429,425
IIT Ropar,M.TECH ELECTRICAL ENGINEERING (SPECIALIZATION IN AND SIGNAL PROCESSING),,GEN,4,569,548
IIT Ropar,M.TECH ELECTRICAL ENGINEERING (SPECIALIZATION IN AND SIGNAL PROCESSING),,OBC,4,509,495
IIT Ropar,M.TECH ELECTRICAL ENGINEERING (SPECIALIZATION IN AND SIGNAL PROCESSING),,SC,4,412,390
IIT Ropar,M.TECH ELECTRICAL ENGINEERING (SPECIALIZATION IN AND SIGNAL PROCESSING),,ST,4,299,299
IIT Ropar,M.TECH ELECTRICAL ENGINEERING (SPECIALIZATION IN AND SIGNAL PROCESSING),,EWS,4,475,467
IIT Ropar,M.TECH ELECTRICAL ENGINEERING (SPECIALIZATION IN MICROELECTRONICS & VLSI DESIGN),,GEN,4,635,600
IIT Ropar,M.TECH ELECTRICAL ENGINEERING (SPECIALIZATION IN MICROELECTRONICS & VLSI DESIGN),,OBC,4,581,565
IIT Ropar,M.TECH ELECTRICAL ENGINEERING (SPECIALIZATION IN MICROELECTRONICS & VLSI DESIGN),,SC,4,475,434
IIT Ropar,M.TECH ELECTRICAL ENGINEERING (SPECIALIZATION IN MICROELECTRONICS & VLSI DESIGN),,ST,4,366,350
IIT Ropar,M.TECH ELECTRICAL ENGINEERING (SPECIALIZATION IN MICROELECTRONICS & VLSI DESIGN),,EWS,4,557,553
IIT Ropar,M.TECH ARTIFICIAL,,GEN,4,741,731
IIT Ropar,M.TECH ARTIFICIAL,,OBC,4,684,664
IIT Ropar,M.TECH ARTIFICIAL,,SC,4,552,552
IIT Ropar,M.TECH ARTIFICIAL,,ST,4,417,417
IIT Ropar,M.TECH ARTIFICIAL,,EWS,4,718,718
IIT Ropar,M.TECH COMPUTER SCIENCE & ENGINEERING,,GEN,4,760,744
IIT Ropar,M.TECH COMPUTER SCIENCE & ENGINEERING,,OBC,4,731,714
IIT Ropar,M.TECH COMPUTER SCIENCE & ENGINEERING,,SC,4,572,564
IIT Ropar,M.TECH COMPUTER SCIENCE & ENGINEERING,,ST,4,452,436
IIT Ropar,M.TECH COMPUTER SCIENCE & ENGINEERING,,EWS,4,718,718
IIT Ropar,M.TECH CIVIL ENGINEERING (SPECIALIZATION IN STRUCTURAL ENGINEERING AND GEOMECHANICS),,GEN,4,554,533
IIT Ropar,M.TECH CIVIL ENGINEERING (SPECIALIZATION IN STRUCTURAL ENGINEERING AND GEOMECHANICS),,OBC,4,509,495
IIT Ropar,M.TECH CIVIL ENGINEERING (SPECIALIZATION IN STRUCTURAL ENGINEERING AND GEOMECHANICS),,SC,4,431,427
IIT Ropar,M.TECH CIVIL ENGINEERING (SPECIALIZATION IN STRUCTURAL ENGINEERING AND GEOMECHANICS),,EWS,4,469,469
IIT Ropar,M.TECH CIVIL ENGINEERING(SPECIALIZATION IN WATER RESOURCES AND ENVIRONMENT),,GEN,4,472,457
IIT Ropar,M.TECH CIVIL ENGINEERING(SPECIALIZATION IN WATER RESOURCES AND ENVIRONMENT),,OBC,4,435,412
IIT Ropar,M.TECH CIVIL ENGINEERING(SPECIALIZATION IN WATER RESOURCES AND ENVIRONMENT),,SC,4,374,337
IIT Ropar,M.TECH CIVIL ENGINEERING(SPECIALIZATION IN WATER RESOURCES AND ENVIRONMENT),,ST,4,314,314
IIT Ropar,M.TECH CIVIL ENGINEERING(SPECIALIZATION IN WATER RESOURCES AND ENVIRONMENT),,EWS,4,392,392
IIT Ropar,M.TECH BIOMEDICAL,,GEN,4,597,576
IIT Ropar,M.TECH BIOMEDICAL,,OBC,4,523,492
IIT Ropar,M.TECH BIOMEDICAL,,SC,4,411,382
IIT Ropar,M.TECH BIOMEDICAL,,EWS,4,523,518
IIT Ropar,M.TECH CHEMICAL ENGINEERING METALLURGICAL AND ENGINEERING NOTE: There might be some retain the Seat.,,GEN,4,428,408
IIT Ropar,M.TECH CHEMICAL ENGINEERING METALLURGICAL AND ENGINEERING NOTE: There might be some retain the Seat.,,OBC,4,389,379
IIT Ropar,M.TECH CHEMICAL ENGINEERING METALLURGICAL AND ENGINEERING NOTE: There might be some retain the Seat.,,SC,4,325,306
IIT Ropar,M.TECH CHEMICAL ENGINEERING METALLURGICAL AND ENGINEERING NOTE: There might be some retain the Seat.,,ST,4,162,162
IIT Ropar,M.TECH CHEMICAL ENGINEERING METALLURGICAL AND ENGINEERING NOTE: There might be some retain the Seat.,,EWS,4,398,398
IIT Ropar,M.TECH MECHANICAL ENGINEERING IN THERMAL & FLUIDS ENGINEERING),,GEN,5,518,504
IIT Ropar,M.TECH MECHANICAL ENGINEERING IN THERMAL & FLUIDS ENGINEERING),,OBC,5,511,494
IIT Ropar,M.TECH MECHANICAL ENGINEERING IN THERMAL & FLUIDS ENGINEERING),,SC,5,318,318
IIT Ropar,M.TECH MECHANICAL ENGINEERING IN THERMAL & FLUIDS ENGINEERING),,ST,5,248,248
IIT Ropar,M.TECH MECHANICAL ENGINEERING IN THERMAL & FLUIDS ENGINEERING),,EWS,5,456,452
IIT Ropar,M.TECH MECHANICAL ENGINEERING (SPECIALIZATION MANUFACTURING ENGINEERING),,GEN,5,470,443
IIT Ropar,M.TECH MECHANICAL ENGINEERING (SPECIALIZATION MANUFACTURING ENGINEERING),,OBC,5,434,411
IIT Ropar,M.TECH MECHANICAL ENGINEERING (SPECIALIZATION MANUFACTURING ENGINEERING),,SC,5,334,324
IIT Ropar,M.TECH MECHANICAL ENGINEERING (SPECIALIZATION MANUFACTURING ENGINEERING),,EWS,5,387,387
IIT Ropar,M.TECH MECHANICAL ENGINEERING (SPECIALIZATION MECHANICS AND DESIGN),,GEN,5,580,559
IIT Ropar,M.TECH MECHANICAL ENGINEERING (SPECIALIZATION MECHANICS AND DESIGN),,OBC,5,535,515
IIT Ropar,M.TECH MECHANICAL ENGINEERING (SPECIALIZATION MECHANICS AND DESIGN),,SC,5,456,434
IIT Ropar,M.TECH MECHANICAL ENGINEERING (SPECIALIZATION MECHANICS AND DESIGN),,ST,5,279,279
IIT Ropar,M.TECH MECHANICAL ENGINEERING (SPECIALIZATION MECHANICS AND DESIGN),,EWS,5,549,515
IIT Ropar,M.TECH MECHANICAL ENGINEERING (SPECIALIZATION COMPUTATIONAL MECHANICS),,GEN,5,483,463
IIT Ropar,M.TECH MECHANICAL ENGINEERING (SPECIALIZATION COMPUTATIONAL MECHANICS),,OBC,5,466,456
IIT Ropar,M.TECH MECHANICAL ENGINEERING (SPECIALIZATION COMPUTATIONAL MECHANICS),,SC,5,273,273
IIT Ropar,M.TECH MECHANICAL ENGINEERING (SPECIALIZATION COMPUTATIONAL MECHANICS),,ST,5,241,241
IIT Ropar,M.TECH MECHANICAL ENGINEERING (SPECIALIZATION COMPUTATIONAL MECHANICS),,EWS,5,387,387
IIT Ropar,M.TECH ELECTRICAL ( SPECIALIZATION IN POWER ENGINEERING),,GEN,5,519,504
IIT Ropar,M.TECH ELECTRICAL ( SPECIALIZATION IN POWER ENGINEERING),,OBC,5,472,464
IIT Ropar,M.TECH ELECTRICAL ( SPECIALIZATION IN POWER ENGINEERING),,SC,5,389,389
IIT Ropar,M.TECH ELECTRICAL ( SPECIALIZATION IN POWER ENGINEERING),,EWS,5,429,421
IIT Ropar,M.TECH ELECTRICAL (SPECIALIZATION IN COMMUNICATION AND SIGNAL PROCESSING),,GEN,5,553,545
IIT Ropar,M.TECH ELECTRICAL (SPECIALIZATION IN COMMUNICATION AND SIGNAL PROCESSING),,OBC,5,495,483
IIT Ropar,M.TECH ELECTRICAL (SPECIALIZATION IN COMMUNICATION AND SIGNAL PROCESSING),,SC,5,412,389
IIT Ropar,M.TECH ELECTRICAL (SPECIALIZATION IN COMMUNICATION AND SIGNAL PROCESSING),,ST,5,272,272
IIT Ropar,M.TECH ELECTRICAL (SPECIALIZATION IN COMMUNICATION AND SIGNAL PROCESSING),,EWS,5,475,467
IIT Ropar,M.TECH ELECTRICAL (SPECIALIZATION IN MICROELECTRONICS & VLSI DESIGN),,GEN,5,608,584
IIT Ropar,M.TECH ELECTRICAL (SPECIALIZATION IN MICROELECTRONICS & VLSI DESIGN),,OBC,5,569,538
IIT Ropar,M.TECH ELECTRICAL (SPECIALIZATION IN MICROELECTRONICS & VLSI DESIGN),,SC,5,452,414
IIT Ropar,M.TECH ELECTRICAL (SPECIALIZATION IN MICROELECTRONICS & VLSI DESIGN),,ST,5,335,335
IIT Ropar,M.TECH ELECTRICAL (SPECIALIZATION IN MICROELECTRONICS & VLSI DESIGN),,EWS,5,557,553
IIT Ropar,M.TECH ARTIFICIAL,,GEN,5,739,727
IIT Ropar,M.TECH ARTIFICIAL,,OBC,5,668,660
IIT Ropar,M.TECH ARTIFICIAL,,SC,5,552,531
IIT Ropar,M.TECH ARTIFICIAL,,ST,5,397,397
IIT Ropar,M.TECH ARTIFICIAL,,EWS,5,706,706
IIT Ropar,M.TECH COMPUTER SCIENCE & ENGINEERING,,GEN,5,747,735
IIT Ropar,M.TECH COMPUTER SCIENCE & ENGINEERING,,OBC,5,714,706
IIT Ropar,M.TECH COMPUTER SCIENCE & ENGINEERING,,SC,5,564,552
IIT Ropar,M.TECH COMPUTER SCIENCE & ENGINEERING,,ST,5,418,417
IIT Ropar,M.TECH COMPUTER SCIENCE & ENGINEERING,,EWS,5,718,716
IIT Ropar,M.TECH CIVIL ENGINEERING (SPECIALIZATION IN STRUCTURAL ENGINEERING AND GEOMECHANICS),,GEN,5,537,528
IIT Ropar,M.TECH CIVIL ENGINEERING (SPECIALIZATION IN STRUCTURAL ENGINEERING AND GEOMECHANICS),,OBC,5,495,493
IIT Ropar,M.TECH CIVIL ENGINEERING (SPECIALIZATION IN STRUCTURAL ENGINEERING AND GEOMECHANICS),,SC,5,423,423
IIT Ropar,M.TECH CIVIL ENGINEERING (SPECIALIZATION IN STRUCTURAL ENGINEERING AND GEOMECHANICS),,EWS,5,469,469
IIT Ropar,M.TECH CIVIL ENGINEERING(SPECIALIZATION IN WATER RESOURCES AND ENVIRONMENT),,GEN,5,468,455
IIT Ropar,M.TECH CIVIL ENGINEERING(SPECIALIZATION IN WATER RESOURCES AND ENVIRONMENT),,OBC,5,435,404
IIT Ropar,M.TECH CIVIL ENGINEERING(SPECIALIZATION IN WATER RESOURCES AND ENVIRONMENT),,SC,5,328,322
IIT Ropar,M.TECH CIVIL ENGINEERING(SPECIALIZATION IN WATER RESOURCES AND ENVIRONMENT),,ST,5,314,314
IIT Ropar,M.TECH CIVIL ENGINEERING(SPECIALIZATION IN WATER RESOURCES AND ENVIRONMENT),,EWS,5,392,392
IIT Ropar,M.TECH BIOMEDICAL ENGINEERING,,GEN,5,595,565
IIT Ropar,M.TECH BIOMEDICAL ENGINEERING,,OBC,5,487,480
IIT Ropar,M.TECH BIOMEDICAL ENGINEERING,,SC,5,361,343
IIT Ropar,M.TECH BIOMEDICAL ENGINEERING,,EWS,5,518,450
IIT Ropar,M.TECH CHEMICAL ENGINEERING METALLURGICAL AND ENGINEERING NOTE: There might opted to retain the,,GEN,5,428,403
IIT Ropar,M.TECH CHEMICAL ENGINEERING METALLURGICAL AND ENGINEERING NOTE: There might opted to retain the,,OBC,5,389,375
IIT Ropar,M.TECH CHEMICAL ENGINEERING METALLURGICAL AND ENGINEERING NOTE: There might opted to retain the,,SC,5,325,286
IIT Ropar,M.TECH CHEMICAL ENGINEERING METALLURGICAL AND ENGINEERING NOTE: There might opted to retain the,,ST,5,162,162
IIT Ropar,M.TECH CHEMICAL ENGINEERING METALLURGICAL AND ENGINEERING NOTE: There might opted to retain the,,EWS,5,369,369
IIT Ropar,M.TECH MECHANICAL ENGINEERING IN THERMAL & FLUIDS ENGINEERING),,GEN,6,494,463
IIT Ropar,M.TECH MECHANICAL ENGINEERING IN THERMAL & FLUIDS ENGINEERING),,OBC,6,463,442
IIT Ropar,M.TECH MECHANICAL ENGINEERING IN THERMAL & FLUIDS ENGINEERING),,SC,6,314,308
IIT Ropar,M.TECH MECHANICAL ENGINEERING IN THERMAL & FLUIDS ENGINEERING),,EWS,6,445,373
IIT Ropar,M.TECH MECHANICAL ENGINEERING IN MANUFACTURING ENGINEERING),,GEN,6,442,408
IIT Ropar,M.TECH MECHANICAL ENGINEERING IN MANUFACTURING ENGINEERING),,OBC,6,407,352
IIT Ropar,M.TECH MECHANICAL ENGINEERING IN MANUFACTURING ENGINEERING),,SC,6,308,283
IIT Ropar,M.TECH MECHANICAL ENGINEERING IN MANUFACTURING ENGINEERING),,EWS,6,369,359
IIT Ropar,M.TECH MECHANICAL ENGINEERING IN MECHANICS AND DESIGN),,GEN,6,549,504
IIT Ropar,M.TECH MECHANICAL ENGINEERING IN MECHANICS AND DESIGN),,OBC,6,504,473
IIT Ropar,M.TECH MECHANICAL ENGINEERING IN MECHANICS AND DESIGN),,SC,6,428,335
IIT Ropar,M.TECH MECHANICAL ENGINEERING IN MECHANICS AND DESIGN),,EWS,6,490,490
IIT Ropar,M.TECH MECHANICAL ENGINEERING IN COMPUTATIONAL MECHANICS),,GEN,6,461,442
IIT Ropar,M.TECH MECHANICAL ENGINEERING IN COMPUTATIONAL MECHANICS),,OBC,6,442,380
IIT Ropar,M.TECH MECHANICAL ENGINEERING IN COMPUTATIONAL MECHANICS),,SC,6,273,273
IIT Ropar,M.TECH MECHANICAL ENGINEERING IN COMPUTATIONAL MECHANICS),,EWS,6,362,359
IIT Ropar,M.TECH ELECTRICAL ENGINEERING( IN POWER ENGINEERING),,GEN,6,500,464
IIT Ropar,M.TECH ELECTRICAL ENGINEERING( IN POWER ENGINEERING),,OBC,6,460,452
IIT Ropar,M.TECH ELECTRICAL ENGINEERING( IN POWER ENGINEERING),,SC,6,382,378
IIT Ropar,M.TECH ELECTRICAL ENGINEERING( IN POWER ENGINEERING),,EWS,6,393,378
IIT Ropar,M.TECH ELECTRICAL ENGINEERING IN COMMUNICATION AND SIGNAL PROCESSING),,GEN,6,541,502
IIT Ropar,M.TECH ELECTRICAL ENGINEERING IN COMMUNICATION AND SIGNAL PROCESSING),,OBC,6,483,459
IIT Ropar,M.TECH ELECTRICAL ENGINEERING IN COMMUNICATION AND SIGNAL PROCESSING),,SC,6,375,370
IIT Ropar,M.TECH ELECTRICAL ENGINEERING IN COMMUNICATION AND SIGNAL PROCESSING),,EWS,6,463,436
IIT Ropar,M.TECH ELECTRICAL ENGINEERING IN MICROELECTRONICS & VLSI DESIGN),,GEN,6,584,565
IIT Ropar,M.TECH ELECTRICAL ENGINEERING IN MICROELECTRONICS & VLSI DESIGN),,OBC,6,530,506
IIT Ropar,M.TECH ELECTRICAL ENGINEERING IN MICROELECTRONICS & VLSI DESIGN),,SC,6,412,410
IIT Ropar,M.TECH ELECTRICAL ENGINEERING IN MICROELECTRONICS & VLSI DESIGN),,EWS,6,548,548
IIT Ropar,M.TECH ARTIFICIAL INTELLIGENCE,,GEN,6,727,718
IIT Ropar,M.TECH ARTIFICIAL INTELLIGENCE,,OBC,6,658,655
IIT Ropar,M.TECH ARTIFICIAL INTELLIGENCE,,SC,6,526,493
IIT Ropar,M.TECH ARTIFICIAL INTELLIGENCE,,ST,6,397,393
IIT Ropar,M.TECH ARTIFICIAL INTELLIGENCE,,EWS,6,706,702
IIT Ropar,M.TECH COMPUTER SCIENCE ENGINEERING,,GEN,6,734,724
IIT Ropar,M.TECH COMPUTER SCIENCE ENGINEERING,,OBC,6,701,688
IIT Ropar,M.TECH COMPUTER SCIENCE ENGINEERING,,SC,6,552,552
IIT Ropar,M.TECH COMPUTER SCIENCE ENGINEERING,,ST,6,397,393
IIT Ropar,M.TECH COMPUTER SCIENCE ENGINEERING,,EWS,6,711,698
IIT Ropar,M.TECH CIVIL ENGINEERING (SPECIALIZATION IN STRUCTURAL ENGINEERING AND GEOMECHANICS),,GEN,6,528,517
IIT Ropar,M.TECH CIVIL ENGINEERING (SPECIALIZATION IN STRUCTURAL ENGINEERING AND GEOMECHANICS),,SC,6,410,397
IIT Ropar,M.TECH CIVIL ENGINEERING (SPECIALIZATION IN STRUCTURAL ENGINEERING AND GEOMECHANICS),,EWS,6,442,434
IIT Ropar,M.TECH CIVIL IN WATER RESOURCES AND ENVIRONMENT),,GEN,6,454,427
IIT Ropar,M.TECH CIVIL IN WATER RESOURCES AND ENVIRONMENT),,OBC,6,404,385
IIT Ropar,M.TECH CIVIL IN WATER RESOURCES AND ENVIRONMENT),,SC,6,318,317
IIT Ropar,M.TECH CIVIL IN WATER RESOURCES AND ENVIRONMENT),,ST,6,295,292
IIT Ropar,M.TECH CIVIL IN WATER RESOURCES AND ENVIRONMENT),,EWS,6,390,389
IIT Ropar,M.TECH BIOMEDICAL ENGINEERING,,GEN,6,555,523
IIT Ropar,M.TECH BIOMEDICAL ENGINEERING,,OBC,6,476,435
IIT Ropar,M.TECH BIOMEDICAL ENGINEERING,,SC,6,324,303
IIT Ropar,M.TECH CHEMICAL ENGINEERING METALLURGICAL AND MATERIALS ENGINEERING,,GEN,6,396,374
IIT Ropar,M.TECH CHEMICAL ENGINEERING METALLURGICAL AND MATERIALS ENGINEERING,,OBC,6,369,350
IIT Ropar,M.TECH CHEMICAL ENGINEERING METALLURGICAL AND MATERIALS ENGINEERING,,SC,6,286,271
IIT Ropar,M.TECH CHEMICAL ENGINEERING METALLURGICAL AND MATERIALS ENGINEERING,,EWS,6,325,320
IIT Ropar,M.TECH MECHANICAL ENGINEERING (SPECIALIZATION IN & FLUIDS ENGINEERING),,GEN,7,463,442
IIT Ropar,M.TECH MECHANICAL ENGINEERING (SPECIALIZATION IN & FLUIDS ENGINEERING),,OBC,7,435,404
IIT Ropar,M.TECH MECHANICAL ENGINEERING (SPECIALIZATION IN & FLUIDS ENGINEERING),,EWS,7,359,323
IIT Ropar,M.TECH MECHANICAL ENGINEERING (SPECIALIZATION IN MANUFACTURING ENGINEERING),,GEN,7,407,369
IIT Ropar,M.TECH MECHANICAL ENGINEERING (SPECIALIZATION IN MANUFACTURING ENGINEERING),,OBC,7,349,338
IIT Ropar,M.TECH MECHANICAL ENGINEERING (SPECIALIZATION IN MANUFACTURING ENGINEERING),,EWS,7,324,324
IIT Ropar,M.TECH MECHANICAL ENGINEERING (SPECIALIZATION IN MECHANICS AND DESIGN),,GEN,7,504,466
IIT Ropar,M.TECH MECHANICAL ENGINEERING (SPECIALIZATION IN MECHANICS AND DESIGN),,OBC,7,463,456
IIT Ropar,M.TECH MECHANICAL ENGINEERING (SPECIALIZATION IN MECHANICS AND DESIGN),,SC,7,318,273
IIT Ropar,M.TECH MECHANICAL ENGINEERING (SPECIALIZATION IN MECHANICS AND DESIGN),,EWS,7,463,452
IIT Ropar,M.TECH MECHANICAL ENGINEERING (SPECIALIZATION IN COMPUTATIONAL,,GEN,7,442,421
IIT Ropar,M.TECH MECHANICAL ENGINEERING (SPECIALIZATION IN COMPUTATIONAL,,OBC,7,376,318
IIT Ropar,M.TECH MECHANICAL ENGINEERING (SPECIALIZATION IN COMPUTATIONAL,,SC,7,273,248
IIT Ropar,M.TECH MECHANICAL ENGINEERING (SPECIALIZATION IN COMPUTATIONAL,,EWS,7,314,314
IIT Ropar,M.TECH ELECTRICAL ENGINEERING( SPECIALIZATION IN POWER ENGINEERING),,GEN,7,464,460
IIT Ropar,M.TECH ELECTRICAL ENGINEERING( SPECIALIZATION IN POWER ENGINEERING),,OBC,7,448,437
IIT Ropar,M.TECH ELECTRICAL ENGINEERING( SPECIALIZATION IN POWER ENGINEERING),,SC,7,370,354
IIT Ropar,M.TECH ELECTRICAL ENGINEERING( SPECIALIZATION IN POWER ENGINEERING),,EWS,7,378,350
IIT Ropar,M.TECH ELECTRICAL ENGINEERING (SPECIALIZATION IN COMMUNICATION AND PROCESSING),,GEN,7,501,479
IIT Ropar,M.TECH ELECTRICAL ENGINEERING (SPECIALIZATION IN COMMUNICATION AND PROCESSING),,OBC,7,459,449
IIT Ropar,M.TECH ELECTRICAL ENGINEERING (SPECIALIZATION IN COMMUNICATION AND PROCESSING),,SC,7,362,345
IIT Ropar,M.TECH ELECTRICAL ENGINEERING (SPECIALIZATION IN COMMUNICATION AND PROCESSING),,EWS,7,434,420
IIT Ropar,M.TECH ELECTRICAL ENGINEERING (SPECIALIZATION IN MICROELECTRONICS & VLSI DESIGN),,GEN,7,565,538
IIT Ropar,M.TECH ELECTRICAL ENGINEERING (SPECIALIZATION IN MICROELECTRONICS & VLSI DESIGN),,OBC,7,506,483
IIT Ropar,M.TECH ELECTRICAL ENGINEERING (SPECIALIZATION IN MICROELECTRONICS & VLSI DESIGN),,EWS,7,530,510
IIT Ropar,M.TECH ARTIFICIAL INTELLIGENCE,,GEN,7,718,701
IIT Ropar,M.TECH ARTIFICIAL INTELLIGENCE,,OBC,7,648,647
IIT Ropar,M.TECH ARTIFICIAL INTELLIGENCE,,SC,7,493,485
IIT Ropar,M.TECH ARTIFICIAL INTELLIGENCE,,ST,7,390,375
IIT Ropar,M.TECH ARTIFICIAL INTELLIGENCE,,EWS,7,677,672
IIT Ropar,M.TECH COMPUTER SCIENCE ENGINEERING,,GEN,7,724,718
IIT Ropar,M.TECH COMPUTER SCIENCE ENGINEERING,,OBC,7,681,658
IIT Ropar,M.TECH COMPUTER SCIENCE ENGINEERING,,SC,7,552,539
IIT Ropar,M.TECH COMPUTER SCIENCE ENGINEERING,,EWS,7,688,675
IIT Ropar,M.TECH CIVIL ENGINEERING (SPECIALIZATION IN STRUCTURAL ENGINEERING AND GEOMECHANICS),,GEN,7,503,484
IIT Ropar,M.TECH CIVIL ENGINEERING (SPECIALIZATION IN STRUCTURAL ENGINEERING AND GEOMECHANICS),,SC,7,393,307
IIT Ropar,M.TECH CIVIL ENGINEERING (SPECIALIZATION IN STRUCTURAL ENGINEERING AND GEOMECHANICS),,EWS,7,412,393
IIT Ropar,M.TECH CIVIL ENGINEERING (SPECIALIZATION IN WATER RESOURCES AND ENVIRONMENT),,GEN,7,423,409
IIT Ropar,M.TECH CIVIL ENGINEERING (SPECIALIZATION IN WATER RESOURCES AND ENVIRONMENT),,OBC,7,385,359
IIT Ropar,M.TECH CIVIL ENGINEERING (SPECIALIZATION IN WATER RESOURCES AND ENVIRONMENT),,SC,7,315,306
IIT Ropar,M.TECH CIVIL ENGINEERING (SPECIALIZATION IN WATER RESOURCES AND ENVIRONMENT),,ST,7,291,287
IIT Ropar,M.TECH CIVIL ENGINEERING (SPECIALIZATION IN WATER RESOURCES AND ENVIRONMENT),,EWS,7,378,340
IIT Ropar,M.TECH BIOMEDICAL ENGINEERING,,GEN,7,513,487
IIT Ropar,M.TECH BIOMEDICAL ENGINEERING,,OBC,7,434,419
IIT Ropar,M.TECH BIOMEDICAL ENGINEERING,,SC,7,303,271
IIT Ropar,M.TECH CHEMICAL ENGINEERING METALLURGICAL AND MATERIALS ENGINEERING,,GEN,7,369,325
IIT Ropar,M.TECH CHEMICAL ENGINEERING METALLURGICAL AND MATERIALS ENGINEERING,,OBC,7,345,310
IIT Ropar,M.TECH CHEMICAL ENGINEERING METALLURGICAL AND MATERIALS ENGINEERING,,SC,7,262,247
IIT Ropar,M.TECH CHEMICAL ENGINEERING METALLURGICAL AND MATERIALS ENGINEERING,,EWS,7,315,315
IIT Ropar,M.TECH MECHANICAL ENGINEERING (SPECIALIZATION IN THERMAL & FLUIDS ENGINEERING),,GEN,8,435,424
IIT Ropar,M.TECH MECHANICAL ENGINEERING (SPECIALIZATION IN MANUFACTURING ENGINEERING),,GEN,8,366,359
IIT Ropar,M.TECH MECHANICAL ENGINEERING (SPECIALIZATION IN MECHANICS AND,,GEN,8,466,456
IIT Ropar,M.TECH MECHANICAL ENGINEERING (SPECIALIZATION IN MECHANICS AND,,OBC,8,452,445
IIT Ropar,M.TECH MECHANICAL ENGINEERING (SPECIALIZATION IN MECHANICS AND,,SC,8,273,232
IIT Ropar,M.TECH MECHANICAL ENGINEERING (SPECIALIZATION IN MECHANICS AND,,EWS,8,445,432
IIT Ropar,M.TECH MECHANICAL ENGINEERING (SPECIALIZATION IN COMPUTATIONAL MECHANICS),,GEN,8,414,404
IIT Ropar,M.TECH ELECTRICAL ENGINEERING( SPECIALIZATION IN POWER ENGINEERING),,GEN,8,459,452
IIT Ropar,M.TECH ELECTRICAL ENGINEERING( SPECIALIZATION IN POWER ENGINEERING),,OBC,8,429,401
IIT Ropar,M.TECH ELECTRICAL ENGINEERING (SPECIALIZATION IN COMMUNICATION AND SIGNAL PROCESSING),,GEN,8,479,463
IIT Ropar,M.TECH ELECTRICAL ENGINEERING (SPECIALIZATION IN COMMUNICATION AND SIGNAL PROCESSING),,SC,8,340,334
IIT Ropar,M.TECH ELECTRICAL ENGINEERING (SPECIALIZATION IN MICROELECTRONICS & DESIGN),,GEN,8,534,530
IIT Ropar,M.TECH ARTIFICIAL INTELLIGENCE,,GEN,8,698,693
IIT Ropar,M.TECH ARTIFICIAL INTELLIGENCE,,EWS,8,664,660
IIT Ropar,M.TECH MECHANICAL ENGINEERING (SPECIALIZATION IN THERMAL & FLUIDS ENGINEERING),,GEN,9,421,390
IIT Ropar,M.TECH MECHANICAL ENGINEERING (SPECIALIZATION IN MANUFACTURING ENGINEERING),,GEN,9,355,349
IIT Ropar,M.TECH MECHANICAL ENGINEERING (SPECIALIZATION IN MECHANICS AND DESIGN),,GEN,9,456,438
IIT Ropar,M.TECH ELECTRICAL ENGINEERING( SPECIALIZATION IN POWER,,GEN,9,452,445
IIT Ropar,M.TECH ELECTRICAL ENGINEERING( SPECIALIZATION IN POWER,,OBC,9,398,389
IIT Ropar,M.TECH ELECTRICAL ENGINEERING (SPECIALIZATION IN COMMUNICATION SIGNAL PROCESSING),,GEN,9,463,454
IIT Ropar,M.TECH ELECTRICAL ENGINEERING (SPECIALIZATION IN COMMUNICATION SIGNAL PROCESSING),,OBC,9,448,440
IIT Ropar,M.TECH ELECTRICAL ENGINEERING (SPECIALIZATION IN COMMUNICATION SIGNAL PROCESSING),,SC,9,320,310
IIT Ropar,M.TECH ELECTRICAL ENGINEERING (SPECIALIZATION IN COMMUNICATION SIGNAL PROCESSING),,EWS,9,405,397
IIT Ropar,M.TECH ELECTRICAL ENGINEERING (SPECIALIZATION IN MICROELECTRONICS VLSI DESIGN),,GEN,9,530,529
IIT Ropar,M.TECH ARTIFICIAL INTELLIGENCE,,GEN,9,693,681
IIT Ropar,M.TECH ARTIFICIAL INTELLIGENCE,,OBC,9,643,638
IIT Ropar,M.TECH ARTIFICIAL INTELLIGENCE,,EWS,9,658,655
IIT Ropar,M.TECH COMPUTER SCIENCE & ENGINEERING,,GEN,9,711,702
IIT Ropar,M.TECH COMPUTER SCIENCE & ENGINEERING,,OBC,9,656,652
IIT Ropar,M.TECH COMPUTER SCIENCE & ENGINEERING,,SC,9,535,526
IIT Ropar,M.TECH COMPUTER SCIENCE & ENGINEERING,,EWS,9,671,664
IIT Ropar,M.TECH CIVIL ENGINEERING (SPECIALIZATION IN STRUCTURAL ENGINEERING AND GEOMECHANICS),,GEN,9,454,454
IIT Ropar,M.TECH CIVIL ENGINEERING(SPECIALIZATION IN RESOURCES AND ENVIRONMENT),,GEN,9,404,400
IIT Ropar,M.TECH BIOMEDICAL ENGINEERING,,OBC,9,398,398
IIT Ropar,M.TECH BIOMEDICAL ENGINEERING,,EWS,9,419,415
IIT Ropar,M.TECH MECHANICAL ENGINEERING (SPECIALIZATION IN THERMAL & ENGINEERING),,GEN,10,390,390
IIT Ropar,M.TECH MECHANICAL ENGINEERING (SPECIALIZATION IN MANUFACTURING ENGINEERING),,GEN,10,355,349
IIT Ropar,M.TECH MECHANICAL ENGINEERING (SPECIALIZATION IN MECHANICS AND DESIGN),,GEN,10,434,432
IIT Ropar,M.TECH ELECTRICAL ENGINEERING (SPECIALIZATION IN COMMUNICATION AND SIGNAL PROCESSING),,GEN,10,452,448
IIT Ropar,M.TECH ELECTRICAL ENGINEERING (SPECIALIZATION IN COMMUNICATION AND SIGNAL PROCESSING),,OBC,10,440,436
IIT Ropar,M.TECH ELECTRICAL ENGINEERING (SPECIALIZATION IN COMMUNICATION AND SIGNAL PROCESSING),,EWS,10,362,338
IIT Ropar,M.TECH ELECTRICAL ENGINEERING (SPECIALIZATION IN MICROELECTRONICS & VLSI DESIGN),,GEN,10,522,510
IIT Ropar,M.TECH ARTIFICIAL INTELLIGENCE,,GEN,10,678,678
IIT Ropar,M.TECH COMPUTER SCIENCE & ENGINEERING,,GEN,10,702,701
IIT Ropar,M.TECH COMPUTER SCIENCE & ENGINEERING,,OBC,10,651,647
IIT Ropar,M.TECH COMPUTER SCIENCE & ENGINEERING,,SC,10,519,510
IIT Ropar,M.TECH CIVIL ENGINEERING (SPECIALIZATION IN STRUCTURAL ENGINEERING AND GEOMECHANICS),,GEN,10,454,449
IIT Ropar,M.TECH CIVIL ENGINEERING(SPECIALIZATION IN WATER RESOURCES AND,,SC,10,302,292
IIT Ropar,M.TECH CHEMICAL ENGINEERING METALLURGICAL AND MATERIALS ENGINEERING,,SC,10,209,184
IIT Kharagpur,AG3,,GEN,0,644,644
IIT Kharagpur,AG3,,EWS,0,548,548
IIT Kharagpur,AG3,,OBC,0,518,518
IIT Kharagpur,AG3,,SC,0,428,428
IIT Kharagpur,AG3,,ST,0,368,368
IIT Kharagpur,AI,,GEN,0,764,764
IIT Kharagpur,AI,,EWS,0,747,747
IIT Kharagpur,AI,,OBC,0,708,708
IIT Kharagpur,AI,,SC,0,589,589
IIT Kharagpur,AI,,ST,0,436,436
IIT Kharagpur,BT,,GEN,0,663,663
IIT Kharagpur,BT,,EWS,0,435,435
IIT Kharagpur,BT,,OBC,0,598,598
IIT Kharagpur,BT,,SC,0,337,337
IIT Kharagpur,BT,,ST,0,174,174
IIT Kharagpur,EE5,,GEN,0,551,551
IIT Kharagpur,EE5,,EWS,0,496,496
IIT Kharagpur,EE5,,OBC,0,441,441
IIT Kharagpur,EE5,,SC,0,342,342
IIT Kharagpur,EE5,,ST,0,291,291
IIT Kharagpur,ES,,GEN,0,552,552
IIT Kharagpur,ES,,EWS,0,468,468
IIT Kharagpur,ES,,OBC,0,428,428
IIT Kharagpur,ES,,SC,0,324,324
IIT Kharagpur,ES,,ST,0,220,220
IIT Kharagpur,MA,,GEN,0,533,533
IIT Kharagpur,MA,,EWS,0,337,337
IIT Kharagpur,MA,,OBC,0,297,297
IIT Kharagpur,MA,,SC,0,265,265
IIT Kharagpur,MA,,ST,0,198,198
IIT Kharagpur,ME1,,GEN,0,539,539
IIT Kharagpur,ME1,,EWS,0,404,404
IIT Kharagpur,ME1,,OBC,0,525,525
IIT Kharagpur,ME1,,SC,0,366,366
IIT Kharagpur,ME1,,ST,0,266,266
IIT Kharagpur,ME2,,GEN,0,570,570
IIT Kharagpur,ME2,,EWS,0,452,452
IIT Kharagpur,ME2,,OBC,0,542,542
IIT Kharagpur,ME2,,SC,0,380,380
IIT Kharagpur,ME2,,ST,0,376,376
IIT Kharagpur,RE1,,GEN,0,596,596
IIT Kharagpur,RE1,,EWS,0,522,522
IIT Kharagpur,RE1,,OBC,0,502,502
IIT Kharagpur,RE1,,SC,0,411,411
IIT Kharagpur,RE1,,ST,0,327,327
IIT Kharagpur,RT,,GEN,0,463,463
IIT Kharagpur,RT,,EWS,0,313,313
IIT Kharagpur,RT,,OBC,0,310,310
IIT Kharagpur,RT,,SC,0,237,237
IIT Kharagpur,RT,,ST,0,227,227
IIT BHU,Ceramic Engineering Ceramic Engineering CR,,GEN,0,200,200
IIT BHU,Ceramic Engineering Ceramic Engineering CR,,OBC,0,200,200
IIT BHU,Ceramic Engineering Ceramic Engineering CR,,SC,0,180,180
IIT BHU,Ceramic Engineering Ceramic Engineering CR,,ST,0,180,180
IIT BHU,Ceramic Engineering Ceramic Engineering CR,,EWS,0,200,200
IIT BHU,Chemical Engineering Chemical Engineering CH,,GEN,0,389,389
IIT BHU,Chemical Engineering Chemical Engineering CH,,OBC,0,403,403
IIT BHU,Chemical Engineering Chemical Engineering CH,,SC,0,271,271
IIT BHU,Chemical Engineering Chemical Engineering CH,,ST,0,232,232
IIT BHU,Chemical Engineering Chemical Engineering CH,,EWS,0,384,384
IIT BHU,a) Hydraulics & Water Resources Engg. CE-HWR,,GEN,0,542,542
IIT BHU,c) Structural Engineering CE-SE,,GEN,0,579,579
IIT BHU,c) Structural Engineering CE-SE,,OBC,0,577,577
IIT BHU,c) Structural Engineering CE-SE,,SC,0,434,434
IIT BHU,c) Structural Engineering CE-SE,,ST,0,344,344
IIT BHU,Civil Engineering d) Environmental Engineering CE-EE,,GEN,0,498,498
IIT BHU,Civil Engineering d) Environmental Engineering CE-EE,,OBC,0,487,487
IIT BHU,Civil Engineering d) Environmental Engineering CE-EE,,SC,0,363,363
IIT BHU,Civil Engineering d) Environmental Engineering CE-EE,,EWS,0,450,450
IIT BHU,e) Transportation Engineering CE-TE,,GEN,0,598,598
IIT BHU,e) Transportation Engineering CE-TE,,OBC,0,487,487
IIT BHU,e) Transportation Engineering CE-TE,,SC,0,428,428
IIT BHU,f) Geoinformatics Engineering CE-GEO,,GEN,0,567,567
IIT BHU,f) Geoinformatics Engineering CE-GEO,,SC,0,384,384
IIT BHU,a) Artificial Intelligence (AI) CS-AI CS IT and DA,,GEN,0,772,772
IIT BHU,a) Artificial Intelligence (AI) CS-AI CS IT and DA,,OBC,0,721,721
IIT BHU,a) Artificial Intelligence (AI) CS-AI CS IT and DA,,SC,0,569,569
IIT BHU,b) Internet of Things (IoT) CS-IOT CS IT and DA,,GEN,0,757,757
IIT BHU,b) Internet of Things (IoT) CS-IOT CS IT and DA,,OBC,0,706,706
IIT BHU,b) Internet of Things (IoT) CS-IOT CS IT and DA,,SC,0,564,564
IIT BHU,a) Machine Design ME-MD ME,,GEN,0,467,467
IIT BHU,a) Machine Design ME-MD ME,,OBC,0,521,521
IIT BHU,a) Machine Design ME-MD ME,,SC,0,394,394
IIT BHU,a) Machine Design ME-MD ME,,ST,0,269,269
IIT BHU,a) Machine Design ME-MD ME,,EWS,0,395,395
IIT BHU,Mechanical Engineering b) Thermal & Fluid Engineering ME-TFE ME,,GEN,0,387,387
IIT BHU,Mechanical Engineering b) Thermal & Fluid Engineering ME-TFE ME,,OBC,0,321,321
IIT BHU,Mechanical Engineering b) Thermal & Fluid Engineering ME-TFE ME,,SC,0,349,349
IIT BHU,Mechanical Engineering b) Thermal & Fluid Engineering ME-TFE ME,,EWS,0,321,321
IIT BHU,c) Production Engineering ME-PE ME/PI,,GEN,0,250,250
IIT BHU,c) Production Engineering ME-PE ME/PI,,SC,0,231,231
IIT BHU,"a) Extractive Metallurgy MT-EM MT,Ph. XE,ME, PI",,GEN,0,362,362
IIT BHU,"a) Extractive Metallurgy MT-EM MT,Ph. XE,ME, PI",,OBC,0,323,323
IIT BHU,"a) Extractive Metallurgy MT-EM MT,Ph. XE,ME, PI",,SC,0,288,288
IIT BHU,"a) Extractive Metallurgy MT-EM MT,Ph. XE,ME, PI",,ST,0,222,222
IIT BHU,"a) Extractive Metallurgy MT-EM MT,Ph. XE,ME, PI",,EWS,0,342,342
IIT BHU,"b) Alloy Technology MT-AT XE,PE, PI",,GEN,0,360,360
IIT BHU,"b) Alloy Technology MT-AT XE,PE, PI",,OBC,0,331,331
IIT BHU,"b) Alloy Technology MT-AT XE,PE, PI",,SC,0,187,187
IIT BHU,a) Mine Environment MN-ME MN,,GEN,0,515,515
IIT BHU,a) Mine Environment MN-ME MN,,OBC,0,476,476
IIT BHU,a) Mine Environment MN-ME MN,,SC,0,389,389
IIT BHU,a) Mine Environment MN-ME MN,,EWS,0,399,399
IIT BHU,Mining Engineering b) Rock Mechanics MN-RM MN,,GEN,0,438,438
IIT BHU,Mining Engineering b) Rock Mechanics MN-RM MN,,OBC,0,471,471
IIT BHU,Mining Engineering b) Rock Mechanics MN-RM MN,,SC,0,385,385
IIT BHU,Mining Engineering b) Rock Mechanics MN-RM MN,,ST,0,361,361
IIT BHU,Mining Engineering b) Rock Mechanics MN-RM MN,,EWS,0,361,361
IIT BHU,c) Mine Planning MN-MP MN,,GEN,0,500,500
IIT BHU,c) Mine Planning MN-MP MN,,OBC,0,529,529
IIT BHU,c) Mine Planning MN-MP MN,,SC,0,433,433
IIT BHU,c) Mine Planning MN-MP MN,,ST,0,351,351
IIT BHU,c) Mine Planning MN-MP MN,,EWS,0,457,457
IIT BHU,a) Power Systems EE-PS,,GEN,0,539,539
IIT BHU,a) Power Systems EE-PS,,OBC,0,492,492
IIT BHU,a) Power Systems EE-PS,,SC,0,413,413
IIT BHU,a) Power Systems EE-PS,,ST,0,328,328
IIT BHU,b) Electrical Machines and Drives EE-EMD,,GEN,0,567,567
IIT BHU,b) Electrical Machines and Drives EE-EMD,,OBC,0,508,508
IIT BHU,b) Electrical Machines and Drives EE-EMD,,SC,0,433,433
IIT BHU,b) Electrical Machines and Drives EE-EMD,,ST,0,303,303
IIT BHU,c) Control Systems EE-CS,,GEN,0,547,547
IIT BHU,c) Control Systems EE-CS,,OBC,0,515,515
IIT BHU,c) Control Systems EE-CS,,SC,0,405,405
IIT BHU,c) Control Systems EE-CS,,ST,0,267,267
IIT BHU,d) Power Electronics EE-PE,,GEN,0,622,622
IIT BHU,d) Power Electronics EE-PE,,OBC,0,531,531
IIT BHU,d) Power Electronics EE-PE,,SC,0,441,441
IIT BHU,d) Power Electronics EE-PE,,ST,0,366,366
IIT BHU,b) Communication System Engg. EC-COMM EC,,OBC,0,553,553
IIT BHU,b) Communication System Engg. EC-COMM EC,,SC,0,360,360
IIT BHU,b) Communication System Engg. EC-COMM EC,,ST,0,280,280
IIT BHU,Electronics Engineering c) Microelectronics EC-MICR EC,,GEN,0,655,655
IIT BHU,Electronics Engineering c) Microelectronics EC-MICR EC,,OBC,0,616,616
IIT BHU,Electronics Engineering c) Microelectronics EC-MICR EC,,SC,0,495,495
IIT BHU,Electronics Engineering c) Microelectronics EC-MICR EC,,ST,0,346,346
IIT BHU,Electronics Engineering c) Microelectronics EC-MICR EC,,EWS,0,620,620
IIT BHU,d) Digital Systems Engg. EC-DISE EC,,GEN,0,612,612
IIT BHU,d) Digital Systems Engg. EC-DISE EC,,OBC,0,596,596
IIT BHU,d) Digital Systems Engg. EC-DISE EC,,SC,0,420,420
IIT BHU,d) Digital Systems Engg. EC-DISE EC,,ST,0,315,315
IIT BHU,d) Digital Systems Engg. EC-DISE EC,,EWS,0,600,600
IIT BHU,e) VLSI Architecture & Chip Design EC-VACD EC,,GEN,0,604,604
IIT BHU,e) VLSI Architecture & Chip Design EC-VACD EC,,OBC,0,642,642
IIT BHU,e) VLSI Architecture & Chip Design EC-VACD EC,,SC,0,534,534
IIT BHU,e) VLSI Architecture & Chip Design EC-VACD EC,,ST,0,377,377
IIT BHU,e) VLSI Architecture & Chip Design EC-VACD EC,,EWS,0,616,616
IIT BHU,Decision Sciences and Engineering Decision Sciences and Engineering DE ANY GATE PAPER,,GEN,0,380,380
IIT BHU,Decision Sciences and Engineering Decision Sciences and Engineering DE ANY GATE PAPER,,OBC,0,504,504
IIT BHU,Decision Sciences and Engineering Decision Sciences and Engineering DE ANY GATE PAPER,,SC,0,417,417
IIT BHU,Decision Sciences and Engineering Decision Sciences and Engineering DE ANY GATE PAPER,,ST,0,254,254
IIT BHU,Decision Sciences and Engineering Decision Sciences and Engineering DE ANY GATE PAPER,,EWS,0,563,563
IIT BHU,Systems Engineering Systems Engineering SE,,GEN,0,536,536
IIT BHU,Systems Engineering Systems Engineering SE,,OBC,0,448,448
IIT BHU,Systems Engineering Systems Engineering SE,,SC,0,284,284
IIT BHU,Systems Engineering Systems Engineering SE,,ST,0,337,337
IIT BHU,Systems Engineering Systems Engineering SE,,EWS,0,492,492
IIT BHU,"Materials Science and Technology Materials Science and Technology MS ME, EE, PH, PI, CE,",,GEN,0,370,370
IIT BHU,"Materials Science and Technology Materials Science and Technology MS ME, EE, PH, PI, CE,",,OBC,0,323,323
IIT BHU,"Materials Science and Technology Materials Science and Technology MS ME, EE, PH, PI, CE,",,SC,0,213,213
IIT BHU,"Materials Science and Technology Materials Science and Technology MS ME, EE, PH, PI, CE,",,EWS,0,393,393
IIT BHU,Biochemical Engineering Biochemical Engineering BC,,GEN,0,578,578
IIT BHU,Biochemical Engineering Biochemical Engineering BC,,OBC,0,513,513
IIT BHU,Biochemical Engineering Biochemical Engineering BC,,SC,0,324,324
IIT BHU,Biochemical Engineering Biochemical Engineering BC,,EWS,0,560,560
IIT BHU,Biomedical Engineering Biomedical Engineering BM,,GEN,0,444,444
IIT BHU,Biomedical Engineering Biomedical Engineering BM,,OBC,0,368,368
IIT BHU,Biomedical Engineering Biomedical Engineering BM,,SC,0,256,256
IIT BHU,Biomedical Engineering Biomedical Engineering BM,,ST,0,283,283
IIT BHU,Biomedical Engineering Biomedical Engineering BM,,EWS,0,451,451
IIT BHU,with specialization in Medical BBMD,,GEN,0,366,366
IIT BHU,with specialization in Medical BBMD,,OBC,0,319,319
IIT BHU,with specialization in Medical BBMD,,SC,0,186,186
IIT BHU,with specialization in Medical BBMD,,EWS,0,311,311
